entry_time,exit_time,symbol,strategy,regime,conf,return_pct
2021-09-23 21:15:00,2021-09-24 19:00:00,XTZUSDT,swing,Bull,0.2893,-9.5964
2021-11-13 15:30:00,2021-11-16 15:30:00,XTZUSDT,swing,Bear,0.4974,8.2546
2021-11-30 06:30:00,2021-11-30 15:45:00,XTZUSDT,diplong,Bull,0.1407,2.7439
2021-12-12 21:45:00,2021-12-14 03:00:00,XTZUSDT,swing,Bull,0.4973,2.6357
2021-12-22 14:15:00,2021-12-25 00:30:00,XTZUSDT,diplong,Bull,0.1442,4.6139
2022-01-26 00:30:00,2022-01-26 01:30:00,XTZUSDT,grid,Bull,0.2594,1.6047
2022-02-07 08:15:00,2022-02-07 10:15:00,YGGUSDT,grid,Bull,0.0104,1.4194
2022-02-15 17:30:00,2022-02-18 17:30:00,XTZUSDT,swing,Bull,0.4974,11.7098
2022-02-23 13:30:00,2022-02-24 20:00:00,XTZUSDT,swing,Bull,0.4974,4.5986
2022-02-26 10:45:00,2022-02-28 14:30:00,XTZUSDT,swing,Bull,0.4922,2.5926
2022-03-02 00:30:00,2022-03-05 00:30:00,XTZUSDT,swing,Bull,0.4974,12.5460
2022-03-02 18:15:00,2022-03-02 21:15:00,YGGUSDT,grid,Bull,0.0102,1.4497
2022-03-09 10:45:00,2022-03-10 08:30:00,XTZUSDT,swing,Bull,0.4974,2.7519
2022-03-23 20:15:00,2022-03-24 17:45:00,XTZUSDT,diplong,Bull,0.1442,2.3779
2022-04-14 22:45:00,2022-04-19 13:45:00,XTZUSDT,ripshort,Bear,0.0000,-3.8846
2022-05-04 07:15:00,2022-05-04 19:00:00,XTZUSDT,ripshort,Bear,0.0000,-4.6592
2022-05-13 07:45:00,2022-05-16 07:15:00,EGLDUSDT,swing,Bear,0.3975,-6.7350
2022-05-13 08:00:00,2022-05-16 07:15:00,THETAUSDT,swing,Bear,0.4973,5.2283
2022-05-20 06:30:00,2022-05-20 08:30:00,FLOWUSDT,grid,Bull,0.0103,1.8448
2022-05-26 17:00:00,2022-05-30 02:15:00,XTZUSDT,ripshort,Bear,0.0000,-7.1858
2022-06-06 00:45:00,2022-06-06 19:15:00,XTZUSDT,swing_long,Bull,0.1647,2.4192
2022-06-06 20:15:00,2022-06-07 04:00:00,ZECUSDT,swing,Bull,0.4974,2.0134
2022-06-09 10:00:00,2022-06-12 09:30:00,DASHUSDT,swing,Ranging,0.4974,18.2538
2022-06-10 11:30:00,2022-06-13 11:15:00,KAVAUSDT,swing,Ranging,0.4974,38.1601
2022-06-14 11:00:00,2022-06-15 20:30:00,EGLDUSDT,swing,Bear,0.3975,-12.7187
2022-06-15 20:00:00,2022-06-18 19:15:00,KAVAUSDT,swing,Bear,0.4974,12.3545
2022-06-16 00:30:00,2022-06-18 23:45:00,ZECUSDT,swing,Bear,0.4974,13.0606
2022-06-16 01:45:00,2022-06-19 01:00:00,CELOUSDT,swing,Bear,0.4974,14.8249
2022-06-16 02:30:00,2022-06-16 13:00:00,YGGUSDT,swing,Bear,0.3929,2.4196
2022-06-16 03:30:00,2022-06-17 06:45:00,DASHUSDT,swing,Bear,0.4974,2.5690
2022-06-16 03:30:00,2022-06-17 07:15:00,XTZUSDT,swing,Bear,0.4974,2.4336
2022-06-17 02:30:00,2022-06-20 02:15:00,YGGUSDT,swing,Bear,0.3929,12.1452
2022-06-17 03:45:00,2022-06-19 12:00:00,EGLDUSDT,swing,Bear,0.3975,2.2659
2022-06-17 08:00:00,2022-06-19 10:15:00,DASHUSDT,swing,Bear,0.4974,2.6158
2022-06-17 09:45:00,2022-06-19 20:15:00,XTZUSDT,swing,Bear,0.4974,2.3976
2022-06-17 20:45:00,2022-06-21 05:45:00,XTZUSDT,ripshort,Bear,0.0000,-6.9994
2022-06-18 16:45:00,2022-06-19 10:15:00,ALICEUSDT,swing,Bear,0.4974,-9.7131
2022-06-19 10:00:00,2022-06-19 17:30:00,ZECUSDT,swing,Bear,0.4974,-9.2499
2022-06-19 16:30:00,2022-06-20 10:15:00,ALICEUSDT,swing,Bear,0.4973,-9.1747
2022-06-19 18:45:00,2022-06-20 08:15:00,THETAUSDT,swing,Bear,0.4974,-9.8770
2022-06-19 20:15:00,2022-06-22 00:00:00,XTZUSDT,swing_long,Bear,0.1647,2.4612
2022-06-22 12:00:00,2022-06-24 11:00:00,XTZUSDT,ripshort,Bear,0.0000,-9.4145
2022-06-24 16:00:00,2022-06-25 12:00:00,XTZUSDT,diplong,Bull,0.1390,2.6540
2022-06-27 11:30:00,2022-06-30 11:15:00,THETAUSDT,swing,Ranging,0.4974,18.9780
2022-06-28 22:15:00,2022-07-05 14:15:00,THETAUSDT,ripshort,Bear,0.0000,8.5352
2022-06-29 15:15:00,2022-07-04 17:15:00,XTZUSDT,ripshort,Bear,0.0000,-3.4946
2022-07-03 01:30:00,2022-07-05 08:30:00,XTZUSDT,diplong,Bear,0.1442,2.6049
2022-07-05 16:45:00,2022-07-07 14:00:00,XTZUSDT,ripshort,Bull,0.0000,-8.9260
2022-07-05 16:45:00,2022-07-07 16:15:00,THETAUSDT,ripshort,Bull,0.0000,-8.9931
2022-07-07 21:15:00,2022-07-09 11:30:00,XTZUSDT,swing_long,Bull,0.1645,2.3510
2022-07-07 23:15:00,2022-07-09 12:30:00,XTZUSDT,diplong,Bull,0.1438,2.3833
2022-07-09 16:00:00,2022-07-12 15:15:00,EGLDUSDT,swing,Bull,0.3975,10.2617
2022-07-09 22:45:00,2022-07-12 22:45:00,ZECUSDT,swing,Bull,0.4974,14.6501
2022-07-10 07:00:00,2022-07-13 06:30:00,DASHUSDT,swing,Bull,0.4973,12.4330
2022-07-10 09:30:00,2022-07-14 17:30:00,THETAUSDT,ripshort,Bull,0.0000,5.8612
2022-07-12 16:00:00,2022-07-16 16:00:00,XTZUSDT,ripshort,Bear,0.0000,-6.2259
2022-07-13 12:45:00,2022-07-13 16:30:00,ALICEUSDT,swing,Bear,0.4921,-4.9423
2022-07-16 12:00:00,2022-07-17 06:30:00,THETAUSDT,ripshort,Bull,0.0000,-5.7030
2022-07-23 05:45:00,2022-07-26 05:15:00,MASKUSDT,swing,Bull,0.3402,9.4829
2022-07-23 09:00:00,2022-07-26 08:30:00,ALICEUSDT,swing,Bear,0.4974,12.2035
2022-08-06 12:30:00,2022-08-08 15:15:00,XTZUSDT,swing_long,Bull,0.1647,2.2006
2022-08-07 15:30:00,2022-08-10 12:45:00,YGGUSDT,swing,Ranging,0.3908,2.6151
2022-08-08 20:15:00,2022-08-10 12:30:00,EGLDUSDT,swing,Bull,0.3954,2.4188
2022-08-08 21:15:00,2022-08-10 13:15:00,KNCUSDT,swing,Bull,0.2393,1.9520
2022-08-09 22:45:00,2022-08-11 07:00:00,XTZUSDT,ripshort,Bear,0.0000,-8.6867
2022-08-10 00:45:00,2022-08-11 14:00:00,ALICEUSDT,ripshort,Bear,0.0000,-9.6735
2022-08-10 22:15:00,2022-08-11 14:30:00,XTZUSDT,swing_long,Bull,0.1647,2.1530
2022-08-24 07:45:00,2022-08-27 07:00:00,CELOUSDT,swing,Ranging,0.4974,8.2496
2022-08-24 13:15:00,2022-08-27 12:30:00,XTZUSDT,swing,Ranging,0.4974,8.1591
2022-08-25 09:30:00,2022-08-28 09:15:00,KAVAUSDT,swing,Bull,0.4961,9.6148
2022-09-04 06:30:00,2022-09-07 06:30:00,FLOWUSDT,swing,Ranging,0.4974,8.5941
2022-09-05 03:15:00,2022-09-07 20:15:00,EGLDUSDT,swing,Ranging,0.2021,1.4155
2022-09-11 03:15:00,2022-09-11 09:15:00,XTZUSDT,diplong,Bull,0.1442,1.8239
2022-09-16 16:30:00,2022-09-19 11:30:00,XTZUSDT,swing,Bear,0.4974,2.7266
2022-09-16 22:00:00,2022-09-19 22:00:00,CELOUSDT,swing,Bear,0.4972,3.4216
2022-09-16 23:45:00,2022-09-19 19:00:00,WOOUSDT,swing,Bear,0.4973,2.7055
2022-09-17 01:00:00,2022-09-20 00:30:00,FLOWUSDT,swing,Bear,0.2982,4.9230
2022-09-17 05:45:00,2022-09-19 14:30:00,THETAUSDT,swing,Bear,0.4974,2.2831
2022-09-17 06:45:00,2022-09-20 01:15:00,KAVAUSDT,swing,Bear,0.2500,2.3350
2022-09-20 17:15:00,2022-09-22 02:00:00,MASKUSDT,swing,Bear,0.2455,3.0152
2022-09-20 17:15:00,2022-09-22 02:30:00,DASHUSDT,swing,Bear,0.3589,2.2038
2022-09-21 19:30:00,2022-09-22 02:00:00,WOOUSDT,swing,Bear,0.3589,2.6530
2022-09-27 23:30:00,2022-10-04 12:00:00,XTZUSDT,ripshort,Bear,0.0000,-0.1661
2022-09-27 23:30:00,2022-10-04 15:15:00,THETAUSDT,ripshort,Bear,0.0000,1.0126
2022-10-05 06:30:00,2022-10-05 07:30:00,PEOPLEUSDT,grid,Bull,0.0104,-1.2531
2022-10-24 10:45:00,2022-10-26 03:15:00,DASHUSDT,ripshort,Bull,0.0000,-4.9516
2022-11-02 12:00:00,2022-11-04 22:30:00,XTZUSDT,ripshort,Ranging,0.0000,-3.6757
2022-11-05 23:15:00,2022-11-08 22:30:00,PEOPLEUSDT,swing,Bull,0.4974,32.6569
2022-11-06 16:00:00,2022-11-09 15:30:00,ALICEUSDT,swing,Bull,0.4974,31.9296
2022-11-10 15:45:00,2022-11-11 07:15:00,PEOPLEUSDT,swing,Bear,0.4974,-13.5567
2022-11-10 15:45:00,2022-11-13 12:15:00,WAVESUSDT,swing,Bear,0.3942,2.4950
2022-11-10 15:45:00,2022-11-13 15:30:00,ALICEUSDT,swing,Bear,0.4972,7.2121
2022-11-10 17:15:00,2022-11-11 07:45:00,YGGUSDT,swing,Bear,0.3929,2.3428
2022-11-10 17:45:00,2022-11-13 17:15:00,EGLDUSDT,swing,Bear,0.3975,5.4939
2022-11-10 22:00:00,2022-11-13 21:30:00,FLOWUSDT,swing,Bear,0.4973,10.1094
2022-11-10 22:15:00,2022-11-13 21:45:00,ZECUSDT,swing,Bear,0.4973,-2.1541
2022-11-10 23:30:00,2022-11-11 18:00:00,KNCUSDT,swing,Bear,0.2401,2.4335
2022-11-10 23:30:00,2022-11-11 23:45:00,WOOUSDT,swing,Bear,0.4974,2.4450
2022-11-11 00:15:00,2022-11-13 23:30:00,XTZUSDT,swing,Bear,0.4974,12.1402
2022-11-11 10:30:00,2022-11-12 10:00:00,MASKUSDT,swing,Bear,0.3402,-1.8259
2022-11-11 10:45:00,2022-11-14 10:15:00,YGGUSDT,swing,Bear,0.3927,15.6443
2022-11-12 00:15:00,2022-11-13 13:30:00,KNCUSDT,swing,Bear,0.2399,2.4975
2022-11-12 11:15:00,2022-11-13 13:15:00,MASKUSDT,swing,Bear,0.3400,1.7313
2022-11-13 13:00:00,2022-11-14 13:15:00,WAVESUSDT,swing,Bear,0.3897,2.5646
2022-11-13 14:30:00,2022-11-14 07:45:00,KNCUSDT,swing,Bear,0.2401,2.5608
2022-11-17 09:15:00,2022-11-24 00:00:00,THETAUSDT,ripshort,Bear,0.0000,-0.8020
2022-11-22 14:00:00,2022-11-23 13:45:00,XTZUSDT,swing_long,Bear,0.1641,2.1397
2022-11-25 20:00:00,2022-11-30 19:15:00,XTZUSDT,ripshort,Ranging,0.0000,-3.3451
2022-11-27 14:45:00,2022-11-30 02:15:00,THETAUSDT,swing_long,Ranging,0.2109,-1.7051
2022-11-28 09:15:00,2022-11-30 14:15:00,ZECUSDT,ripshort,Bear,0.0000,-8.2154
2022-11-28 09:45:00,2022-11-30 15:00:00,ALICEUSDT,ripshort,Bear,0.0000,-8.0270
2022-12-07 15:00:00,2022-12-14 06:15:00,YGGUSDT,ripshort,Ranging,0.0000,2.4448
2022-12-07 16:30:00,2022-12-14 08:15:00,MASKUSDT,ripshort,Ranging,0.0000,8.0311
2022-12-08 00:00:00,2022-12-14 00:00:00,ALICEUSDT,ripshort,Bear,0.0000,-1.5943
2022-12-12 22:15:00,2022-12-13 13:30:00,XTZUSDT,ripshort,Ranging,0.0000,-0.2140
2022-12-14 02:00:00,2022-12-17 02:00:00,WAVESUSDT,swing,Bull,0.3944,19.2443
2022-12-14 12:30:00,2022-12-17 12:15:00,KAVAUSDT,swing,Bull,0.4840,17.2710
2023-01-07 07:45:00,2023-01-09 19:15:00,THETAUSDT,swing_long,Bull,0.2109,5.7445
2023-01-08 14:15:00,2023-01-09 18:30:00,XTZUSDT,diplong,Ranging,0.1442,4.8248
2023-01-14 02:00:00,2023-01-16 13:30:00,XTZUSDT,swing_long,Bull,0.1647,6.4999
2023-01-14 06:45:00,2023-01-16 18:15:00,THETAUSDT,swing_long,Bull,0.2109,-2.7493
2023-01-15 13:00:00,2023-01-17 23:30:00,XTZUSDT,diplong,Bull,0.1418,-0.8556
2023-01-16 23:30:00,2023-01-17 00:30:00,PEOPLEUSDT,grid,Bull,0.0104,-0.1934
2023-01-18 18:45:00,2023-01-20 19:45:00,DASHUSDT,ripshort,Bull,0.0000,-7.2830
2023-01-27 16:30:00,2023-01-30 04:15:00,THETAUSDT,swing_long,Bull,0.2109,-1.7478
2023-01-28 07:00:00,2023-01-29 17:30:00,XTZUSDT,diplong,Bull,0.1442,2.2028
2023-01-29 20:00:00,2023-01-29 21:00:00,CELOUSDT,grid,Bull,0.0104,0.6739
2023-01-30 04:00:00,2023-01-30 08:00:00,WAVESUSDT,grid,Bull,0.1634,-1.6336
2023-01-30 06:00:00,2023-01-30 07:00:00,CELOUSDT,grid,Bull,0.0104,-0.4505
2023-01-30 15:15:00,2023-02-02 02:00:00,ZECUSDT,ripshort,Bull,0.0000,-6.9121
2023-01-30 15:45:00,2023-02-02 15:30:00,KAVAUSDT,ripshort,Bull,0.0000,-7.6704
2023-01-31 03:15:00,2023-02-02 00:00:00,CELOUSDT,ripshort,Bear,0.0000,-9.2052
2023-01-31 03:45:00,2023-02-02 16:15:00,THETAUSDT,ripshort,Bear,0.0000,-8.0349
2023-02-01 20:30:00,2023-02-02 21:45:00,THETAUSDT,swing_long,Bull,0.2102,2.2790
2023-02-01 21:15:00,2023-02-02 07:45:00,ALICEUSDT,swing_long,Bull,0.2106,2.6262
2023-02-01 21:15:00,2023-02-02 21:30:00,XTZUSDT,swing_long,Bull,0.1642,2.2452
2023-02-07 15:30:00,2023-02-10 15:00:00,WAVESUSDT,swing,Ranging,0.3944,12.1851
2023-02-08 03:00:00,2023-02-11 02:15:00,MASKUSDT,swing,Bull,0.3396,22.3389
2023-02-08 23:15:00,2023-02-15 14:30:00,PEOPLEUSDT,ripshort,Ranging,0.0000,1.8747
2023-02-09 02:00:00,2023-02-15 13:30:00,MASKUSDT,ripshort,Ranging,0.0000,8.8454
2023-02-10 08:30:00,2023-02-15 12:00:00,THETAUSDT,ripshort,Bear,0.0000,-3.2866
2023-02-15 10:45:00,2023-02-17 22:30:00,XTZUSDT,swing_long,Bull,0.1640,8.2157
2023-02-16 12:45:00,2023-02-18 19:30:00,XTZUSDT,diplong,Bull,0.1442,1.7433
2023-02-18 23:30:00,2023-02-19 02:30:00,XTZUSDT,grid,Bull,0.2584,0.5828
2023-02-19 04:30:00,2023-02-19 05:30:00,XTZUSDT,grid,Bull,0.2563,0.5994
2023-03-01 04:15:00,2023-03-04 04:15:00,WOOUSDT,swing,Ranging,0.4892,11.4017
2023-03-01 09:30:00,2023-03-03 16:00:00,TWTUSDT,swing,Bull,0.0199,2.0936
2023-03-02 21:00:00,2023-03-03 23:00:00,XTZUSDT,swing,Ranging,0.4973,1.9820
2023-03-07 03:15:00,2023-03-10 02:30:00,PEOPLEUSDT,swing,Ranging,0.4974,14.5096
2023-03-07 03:45:00,2023-03-10 03:15:00,YGGUSDT,swing,Ranging,0.3929,19.9930
2023-03-07 05:15:00,2023-03-10 04:45:00,HIGHUSDT,swing,Ranging,0.0199,22.5205
2023-03-08 01:00:00,2023-03-11 00:30:00,BLURUSDT,swing,Bear,0.0199,22.7144
2023-03-18 09:45:00,2023-03-20 19:30:00,XTZUSDT,diplong,Bull,0.1442,-5.1917
2023-03-19 20:15:00,2023-03-22 19:30:00,ALICEUSDT,swing,Bull,0.4865,12.2872
2023-03-19 23:30:00,2023-03-22 23:15:00,MASKUSDT,swing,Bull,0.3254,14.9834
2023-03-19 23:45:00,2023-03-22 23:30:00,XTZUSDT,swing,Bull,0.4756,11.1838
2023-03-21 14:15:00,2023-03-23 00:30:00,NEOUSDT,swing,Bull,0.3065,2.6226
2023-03-21 14:30:00,2023-03-22 21:00:00,PEOPLEUSDT,swing,Bull,0.4973,2.7041
2023-03-21 14:30:00,2023-03-23 00:15:00,MINAUSDT,swing,Bull,0.3065,2.6814
2023-03-21 22:30:00,2023-03-23 00:15:00,WOOUSDT,swing,Bull,0.3065,2.6537
2023-03-22 07:30:00,2023-03-22 22:30:00,WAVESUSDT,swing,Bull,0.3938,2.7078
2023-03-22 07:45:00,2023-03-22 20:45:00,DASHUSDT,swing,Bull,0.4973,2.6813
2023-03-23 01:15:00,2023-03-29 08:45:00,XTZUSDT,ripshort,Bear,0.0000,-0.7499
2023-03-23 05:00:00,2023-03-29 20:15:00,YGGUSDT,ripshort,Bear,0.0000,7.2688
2023-03-27 21:00:00,2023-03-29 21:15:00,PEOPLEUSDT,ripshort,Bear,0.0000,-8.8528
2023-03-27 22:45:00,2023-03-29 07:00:00,THETAUSDT,ripshort,Bear,0.0000,-6.2921
2023-03-28 19:15:00,2023-03-30 06:30:00,CELOUSDT,swing_long,Bear,0.2111,11.6524
2023-03-28 20:00:00,2023-03-30 09:00:00,XTZUSDT,swing_long,Bear,0.1647,1.7135
2023-03-29 02:30:00,2023-03-30 15:15:00,FLOWUSDT,swing_long,Ranging,0.2693,1.6586
2023-03-29 06:30:00,2023-03-29 21:45:00,THETAUSDT,swing_long,Bull,0.2109,1.6992
2023-04-04 03:00:00,2023-04-10 18:15:00,MASKUSDT,ripshort,Ranging,0.0000,4.7455
2023-04-08 07:00:00,2023-04-10 19:00:00,CELOUSDT,swing_long,Ranging,0.2111,0.4616
2023-04-08 10:15:00,2023-04-10 19:00:00,KAVAUSDT,ripshort,Ranging,0.0000,-3.6329
2023-04-09 13:00:00,2023-04-10 22:45:00,THETAUSDT,ripshort,Ranging,0.0000,-3.6639
2023-04-10 22:45:00,2023-04-12 11:15:00,THETAUSDT,swing_long,Bull,0.2109,-4.9511
2023-04-12 13:45:00,2023-04-14 06:30:00,PEOPLEUSDT,ripshort,Bull,0.0000,-6.0511
2023-04-13 14:30:00,2023-04-14 07:30:00,DASHUSDT,swing_long,Bull,0.2367,1.4508
2023-04-13 14:30:00,2023-04-14 12:45:00,XTZUSDT,swing_long,Bull,0.1647,1.3242
2023-04-13 14:30:00,2023-04-14 15:00:00,FLOWUSDT,swing_long,Bull,0.2521,1.0545
2023-04-13 17:30:00,2023-04-14 15:45:00,THETAUSDT,swing_long,Bull,0.1975,1.3798
2023-04-18 07:45:00,2023-04-21 07:15:00,YGGUSDT,swing,Bear,0.3929,13.6099
2023-04-18 12:45:00,2023-04-21 12:30:00,NEOUSDT,swing,Bear,0.4972,11.5986
2023-04-19 00:15:00,2023-04-21 23:45:00,HIGHUSDT,swing,Bull,0.0199,22.7410
2023-04-19 02:45:00,2023-04-22 02:45:00,ZECUSDT,swing,Bull,0.4974,13.2066
2023-04-19 15:00:00,2023-04-26 06:15:00,YGGUSDT,ripshort,Bear,0.0000,11.7708
2023-04-20 01:00:00,2023-04-26 10:30:00,DASHUSDT,ripshort,Bear,0.0000,1.2971
2023-04-24 05:45:00,2023-04-26 10:30:00,PEOPLEUSDT,ripshort,Ranging,0.0000,-3.3300
2023-04-28 08:00:00,2023-04-28 09:00:00,WAVESUSDT,grid,Bull,0.1633,0.1820
2023-05-05 23:45:00,2023-05-08 23:15:00,MINAUSDT,swing,Bull,0.4973,14.3008
2023-05-05 23:45:00,2023-05-08 23:15:00,THETAUSDT,swing,Bull,0.4973,10.7236
2023-05-06 00:00:00,2023-05-08 23:45:00,KNCUSDT,swing,Bull,0.2401,13.1431
2023-05-06 01:15:00,2023-05-09 00:30:00,BLURUSDT,swing,Bull,0.0199,22.9958
2023-05-10 00:45:00,2023-05-12 11:00:00,BLURUSDT,swing,Bear,0.0199,2.5086
2023-05-10 04:15:00,2023-05-12 13:30:00,TWTUSDT,swing,Bear,0.0199,1.6823
2023-05-11 02:45:00,2023-05-12 14:00:00,MINAUSDT,swing,Bear,0.4973,2.5561
2023-05-11 05:45:00,2023-05-12 09:00:00,THETAUSDT,swing,Bear,0.4973,2.0128
2023-05-26 19:30:00,2023-05-29 07:00:00,CELOUSDT,swing_long,Bull,0.2109,2.8845
2023-05-26 21:00:00,2023-05-29 08:15:00,MASKUSDT,swing_long,Bull,0.1989,18.1502
2023-05-27 11:15:00,2023-05-29 15:45:00,CELOUSDT,diplong,Bull,0.1049,1.3042
2023-05-27 12:45:00,2023-05-29 15:45:00,XTZUSDT,diplong,Bull,0.1442,4.6209
2023-05-27 22:00:00,2023-05-28 14:15:00,FLOWUSDT,swing_long,Ranging,0.2639,0.9221
2023-05-28 15:30:00,2023-05-29 07:15:00,THETAUSDT,diplong,Bull,0.1312,0.9400
2023-05-28 16:00:00,2023-05-29 15:45:00,ZECUSDT,diplong,Bull,0.1009,1.1578
2023-05-31 19:00:00,2023-06-07 10:45:00,ZECUSDT,ripshort,Bear,0.0000,9.8009
2023-06-02 20:45:00,2023-06-05 20:45:00,KNCUSDT,swing,Ranging,0.2401,9.2479
2023-06-03 10:15:00,2023-06-06 10:00:00,TWTUSDT,swing,Ranging,0.0199,9.7373
2023-06-03 12:45:00,2023-06-06 12:30:00,NEOUSDT,swing,Ranging,0.4974,12.8605
2023-06-04 14:30:00,2023-06-06 23:00:00,WOOUSDT,swing,Ranging,0.3633,8.1461
2023-06-04 14:45:00,2023-06-06 17:15:00,XTZUSDT,swing,Ranging,0.4974,4.6306
2023-06-04 15:15:00,2023-06-06 19:30:00,EGLDUSDT,swing,Ranging,0.3975,4.7766
2023-06-04 16:30:00,2023-06-06 17:15:00,MINAUSDT,swing,Ranging,0.4974,6.8659
2023-06-10 18:15:00,2023-06-17 09:30:00,FLOWUSDT,ripshort,Bear,0.0000,4.6918
2023-06-11 10:00:00,2023-06-18 02:00:00,CELOUSDT,ripshort,Bear,0.0000,3.5587
2023-06-13 13:00:00,2023-06-17 05:30:00,ZECUSDT,ripshort,Bull,0.0000,-3.4910
2023-06-13 14:00:00,2023-06-17 05:30:00,WAVESUSDT,ripshort,Bull,0.0000,-4.0104
2023-06-14 17:30:00,2023-06-16 18:00:00,YGGUSDT,ripshort,Ranging,0.0000,-2.8576
2023-06-14 18:45:00,2023-06-17 03:30:00,XTZUSDT,diplong,Ranging,0.1442,-5.3345
2023-06-15 01:45:00,2023-06-17 13:30:00,XTZUSDT,swing_long,Bear,0.1647,-3.7625
2023-06-15 20:30:00,2023-06-17 06:30:00,KAVAUSDT,ripshort,Bear,0.0000,-4.6619
2023-06-17 04:30:00,2023-06-17 05:30:00,XTZUSDT,grid,Bull,0.2594,2.2390
2023-06-20 18:30:00,2023-06-23 06:15:00,THETAUSDT,swing_long,Bull,0.2109,10.2054
2023-06-20 18:45:00,2023-06-23 06:15:00,WOOUSDT,swing_long,Bull,0.1738,8.8696
2023-06-20 19:00:00,2023-06-23 06:30:00,ALICEUSDT,swing_long,Bull,0.2106,7.9903
2023-06-21 01:00:00,2023-06-23 12:30:00,XTZUSDT,swing_long,Bull,0.1647,2.9297
2023-06-21 16:15:00,2023-06-23 21:45:00,DASHUSDT,swing_long,Bull,0.2360,1.7628
2023-06-22 01:30:00,2023-06-24 13:00:00,KAVAUSDT,swing_long,Bull,0.2033,2.6292
2023-06-22 07:00:00,2023-06-24 17:15:00,KAVAUSDT,diplong,Bull,0.1090,8.8191
2023-06-22 08:00:00,2023-06-24 18:45:00,ZECUSDT,diplong,Bull,0.1007,4.3121
2023-06-22 12:15:00,2023-06-23 21:45:00,XTZUSDT,diplong,Bull,0.1438,1.6613
2023-06-22 12:45:00,2023-06-24 15:30:00,ALICEUSDT,diplong,Bull,0.1641,2.4863
2023-06-22 13:15:00,2023-06-23 22:15:00,NEOUSDT,diplong,Bull,0.2693,2.5191
2023-06-23 02:00:00,2023-06-23 16:00:00,ZECUSDT,ripshort,Bull,0.0000,-7.1249
2023-06-24 00:30:00,2023-06-24 04:45:00,WAVESUSDT,swing_long,Bull,0.1845,20.0450
2023-07-11 11:00:00,2023-07-13 21:15:00,MINAUSDT,diplong,Bull,0.1398,2.3250
2023-07-11 11:15:00,2023-07-13 22:15:00,THETAUSDT,diplong,Bull,0.1313,12.6027
2023-07-11 14:30:00,2023-07-14 01:30:00,ALICEUSDT,diplong,Bull,0.1642,7.0855
2023-07-13 07:45:00,2023-07-14 01:00:00,WAVESUSDT,ripshort,Ranging,0.0000,-6.0581
2023-08-02 12:30:00,2023-08-09 03:45:00,ZECUSDT,ripshort,Bull,0.0000,1.5407
2023-08-04 14:15:00,2023-08-09 07:15:00,CELOUSDT,ripshort,Ranging,0.0000,-3.9555
2023-08-06 04:15:00,2023-08-08 19:30:00,FLOWUSDT,ripshort,Ranging,0.0000,-1.1554
2023-08-06 12:00:00,2023-08-08 22:15:00,MINAUSDT,diplong,Ranging,0.1398,3.4326
2023-08-06 21:00:00,2023-08-09 06:30:00,ALICEUSDT,diplong,Ranging,0.1642,-4.9492
2023-08-07 01:15:00,2023-08-08 23:45:00,WOOUSDT,swing_long,Ranging,0.1738,1.9123
2023-08-07 01:30:00,2023-08-09 12:00:00,CELOUSDT,diplong,Ranging,0.1048,1.3336
2023-08-07 11:45:00,2023-08-09 12:30:00,MASKUSDT,ripshort,Ranging,0.0000,-2.4308
2023-08-07 19:00:00,2023-08-08 21:15:00,THETAUSDT,ripshort,Ranging,0.0000,-3.7548
2023-08-07 22:00:00,2023-08-09 08:45:00,WAVESUSDT,ripshort,Ranging,0.0000,-3.5720
2023-08-08 12:00:00,2023-08-08 23:30:00,FLOWUSDT,swing_long,Bull,0.2693,1.2059
2023-08-08 22:30:00,2023-08-09 14:45:00,MASKUSDT,swing_long,Bull,0.1968,1.1098
2023-08-09 00:15:00,2023-08-09 11:30:00,WOOUSDT,diplong,Bull,0.1560,1.9476
2023-08-09 04:15:00,2023-08-09 14:00:00,PEOPLEUSDT,diplong,Bull,0.1781,1.5263
2023-08-19 05:15:00,2023-08-19 10:00:00,WOOUSDT,swing,Bear,0.4974,-5.1726
2023-08-28 06:15:00,2023-08-30 16:30:00,DASHUSDT,diplong,Ranging,0.1633,4.0311
2023-08-31 08:15:00,2023-09-01 20:30:00,WOOUSDT,swing,Bull,0.4973,2.4511
2023-09-05 21:30:00,2023-09-08 08:30:00,DASHUSDT,diplong,Ranging,0.1620,1.5094
2023-09-07 08:45:00,2023-09-08 08:00:00,MINAUSDT,diplong,Ranging,0.1387,1.2554
2023-09-08 15:00:00,2023-09-15 02:30:00,KAVAUSDT,ripshort,Bull,0.0000,3.9160
2023-09-08 16:45:00,2023-09-15 02:00:00,XTZUSDT,ripshort,Bull,0.0000,4.0354
2023-09-10 08:00:00,2023-09-15 02:30:00,NEOUSDT,ripshort,Ranging,0.0000,-3.5998
2023-09-10 10:15:00,2023-09-14 17:30:00,THETAUSDT,ripshort,Ranging,0.0000,1.5988
2023-09-10 14:45:00,2023-09-15 04:30:00,PEOPLEUSDT,ripshort,Ranging,0.0000,-3.9294
2023-09-10 21:45:00,2023-09-15 03:15:00,WAVESUSDT,ripshort,Ranging,0.0000,-4.6919
2023-09-12 04:45:00,2023-09-14 16:15:00,MASKUSDT,swing_long,Bear,0.1989,1.9211
2023-09-12 16:30:00,2023-09-15 02:45:00,ZECUSDT,diplong,Bull,0.1009,1.9499
2023-09-12 19:15:00,2023-09-15 06:15:00,WOOUSDT,diplong,Bull,0.1559,3.0359
2023-09-13 08:45:00,2023-09-15 05:00:00,WOOUSDT,ripshort,Bull,0.0000,-8.0526
2023-09-24 09:45:00,2023-09-29 07:30:00,XTZUSDT,ripshort,Ranging,0.0000,-1.6691
2023-09-24 22:45:00,2023-09-28 22:15:00,YGGUSDT,ripshort,Ranging,0.0000,-4.8764
2023-09-25 17:15:00,2023-10-01 22:15:00,ALICEUSDT,ripshort,Bear,0.0000,-2.3595
2023-09-26 09:45:00,2023-09-28 20:30:00,DASHUSDT,diplong,Ranging,0.1633,-0.5926
2023-09-26 23:15:00,2023-09-29 10:15:00,THETAUSDT,diplong,Ranging,0.1309,-0.3149
2023-09-27 13:15:00,2023-09-29 10:45:00,MASKUSDT,swing_long,Bull,0.1983,1.3902
2023-09-27 20:45:00,2023-09-29 07:15:00,FLOWUSDT,ripshort,Ranging,0.0000,-2.4121
2023-09-27 23:15:00,2023-09-29 11:00:00,WAVESUSDT,swing_long,Ranging,0.1808,0.9919
2023-09-28 15:15:00,2023-09-28 16:00:00,WOOUSDT,ripshort,Bull,0.0000,-0.7397
2023-09-29 19:30:00,2023-10-02 06:30:00,PEOPLEUSDT,diplong,Bull,0.1800,-0.7337
2023-09-30 00:00:00,2023-10-02 10:45:00,ZECUSDT,diplong,Bull,0.1005,4.4591
2023-10-01 00:15:00,2023-10-02 08:45:00,WOOUSDT,diplong,Bull,0.1561,5.5101
2023-10-01 06:45:00,2023-10-03 00:15:00,KNCUSDT,swing_long,Bull,0.1919,-3.8215
2023-10-01 16:45:00,2023-10-02 00:15:00,KAVAUSDT,diplong,Bull,0.1090,0.9735
2023-10-01 18:30:00,2023-10-01 23:45:00,CELOUSDT,diplong,Bull,0.1049,1.4315
2023-10-01 18:30:00,2023-10-02 04:00:00,MINAUSDT,diplong,Bull,0.1398,1.0605
2023-10-01 18:45:00,2023-10-02 00:45:00,THETAUSDT,diplong,Bull,0.1313,1.1191
2023-10-01 18:45:00,2023-10-02 05:30:00,XTZUSDT,diplong,Bull,0.1442,0.8038
2023-10-09 16:00:00,2023-10-16 05:45:00,KNCUSDT,ripshort,Bear,0.0000,-0.4299
2023-10-09 19:00:00,2023-10-16 05:15:00,MASKUSDT,ripshort,Bear,0.0000,0.0148
2023-10-09 23:30:00,2023-10-16 05:15:00,KAVAUSDT,ripshort,Bear,0.0000,-1.5794
2023-10-10 08:00:00,2023-10-16 05:15:00,NEOUSDT,ripshort,Ranging,0.0000,-1.8809
2023-10-11 11:15:00,2023-10-18 02:30:00,XTZUSDT,ripshort,Bear,0.0000,3.5537
2023-10-12 17:45:00,2023-10-16 06:30:00,WAVESUSDT,ripshort,Bear,0.0000,-6.0914
2023-10-13 21:00:00,2023-10-16 07:00:00,WOOUSDT,diplong,Ranging,0.1562,1.7516
2023-10-13 22:45:00,2023-10-20 14:15:00,YGGUSDT,ripshort,Ranging,0.0000,4.3728
2023-10-14 05:00:00,2023-10-16 08:45:00,KNCUSDT,swing_long,Ranging,0.1926,1.4931
2023-10-15 13:30:00,2023-10-16 09:15:00,CELOUSDT,diplong,Ranging,0.1049,0.9888
2023-10-15 16:45:00,2023-10-16 08:00:00,CELOUSDT,swing_long,Ranging,0.2111,1.0134
2023-10-16 00:15:00,2023-10-17 16:00:00,ALICEUSDT,diplong,Bull,0.1642,1.8182
2023-10-16 13:30:00,2023-10-18 08:00:00,MASKUSDT,swing_long,Bull,0.1989,-6.7767
2023-10-16 14:30:00,2023-10-17 17:30:00,WOOUSDT,diplong,Bull,0.1562,-5.6067
2023-10-16 14:30:00,2023-10-18 09:45:00,KAVAUSDT,diplong,Bull,0.1088,-4.6225
2023-10-16 18:15:00,2023-10-17 17:30:00,DASHUSDT,diplong,Bull,0.1633,-3.8703
2023-10-16 19:00:00,2023-10-18 00:00:00,KNCUSDT,swing_long,Bull,0.1926,2.0665
2023-10-17 03:15:00,2023-10-20 03:15:00,DASHUSDT,ripshort,Bull,0.0000,0.9076
2023-10-17 09:15:00,2023-10-20 09:15:00,KAVAUSDT,ripshort,Bull,0.0000,0.6829
2023-10-17 12:00:00,2023-10-21 18:00:00,ZECUSDT,ripshort,Bull,0.0000,-3.2192
2023-10-17 17:00:00,2023-10-22 06:30:00,MASKUSDT,ripshort,Bull,0.0000,-3.4694
2023-10-17 18:00:00,2023-10-21 14:15:00,CELOUSDT,ripshort,Bull,0.0000,-4.1340
2023-10-17 19:00:00,2023-10-20 08:30:00,THETAUSDT,ripshort,Bull,0.0000,1.0171
2023-10-18 06:30:00,2023-10-21 01:30:00,PEOPLEUSDT,ripshort,Bull,0.0000,-5.2555
2023-10-19 15:45:00,2023-10-20 12:15:00,MINAUSDT,diplong,Bull,0.1396,1.7271
2023-10-19 20:45:00,2023-10-21 00:30:00,KAVAUSDT,swing_long,Bull,0.2033,1.3138
2023-10-20 03:00:00,2023-10-20 12:15:00,DASHUSDT,swing_long,Bull,0.2363,1.0554
2023-10-20 04:30:00,2023-10-20 12:15:00,FLOWUSDT,swing_long,Bull,0.2689,1.3804
2023-10-20 04:30:00,2023-10-21 18:45:00,ALICEUSDT,swing_long,Bull,0.2106,2.0574
2023-10-20 08:30:00,2023-10-20 12:45:00,EGLDUSDT,swing_long,Bull,0.1424,1.8992
2023-10-20 14:15:00,2023-10-21 07:00:00,NEOUSDT,ripshort,Bull,0.0000,-2.8078
2023-10-20 14:15:00,2023-10-21 07:45:00,THETAUSDT,ripshort,Bull,0.0000,-2.6633
2023-10-20 15:45:00,2023-10-21 16:15:00,YGGUSDT,ripshort,Bull,0.0000,-4.4162
2023-10-20 18:30:00,2023-10-22 03:00:00,EGLDUSDT,swing_long,Bull,0.1427,2.4980
2023-10-20 19:30:00,2023-10-22 07:30:00,FLOWUSDT,swing_long,Bull,0.2692,1.1567
2023-10-20 20:15:00,2023-10-22 08:15:00,DASHUSDT,diplong,Bull,0.1633,1.1803
2023-10-21 00:30:00,2023-10-22 08:15:00,MINAUSDT,diplong,Bull,0.1398,1.5418
2023-10-21 02:30:00,2023-10-22 07:30:00,KAVAUSDT,diplong,Bull,0.1090,1.2408
2023-10-21 04:45:00,2023-10-22 07:30:00,KAVAUSDT,swing_long,Bull,0.2033,1.1903
2023-10-21 15:00:00,2023-10-23 06:45:00,DASHUSDT,swing_long,Bull,0.2367,0.9518
2023-10-21 21:30:00,2023-10-22 06:30:00,PEOPLEUSDT,diplong,Bull,0.1800,1.8332
2023-10-22 03:30:00,2023-10-23 06:45:00,XTZUSDT,diplong,Bull,0.1442,1.0456
2023-10-22 04:30:00,2023-10-23 06:15:00,CELOUSDT,diplong,Bull,0.1049,1.1050
2023-10-22 04:30:00,2023-10-23 17:15:00,FLOWUSDT,diplong,Bull,0.2694,1.0428
2023-10-22 04:45:00,2023-10-22 08:15:00,ALICEUSDT,diplong,Bull,0.1642,1.7074
2023-10-22 08:15:00,2023-10-23 06:45:00,WAVESUSDT,diplong,Bull,0.1684,1.1506
2023-10-22 09:15:00,2023-10-23 13:15:00,DASHUSDT,diplong,Bull,0.1633,1.0848
2023-10-22 09:15:00,2023-10-23 17:15:00,MINAUSDT,diplong,Bull,0.1398,12.6090
2023-10-22 10:30:00,2023-10-23 09:30:00,YGGUSDT,diplong,Bull,0.1481,2.2187
2023-10-23 07:45:00,2023-10-23 13:30:00,WAVESUSDT,diplong,Bull,0.1684,1.2666
2023-10-24 07:45:00,2023-10-26 14:30:00,FLOWUSDT,diplong,Bull,0.2693,1.5211
2023-10-24 08:00:00,2023-10-26 18:15:00,EGLDUSDT,diplong,Bull,0.1389,-2.1621
2023-10-24 16:15:00,2023-10-26 10:30:00,NEOUSDT,diplong,Bull,0.2691,2.3423
2023-10-24 16:30:00,2023-10-26 11:30:00,DASHUSDT,diplong,Bull,0.1633,1.9993
2023-10-24 16:45:00,2023-10-26 11:30:00,CELOUSDT,diplong,Bull,0.1049,2.1786
2023-10-24 16:45:00,2023-10-26 14:30:00,ZECUSDT,diplong,Bull,0.1009,1.6697
2023-10-24 19:00:00,2023-10-26 14:30:00,ALICEUSDT,diplong,Bull,0.1642,2.6836
2023-10-25 00:45:00,2023-10-26 11:30:00,YGGUSDT,diplong,Bull,0.1481,2.6198
2023-10-26 10:30:00,2023-10-26 11:30:00,XTZUSDT,grid,Bull,0.2594,0.2578
2023-10-26 10:30:00,2023-10-26 12:30:00,NEOUSDT,grid,Bull,0.0104,0.9054
2023-10-30 17:45:00,2023-11-02 03:15:00,TRBUSDT,diplong,Bull,0.1688,-0.2494
2023-10-30 18:00:00,2023-11-02 04:45:00,ZECUSDT,diplong,Bull,0.1009,1.5296
2023-10-30 18:45:00,2023-11-02 04:15:00,MINAUSDT,diplong,Bull,0.1398,-4.0063
2023-10-30 20:45:00,2023-11-02 08:00:00,CELOUSDT,swing_long,Bull,0.2111,17.7972
2023-10-31 00:45:00,2023-11-02 12:30:00,DASHUSDT,swing_long,Bull,0.2367,-1.4081
2023-11-01 05:30:00,2023-11-02 00:30:00,KNCUSDT,swing_long,Bull,0.1926,2.6094
2023-11-01 20:15:00,2023-11-02 05:00:00,NEOUSDT,swing_long,Bull,0.2246,2.6504
2023-11-02 09:15:00,2023-11-02 12:15:00,TRBUSDT,grid,Bull,0.0000,-4.8568
2023-11-06 23:00:00,2023-11-09 10:30:00,ALICEUSDT,swing_long,Ranging,0.2106,0.8791
2023-11-06 23:45:00,2023-11-09 11:15:00,MASKUSDT,swing_long,Ranging,0.1989,-1.2210
2023-11-07 05:45:00,2023-11-09 07:15:00,MINAUSDT,diplong,Ranging,0.1398,18.0425
2023-11-07 11:30:00,2023-11-09 11:15:00,DASHUSDT,diplong,Ranging,0.1633,1.8781
2023-11-08 06:45:00,2023-11-09 11:15:00,PEOPLEUSDT,diplong,Bull,0.1800,2.6659
2023-11-08 09:15:00,2023-11-10 20:15:00,EGLDUSDT,diplong,Bull,0.1480,6.6205
2023-11-08 15:45:00,2023-11-11 01:45:00,KAVAUSDT,diplong,Bull,0.1090,2.1112
2023-11-08 16:30:00,2023-11-11 03:15:00,WOOUSDT,diplong,Bull,0.1561,0.1496
2023-11-08 17:00:00,2023-11-11 01:15:00,KNCUSDT,swing_long,Bull,0.1926,2.1468
2023-11-09 03:00:00,2023-11-09 04:00:00,WAVESUSDT,grid,Bull,0.1635,0.7885
2023-11-09 03:45:00,2023-11-09 11:00:00,NEOUSDT,swing_long,Bull,0.2246,2.6089
2023-11-09 05:00:00,2023-11-09 06:00:00,WAVESUSDT,grid,Bull,0.1634,2.3368
2023-11-09 14:45:00,2023-11-10 13:45:00,NEOUSDT,diplong,Bull,0.2693,2.5888
2023-11-09 21:00:00,2023-11-10 01:30:00,THETAUSDT,diplong,Bull,0.1313,2.7188
2023-11-10 14:45:00,2023-11-11 01:45:00,XTZUSDT,diplong,Bull,0.1442,2.6947
2023-11-12 23:30:00,2023-11-15 18:30:00,CELOUSDT,swing,Bull,0.4762,2.9748
2023-11-13 22:30:00,2023-11-16 09:15:00,EGLDUSDT,diplong,Ranging,0.1480,2.7313
2023-11-14 07:15:00,2023-11-16 03:45:00,WOOUSDT,ripshort,Bear,0.0000,-10.9644
2023-11-15 09:00:00,2023-11-16 09:30:00,WAVESUSDT,swing_long,Bear,0.1845,2.5417
2023-11-16 01:45:00,2023-11-16 09:30:00,MASKUSDT,swing_long,Bull,0.1989,2.5772
2023-11-26 21:30:00,2023-12-01 23:45:00,NEOUSDT,ripshort,Ranging,0.0000,-2.9796
2023-11-26 21:30:00,2023-12-02 09:45:00,WOOUSDT,ripshort,Ranging,0.0000,-2.3917
2023-11-27 01:15:00,2023-12-02 20:15:00,MASKUSDT,ripshort,Ranging,0.0000,-0.4516
2023-11-27 06:45:00,2023-12-02 08:00:00,WAVESUSDT,ripshort,Ranging,0.0000,-3.0590
2023-11-27 08:45:00,2023-12-02 03:30:00,XTZUSDT,ripshort,Ranging,0.0000,-3.3527
2023-11-27 10:00:00,2023-12-02 04:45:00,ZECUSDT,ripshort,Ranging,0.0000,-3.7831
2023-11-27 12:45:00,2023-12-02 04:45:00,DASHUSDT,ripshort,Bear,0.0000,-3.9588
2023-11-27 13:00:00,2023-12-02 03:00:00,EGLDUSDT,ripshort,Bear,0.0000,-2.8952
2023-11-29 11:15:00,2023-12-01 21:30:00,PEOPLEUSDT,diplong,Bull,0.1800,-1.8594
2023-11-29 14:15:00,2023-12-01 22:45:00,YGGUSDT,diplong,Bull,0.1481,2.6023
2023-11-29 17:45:00,2023-12-02 04:30:00,XTZUSDT,diplong,Bull,0.1441,2.8006
2023-11-30 10:45:00,2023-12-02 22:30:00,NEOUSDT,swing_long,Ranging,0.2246,7.6217
2023-11-30 13:45:00,2023-12-03 01:45:00,ZECUSDT,swing_long,Ranging,0.1775,6.4102
2023-11-30 15:30:00,2023-12-03 02:00:00,CELOUSDT,diplong,Ranging,0.1049,5.8540
2023-11-30 17:15:00,2023-12-03 03:45:00,ZECUSDT,diplong,Ranging,0.1009,8.6275
2023-11-30 21:30:00,2023-12-03 08:15:00,THETAUSDT,diplong,Ranging,0.1313,5.3175
2023-12-01 01:30:00,2023-12-03 02:15:00,NEOUSDT,diplong,Ranging,0.2694,11.1343
2023-12-01 04:15:00,2023-12-03 12:45:00,XTZUSDT,swing_long,Bull,0.1647,1.1630
2023-12-01 11:45:00,2023-12-03 18:45:00,EGLDUSDT,swing_long,Bull,0.1427,6.1854
2023-12-01 15:15:00,2023-12-04 02:15:00,MINAUSDT,diplong,Bull,0.1397,0.3674
2023-12-01 16:30:00,2023-12-03 02:45:00,CELOUSDT,swing_long,Bull,0.2111,1.5909
2023-12-01 23:30:00,2023-12-03 12:45:00,WOOUSDT,diplong,Bull,0.1562,1.9549
2023-12-02 00:45:00,2023-12-03 01:30:00,FLOWUSDT,diplong,Bull,0.2694,1.4730
2023-12-02 01:30:00,2023-12-03 12:45:00,DASHUSDT,swing_long,Bull,0.2367,1.1704
2023-12-02 04:30:00,2023-12-02 05:30:00,ALICEUSDT,grid,Bull,0.0103,0.5486
2023-12-02 08:30:00,2023-12-02 09:30:00,ALICEUSDT,grid,Bull,0.0102,0.5052
2023-12-02 12:30:00,2023-12-03 02:45:00,WAVESUSDT,diplong,Bull,0.1684,1.3931
2023-12-03 00:00:00,2023-12-05 11:15:00,KAVAUSDT,swing_long,Bull,0.2033,-0.2876
2023-12-03 01:00:00,2023-12-03 01:45:00,NEOUSDT,swing_long,Bull,0.2246,1.2805
2023-12-03 01:00:00,2023-12-05 12:45:00,KNCUSDT,swing_long,Bull,0.1926,0.9478
2023-12-04 08:15:00,2023-12-05 13:45:00,THETAUSDT,swing_long,Bull,0.2109,2.1043
2023-12-04 15:00:00,2023-12-07 01:15:00,WOOUSDT,diplong,Bull,0.1562,-1.6266
2023-12-05 02:45:00,2023-12-07 12:15:00,EGLDUSDT,diplong,Bull,0.1452,-5.8376
2023-12-05 03:30:00,2023-12-07 13:45:00,ZECUSDT,diplong,Bull,0.0943,0.0507
2023-12-05 03:30:00,2023-12-07 14:30:00,DASHUSDT,diplong,Bull,0.1615,0.6296
2023-12-05 23:15:00,2023-12-07 09:15:00,THETAUSDT,diplong,Bull,0.1313,-6.8250
2023-12-06 00:00:00,2023-12-07 06:30:00,XTZUSDT,swing_long,Bull,0.1647,1.5433
2023-12-06 04:15:00,2023-12-07 08:45:00,XTZUSDT,diplong,Bull,0.1442,1.5960
2023-12-10 06:45:00,2023-12-11 03:15:00,HIGHUSDT,swing,Bull,0.0104,2.7311
2023-12-11 10:15:00,2023-12-14 21:45:00,CELOUSDT,ripshort,Bear,0.0000,-6.0668
2023-12-11 10:45:00,2023-12-14 17:30:00,THETAUSDT,ripshort,Bear,0.0000,-6.3745
2023-12-11 12:45:00,2023-12-14 11:45:00,XTZUSDT,ripshort,Bear,0.0000,-6.9798
2023-12-12 13:00:00,2023-12-14 22:15:00,EGLDUSDT,diplong,Bear,0.1475,-4.1923
2023-12-13 06:30:00,2023-12-14 21:30:00,FLOWUSDT,ripshort,Bear,0.0000,-8.9048
2023-12-15 22:30:00,2023-12-20 17:15:00,THETAUSDT,ripshort,Ranging,0.0000,-3.5972
2023-12-17 08:00:00,2023-12-19 14:15:00,YGGUSDT,diplong,Ranging,0.1481,-12.4649
2023-12-18 04:15:00,2023-12-20 15:00:00,CELOUSDT,diplong,Bear,0.1049,-0.5048
2023-12-18 15:00:00,2023-12-19 09:00:00,WAVESUSDT,ripshort,Bear,0.0000,-14.8970
2023-12-18 15:15:00,2023-12-20 15:15:00,EGLDUSDT,ripshort,Bear,0.0000,-8.7531
2023-12-18 15:15:00,2023-12-20 18:00:00,KNCUSDT,ripshort,Bear,0.0000,-8.6659
2023-12-18 15:15:00,2023-12-21 10:30:00,XTZUSDT,ripshort,Bear,0.0000,-7.1235
2023-12-18 19:45:00,2023-12-21 10:45:00,YGGUSDT,ripshort,Bear,0.0000,-8.1486
2023-12-18 21:30:00,2023-12-21 09:15:00,WOOUSDT,swing_long,Bear,0.1738,4.3962
2023-12-18 21:45:00,2023-12-21 09:30:00,NEOUSDT,swing_long,Bear,0.2246,14.7966
2023-12-18 22:00:00,2023-12-21 09:15:00,EGLDUSDT,swing_long,Bear,0.1427,5.0592
2023-12-18 23:00:00,2023-12-19 16:45:00,WAVESUSDT,swing_long,Bear,0.1837,2.6290
2023-12-19 00:00:00,2023-12-19 13:45:00,MINAUSDT,swing_long,Bear,0.1903,2.6639
2023-12-19 00:00:00,2023-12-21 11:30:00,XTZUSDT,swing_long,Bear,0.1647,2.8897
2023-12-19 00:45:00,2023-12-21 12:30:00,ALICEUSDT,swing_long,Bear,0.2106,10.8671
2023-12-19 01:15:00,2023-12-21 12:30:00,DASHUSDT,swing_long,Bear,0.2367,0.5117
2023-12-19 21:30:00,2023-12-21 14:15:00,FLOWUSDT,diplong,Bull,0.2689,14.6045
2023-12-20 12:45:00,2023-12-20 19:00:00,MINAUSDT,swing_long,Bull,0.1903,2.6608
2023-12-20 20:45:00,2023-12-21 14:30:00,MINAUSDT,diplong,Bull,0.1396,2.6038
2023-12-28 21:45:00,2024-01-03 10:00:00,PEOPLEUSDT,ripshort,Ranging,0.0000,-2.2949
2023-12-30 03:00:00,2024-01-03 10:00:00,KNCUSDT,ripshort,Bear,0.0000,-4.2852
2023-12-31 14:45:00,2024-01-03 01:30:00,NEOUSDT,diplong,Ranging,0.2693,-2.6948
2024-01-01 01:45:00,2024-01-03 09:30:00,TWTUSDT,ripshort,Ranging,0.0000,-4.9691
2024-01-01 06:00:00,2024-01-02 00:45:00,WAVESUSDT,ripshort,Ranging,0.0000,-5.9833
2024-01-01 22:30:00,2024-01-04 04:45:00,HIGHUSDT,swing,Bull,0.0193,10.0325
2024-01-02 06:45:00,2024-01-03 12:15:00,PEOPLEUSDT,swing,Bull,0.4974,2.5347
2024-01-02 15:45:00,2024-01-03 02:15:00,YGGUSDT,diplong,Bull,0.1481,2.6295
2024-01-02 15:45:00,2024-01-03 08:30:00,KAVAUSDT,diplong,Bull,0.1090,2.0079
2024-01-02 17:00:00,2024-01-03 07:30:00,YGGUSDT,swing_long,Bull,0.1648,2.6164
2024-01-03 16:45:00,2024-01-10 08:15:00,EGLDUSDT,ripshort,Bear,0.0000,14.0590
2024-01-03 16:45:00,2024-01-10 08:30:00,FLOWUSDT,ripshort,Bear,0.0000,10.7274
2024-01-09 04:15:00,2024-01-11 15:00:00,CELOUSDT,diplong,Bull,0.1029,5.3836
2024-01-09 11:30:00,2024-01-11 15:30:00,WOOUSDT,diplong,Bull,0.1533,2.5795
2024-01-10 02:45:00,2024-01-11 12:00:00,YGGUSDT,ripshort,Bull,0.0000,-9.9503
2024-01-10 23:30:00,2024-01-13 22:45:00,KNCUSDT,swing,Bull,0.2401,0.5200
2024-01-10 23:45:00,2024-01-13 23:00:00,WAVESUSDT,swing,Bull,0.3944,1.4121
2024-01-11 03:30:00,2024-01-14 03:15:00,KAVAUSDT,swing,Bull,0.4973,2.2966
2024-01-11 04:45:00,2024-01-14 04:30:00,ALICEUSDT,swing,Bull,0.4972,2.3580
2024-01-11 05:15:00,2024-01-13 00:00:00,DASHUSDT,swing,Bull,0.4974,2.7463
2024-01-12 01:15:00,2024-01-13 06:00:00,FLOWUSDT,swing,Bull,0.4974,2.9018
2024-01-12 06:15:00,2024-01-14 00:15:00,MASKUSDT,swing,Bull,0.3402,2.9823
2024-01-12 08:45:00,2024-01-13 11:45:00,PEOPLEUSDT,swing,Bull,0.4974,2.2452
2024-01-12 12:45:00,2024-01-12 18:00:00,TWTUSDT,swing,Ranging,0.0199,2.7089
2024-01-20 04:30:00,2024-01-23 04:15:00,THETAUSDT,swing,Bear,0.4908,4.2199
2024-01-20 09:45:00,2024-01-23 09:45:00,ZECUSDT,swing,Ranging,0.4974,9.2546
2024-01-20 11:00:00,2024-01-23 10:30:00,XTZUSDT,swing,Ranging,0.4974,10.5831
2024-01-20 11:00:00,2024-01-26 14:45:00,EGLDUSDT,ripshort,Ranging,0.0000,3.5650
2024-01-20 16:15:00,2024-01-23 16:00:00,CELOUSDT,swing,Ranging,0.4974,11.8259
2024-01-20 18:45:00,2024-01-23 18:30:00,PEOPLEUSDT,swing,Ranging,0.4974,18.7896
2024-01-20 21:00:00,2024-01-23 01:00:00,KAVAUSDT,swing,Ranging,0.4972,2.0589
2024-01-20 22:00:00,2024-01-23 21:30:00,ALICEUSDT,swing,Ranging,0.4973,11.2257
2024-01-22 07:15:00,2024-01-26 14:45:00,FLOWUSDT,ripshort,Bear,0.0000,5.6215
2024-01-23 05:00:00,2024-01-28 01:15:00,NEOUSDT,ripshort,Bear,0.0000,-3.5068
2024-01-23 16:15:00,2024-01-27 21:00:00,KAVAUSDT,ripshort,Bear,0.0000,-5.0244
2024-01-24 05:30:00,2024-01-26 17:15:00,THETAUSDT,swing_long,Bear,0.2109,3.2345
2024-01-24 05:30:00,2024-01-26 17:30:00,FLOWUSDT,swing_long,Bear,0.2693,1.7481
2024-01-24 08:00:00,2024-01-26 19:45:00,ZECUSDT,swing_long,Bear,0.1775,1.8462
2024-01-24 08:15:00,2024-01-26 19:30:00,XTZUSDT,swing_long,Bear,0.1647,1.0068
2024-01-24 09:15:00,2024-01-26 21:15:00,EGLDUSDT,swing_long,Bear,0.1427,2.0470
2024-01-24 10:45:00,2024-01-26 22:30:00,DASHUSDT,swing_long,Bear,0.2367,0.4617
2024-01-24 10:45:00,2024-01-26 22:30:00,ALICEUSDT,swing_long,Bear,0.2106,3.0543
2024-01-24 11:00:00,2024-01-26 22:45:00,KNCUSDT,swing_long,Bear,0.1926,2.8345
2024-01-24 15:00:00,2024-01-27 03:45:00,TWTUSDT,ripshort,Bear,0.0000,-7.3189
2024-01-24 18:15:00,2024-01-27 18:30:00,PEOPLEUSDT,ripshort,Bear,0.0000,-6.4698
2024-01-25 10:15:00,2024-01-28 00:00:00,CELOUSDT,ripshort,Ranging,0.0000,-7.1802
2024-01-25 18:45:00,2024-01-26 15:00:00,MINAUSDT,ripshort,Ranging,0.0000,-6.6975
2024-01-26 22:45:00,2024-01-28 11:30:00,XTZUSDT,swing_long,Bull,0.1647,1.7800
2024-01-27 07:15:00,2024-01-28 12:30:00,KAVAUSDT,diplong,Bull,0.1090,1.8858
2024-01-27 08:00:00,2024-01-28 06:30:00,XTZUSDT,diplong,Bull,0.1442,1.8116
2024-01-27 08:00:00,2024-01-28 06:30:00,ALICEUSDT,diplong,Bull,0.1642,2.0347
2024-01-27 08:00:00,2024-01-28 06:30:00,DASHUSDT,diplong,Bull,0.1633,1.6403
2024-01-27 08:00:00,2024-01-28 07:45:00,WAVESUSDT,diplong,Bull,0.1684,1.8729
2024-01-27 08:00:00,2024-01-28 16:30:00,CELOUSDT,diplong,Bull,0.1048,2.2664
2024-01-27 09:45:00,2024-01-27 17:00:00,EGLDUSDT,diplong,Bull,0.1479,2.0942
2024-01-28 01:30:00,2024-01-30 13:15:00,TRBUSDT,swing_long,Bull,0.1528,-5.0116
2024-01-28 02:15:00,2024-01-30 13:30:00,ALICEUSDT,swing_long,Bull,0.2106,-0.7677
2024-01-28 04:45:00,2024-01-30 15:00:00,KAVAUSDT,swing_long,Bull,0.2033,1.5142
2024-01-28 05:00:00,2024-01-30 16:15:00,MASKUSDT,swing_long,Bull,0.1989,-1.5754
2024-01-28 07:15:00,2024-01-30 00:00:00,WOOUSDT,diplong,Bull,0.1562,2.3227
2024-01-28 07:15:00,2024-01-30 17:30:00,XTZUSDT,diplong,Bull,0.1442,-0.4510
2024-01-28 07:15:00,2024-01-30 18:15:00,EGLDUSDT,diplong,Bull,0.1480,6.9486
2024-01-28 08:30:00,2024-01-30 19:00:00,WAVESUSDT,diplong,Bull,0.1684,-1.1470
2024-01-28 09:45:00,2024-01-30 20:30:00,DASHUSDT,diplong,Bull,0.1633,-0.4463
2024-01-28 10:45:00,2024-01-30 21:15:00,YGGUSDT,diplong,Bull,0.1481,0.5630
2024-01-28 13:00:00,2024-01-30 12:15:00,ALICEUSDT,diplong,Bull,0.1642,1.7019
2024-01-28 14:45:00,2024-01-30 12:00:00,ZECUSDT,ripshort,Bull,0.0000,-3.5897
2024-01-28 22:30:00,2024-01-30 01:00:00,MINAUSDT,ripshort,Bull,0.0000,-6.7470
2024-01-28 22:45:00,2024-01-29 23:30:00,NEOUSDT,ripshort,Bull,0.0000,-4.4052
2024-01-28 22:45:00,2024-01-30 00:00:00,XTZUSDT,ripshort,Bull,0.0000,-5.6438
2024-01-28 23:15:00,2024-01-30 11:30:00,KNCUSDT,ripshort,Bull,0.0000,-3.9495
2024-01-29 01:45:00,2024-01-30 00:15:00,XTZUSDT,swing_long,Bull,0.1647,1.5570
2024-01-29 02:15:00,2024-01-30 13:00:00,THETAUSDT,diplong,Bull,0.1313,1.9294
2024-01-29 05:00:00,2024-01-30 00:15:00,YGGUSDT,swing_long,Bull,0.1648,2.3070
2024-01-29 06:15:00,2024-01-30 14:00:00,WOOUSDT,swing_long,Bull,0.1738,2.3754
2024-01-30 12:15:00,2024-01-30 13:15:00,MASKUSDT,grid,Bull,0.0104,-0.2605
2024-01-30 17:45:00,2024-01-30 22:45:00,KNCUSDT,grid,Bull,0.0101,-2.5235
2024-02-04 12:30:00,2024-02-09 00:15:00,XTZUSDT,ripshort,Ranging,0.0000,-3.0916
2024-02-04 12:45:00,2024-02-08 00:30:00,DASHUSDT,ripshort,Ranging,0.0000,0.3578
2024-02-04 12:45:00,2024-02-08 12:45:00,FLOWUSDT,ripshort,Ranging,0.0000,-2.5636
2024-02-04 17:30:00,2024-02-07 22:15:00,WAVESUSDT,ripshort,Ranging,0.0000,-1.8971
2024-02-04 18:30:00,2024-02-08 03:15:00,MASKUSDT,ripshort,Ranging,0.0000,-3.3167
2024-02-05 12:00:00,2024-02-07 23:15:00,MASKUSDT,swing_long,Ranging,0.1989,1.2701
2024-02-06 04:00:00,2024-02-08 15:30:00,FLOWUSDT,swing_long,Ranging,0.2693,6.9176
2024-02-06 09:15:00,2024-02-08 06:00:00,EGLDUSDT,ripshort,Ranging,0.0000,-2.1436
2024-02-06 10:00:00,2024-02-08 13:15:00,XTZUSDT,swing_long,Ranging,0.1647,1.2982
2024-02-06 14:30:00,2024-02-08 00:45:00,MINAUSDT,ripshort,Ranging,0.0000,-6.7154
2024-02-06 17:00:00,2024-02-08 16:00:00,PEOPLEUSDT,ripshort,Bull,0.0000,-13.6713
2024-02-06 19:00:00,2024-02-09 05:15:00,TRBUSDT,diplong,Bull,0.1660,2.0780
2024-02-07 00:30:00,2024-02-08 19:45:00,FLOWUSDT,diplong,Bull,0.2694,6.8196
2024-02-07 06:45:00,2024-02-08 04:15:00,CELOUSDT,diplong,Ranging,0.1049,2.0048
2024-02-07 12:30:00,2024-02-08 06:30:00,ALICEUSDT,diplong,Ranging,0.1642,1.5071
2024-02-07 12:45:00,2024-02-08 17:45:00,PEOPLEUSDT,swing_long,Ranging,0.0451,2.5433
2024-02-07 14:00:00,2024-02-08 16:45:00,TRBUSDT,swing_long,Ranging,0.1528,2.1100
2024-02-07 17:30:00,2024-02-08 12:45:00,EGLDUSDT,swing_long,Bull,0.1427,1.4233
2024-02-07 20:30:00,2024-02-08 05:30:00,MINAUSDT,swing_long,Bull,0.1903,2.1134
2024-02-07 21:30:00,2024-02-08 19:45:00,KNCUSDT,swing_long,Bull,0.1926,1.1767
2024-02-08 00:45:00,2024-02-10 12:30:00,DASHUSDT,swing_long,Bull,0.2367,-0.0798
2024-02-08 05:30:00,2024-02-10 16:00:00,WAVESUSDT,diplong,Bull,0.1684,4.0017
2024-02-08 08:00:00,2024-02-10 18:30:00,ALICEUSDT,diplong,Bull,0.1642,3.9749
2024-02-08 11:00:00,2024-02-08 16:45:00,PEOPLEUSDT,diplong,Bull,0.1800,2.4067
2024-02-08 11:45:00,2024-02-12 16:15:00,SSVUSDT,ripshort,Bull,0.0000,-4.9666
2024-02-08 12:15:00,2024-02-10 22:30:00,XTZUSDT,diplong,Bull,0.1442,3.2501
2024-02-08 14:00:00,2024-02-11 00:15:00,THETAUSDT,diplong,Bull,0.1313,2.5613
2024-02-08 14:00:00,2024-02-11 00:15:00,EGLDUSDT,diplong,Bull,0.1480,4.0419
2024-02-08 23:00:00,2024-02-10 10:45:00,PEOPLEUSDT,diplong,Bull,0.1751,2.6869
2024-02-09 01:00:00,2024-02-09 02:00:00,CELOUSDT,grid,Bull,0.0104,1.5809
2024-02-09 02:00:00,2024-02-11 12:30:00,FLOWUSDT,diplong,Bull,0.2694,3.7016
2024-02-09 07:45:00,2024-02-11 19:30:00,XTZUSDT,swing_long,Bull,0.1647,0.1575
2024-02-09 08:45:00,2024-02-11 13:30:00,EGLDUSDT,swing_long,Bull,0.1427,1.1509
2024-02-09 09:30:00,2024-02-11 12:30:00,WOOUSDT,swing_long,Bull,0.1738,1.6470
2024-02-09 13:15:00,2024-02-12 00:45:00,KNCUSDT,swing_long,Bull,0.1926,0.1287
2024-02-09 15:30:00,2024-02-11 15:30:00,KNCUSDT,diplong,Bull,0.1244,1.0798
2024-02-10 01:30:00,2024-02-11 19:00:00,MINAUSDT,swing_long,Bull,0.1903,2.1539
2024-02-10 11:15:00,2024-02-11 20:45:00,YGGUSDT,diplong,Bull,0.1481,1.4242
2024-02-10 13:00:00,2024-02-10 17:45:00,MASKUSDT,swing_long,Bull,0.1989,1.1104
2024-02-11 01:15:00,2024-02-13 12:15:00,EGLDUSDT,diplong,Bull,0.1480,4.5073
2024-02-11 10:15:00,2024-02-11 21:45:00,MINAUSDT,diplong,Bull,0.1398,2.6472
2024-02-11 11:30:00,2024-02-13 22:15:00,THETAUSDT,diplong,Bull,0.1285,3.4100
2024-02-11 12:00:00,2024-02-13 22:30:00,XTZUSDT,diplong,Bull,0.1412,-0.0926
2024-02-11 17:15:00,2024-02-13 14:15:00,KNCUSDT,diplong,Bull,0.1244,0.9963
2024-02-11 22:00:00,2024-02-13 13:30:00,MASKUSDT,diplong,Bull,0.1065,1.0545
2024-02-11 22:45:00,2024-02-13 14:00:00,YGGUSDT,diplong,Bull,0.1481,1.7457
2024-02-11 23:45:00,2024-02-13 13:30:00,DASHUSDT,diplong,Bull,0.1633,1.1296
2024-02-12 15:45:00,2024-02-13 03:30:00,ALICEUSDT,swing_long,Bull,0.2085,1.4832
2024-02-12 15:45:00,2024-02-13 10:45:00,XTZUSDT,swing_long,Bull,0.1647,1.1242
2024-02-13 04:30:00,2024-02-13 10:30:00,KAVAUSDT,diplong,Bull,0.1090,1.1313
2024-02-13 04:45:00,2024-02-15 16:30:00,FLOWUSDT,swing_long,Bull,0.2694,8.3872
2024-02-13 06:00:00,2024-02-15 17:15:00,MASKUSDT,swing_long,Bull,0.1989,-0.0503
2024-02-13 11:30:00,2024-02-15 22:15:00,TRBUSDT,diplong,Bull,0.1688,2.7712
2024-02-13 12:45:00,2024-02-13 16:45:00,PEOPLEUSDT,diplong,Bull,0.1800,2.5113
2024-02-13 15:30:00,2024-02-16 02:30:00,ALICEUSDT,diplong,Bull,0.1642,8.8631
2024-02-13 16:30:00,2024-02-16 03:15:00,YGGUSDT,diplong,Bull,0.1481,7.1819
2024-02-13 16:45:00,2024-02-16 04:30:00,PEOPLEUSDT,swing_long,Bull,0.0451,-4.1921
2024-02-13 18:15:00,2024-02-16 04:45:00,KNCUSDT,diplong,Bull,0.1244,5.9722
2024-02-13 18:15:00,2024-02-16 06:00:00,TWTUSDT,swing_long,Bull,0.0000,1.6144
2024-02-13 19:30:00,2024-02-16 06:30:00,DASHUSDT,diplong,Bull,0.1631,4.9730
2024-02-13 20:45:00,2024-02-16 08:15:00,EGLDUSDT,swing_long,Bull,0.1347,1.8695
2024-02-14 12:45:00,2024-02-16 11:45:00,ARKMUSDT,diplong,Bull,0.2066,22.8772
2024-02-14 15:45:00,2024-02-15 21:45:00,THETAUSDT,diplong,Bull,0.1313,1.5746
2024-02-14 18:45:00,2024-02-15 15:30:00,MASKUSDT,diplong,Bull,0.1065,1.4086
2024-02-14 21:15:00,2024-02-16 06:30:00,ALICEUSDT,swing_long,Bull,0.2103,1.8155
2024-02-15 04:30:00,2024-02-15 15:30:00,ZECUSDT,swing_long,Bull,0.1775,1.4485
2024-02-15 10:30:00,2024-02-15 17:00:00,NEOUSDT,swing_long,Bull,0.2246,1.6401
2024-02-15 20:00:00,2024-02-15 21:00:00,CELOUSDT,grid,Bull,0.0104,-0.8791
2024-02-15 22:30:00,2024-02-16 13:30:00,THETAUSDT,diplong,Bull,0.1236,1.6516
2024-02-27 22:30:00,2024-03-01 09:45:00,YGGUSDT,swing_long,Bull,0.1619,15.0433
2024-02-28 01:15:00,2024-03-02 06:30:00,MINAUSDT,ripshort,Bull,0.0000,-5.7184
2024-02-28 20:45:00,2024-03-02 07:30:00,ALICEUSDT,diplong,Bull,0.1642,7.1386
2024-02-28 22:15:00,2024-03-02 10:00:00,TWTUSDT,swing_long,Bull,0.0000,1.6966
2024-02-28 22:30:00,2024-03-02 09:30:00,FLOWUSDT,diplong,Bull,0.2684,9.7347
2024-02-28 23:45:00,2024-03-02 11:30:00,FLOWUSDT,swing_long,Bull,0.2671,8.0875
2024-02-29 01:00:00,2024-03-02 12:45:00,ZECUSDT,swing_long,Bull,0.1708,7.2911
2024-02-29 19:30:00,2024-03-02 11:45:00,EGLDUSDT,diplong,Bull,0.1467,0.0125
2024-02-29 22:45:00,2024-03-02 04:30:00,PEOPLEUSDT,diplong,Bull,0.1800,2.3434
2024-03-01 13:45:00,2024-03-01 16:45:00,HIGHUSDT,grid,Bull,0.0104,1.4514
2024-03-01 14:15:00,2024-03-01 16:15:00,EGLDUSDT,grid,Bull,0.2594,0.8914
2024-03-01 14:30:00,2024-03-01 16:30:00,ALICEUSDT,grid,Bull,0.0104,1.3590
2024-03-01 16:15:00,2024-03-04 03:00:00,CELOUSDT,diplong,Bull,0.1049,-2.4347
2024-03-01 17:45:00,2024-03-02 01:15:00,PEOPLEUSDT,swing_long,Bull,0.0451,2.3836
2024-03-01 22:30:00,2024-03-04 10:15:00,THETAUSDT,swing_long,Bull,0.2105,14.8803
2024-03-01 22:45:00,2024-03-02 00:45:00,HIGHUSDT,grid,Bull,0.0104,1.0678
2024-03-02 05:00:00,2024-03-02 09:30:00,PEOPLEUSDT,diplong,Bull,0.1793,2.3787
2024-03-02 07:15:00,2024-03-02 08:15:00,YGGUSDT,grid,Bull,0.0103,1.6423
2024-03-02 07:45:00,2024-03-04 10:30:00,PEOPLEUSDT,swing_long,Bull,0.0450,1.9040
2024-03-02 09:30:00,2024-03-02 10:30:00,ALICEUSDT,grid,Bull,0.0102,1.1865
2024-03-02 13:15:00,2024-03-04 10:30:00,FLOWUSDT,swing_long,Bull,0.2688,1.0224
2024-03-02 23:00:00,2024-03-04 10:45:00,XTZUSDT,swing_long,Bull,0.1644,2.1011
2024-03-03 02:00:00,2024-03-06 02:00:00,CELOUSDT,swing,Bull,0.4974,17.1032
2024-03-03 10:30:00,2024-03-04 10:00:00,WAVESUSDT,diplong,Bull,0.1680,15.4635
2024-03-03 17:15:00,2024-03-04 10:30:00,KNCUSDT,swing_long,Bull,0.1922,2.5751
2024-03-06 00:15:00,2024-03-07 00:00:00,HIGHUSDT,ripshort,Bear,0.0000,-10.8508
2024-03-06 00:15:00,2024-03-07 20:30:00,TWTUSDT,ripshort,Bear,0.0000,-9.0290
2024-03-06 05:15:00,2024-03-08 17:00:00,CELOUSDT,swing_long,Bear,0.2111,9.0769
2024-03-06 06:15:00,2024-03-08 16:00:00,KNCUSDT,swing_long,Bear,0.1924,2.1950
2024-03-06 06:15:00,2024-03-08 16:00:00,TWTUSDT,swing_long,Bear,0.0000,2.0189
2024-03-06 07:45:00,2024-03-08 19:15:00,KAVAUSDT,swing_long,Bull,0.2033,9.4034
2024-03-06 07:45:00,2024-03-08 19:30:00,ALICEUSDT,swing_long,Bull,0.2106,0.3881
2024-03-06 08:15:00,2024-03-08 20:00:00,WAVESUSDT,swing_long,Bull,0.1845,1.7388
2024-03-06 08:30:00,2024-03-08 20:15:00,MASKUSDT,swing_long,Bull,0.1989,-0.4607
2024-03-06 08:30:00,2024-03-08 20:15:00,MINAUSDT,swing_long,Bull,0.1903,-0.8344
2024-03-06 08:45:00,2024-03-07 16:00:00,YGGUSDT,ripshort,Bull,0.0000,-10.1533
2024-03-06 12:30:00,2024-03-09 04:15:00,EGLDUSDT,ripshort,Bull,0.0000,-4.3600
2024-03-07 20:15:00,2024-03-09 10:15:00,YGGUSDT,diplong,Bull,0.1404,28.6264
2024-03-08 03:30:00,2024-03-10 14:15:00,MINAUSDT,diplong,Bull,0.1398,9.5536
2024-03-08 04:15:00,2024-03-10 14:30:00,ALICEUSDT,diplong,Bull,0.1642,4.0844
2024-03-08 05:00:00,2024-03-10 14:45:00,ZECUSDT,diplong,Bull,0.1009,-4.2836
2024-03-08 08:45:00,2024-03-10 09:45:00,IDUSDT,diplong,Bull,0.0130,31.5707
2024-03-08 09:15:00,2024-03-10 20:15:00,THETAUSDT,diplong,Bull,0.1262,5.5590
2024-03-08 09:45:00,2024-03-10 20:00:00,WAVESUSDT,diplong,Bull,0.1619,0.1509
2024-03-08 21:15:00,2024-03-11 08:30:00,DASHUSDT,swing_long,Bull,0.2367,2.1536
2024-03-08 22:30:00,2024-03-11 10:15:00,KAVAUSDT,swing_long,Bull,0.2033,3.3403
2024-03-08 23:15:00,2024-03-11 11:00:00,WAVESUSDT,swing_long,Bull,0.1845,3.5730
2024-03-08 23:30:00,2024-03-11 11:15:00,THETAUSDT,swing_long,Bull,0.2109,15.6604
2024-03-09 04:30:00,2024-03-11 16:30:00,NEOUSDT,swing_long,Bull,0.2240,0.8819
2024-03-09 05:45:00,2024-03-11 17:15:00,WOOUSDT,swing_long,Bull,0.1707,-4.3625
2024-03-09 07:15:00,2024-03-11 16:15:00,PEOPLEUSDT,diplong,Bull,0.1795,-6.8270
2024-03-09 08:15:00,2024-03-09 10:15:00,TWTUSDT,swing_long,Bull,0.0000,2.6830
2024-03-09 11:15:00,2024-03-10 13:45:00,ALICEUSDT,swing_long,Bull,0.2105,2.3578
2024-03-09 17:45:00,2024-03-10 13:45:00,KNCUSDT,diplong,Bull,0.1244,2.5523
2024-03-10 07:15:00,2024-03-12 16:45:00,MINAUSDT,swing_long,Bull,0.1855,1.9744
2024-03-10 09:15:00,2024-03-10 10:15:00,SUPERUSDT,grid,Bull,0.0104,0.9453
2024-03-10 16:15:00,2024-03-12 08:00:00,KNCUSDT,swing_long,Bull,0.1926,2.3208
2024-03-10 21:15:00,2024-03-12 06:00:00,WAVESUSDT,diplong,Bull,0.1684,2.4386
2024-03-10 23:15:00,2024-03-12 08:00:00,TWTUSDT,diplong,Bull,0.0000,2.3981
2024-03-11 08:45:00,2024-03-11 13:45:00,CELOUSDT,swing_long,Bull,0.2111,35.3875
2024-03-11 13:30:00,2024-03-14 01:15:00,THETAUSDT,swing_long,Bull,0.2109,-6.1259
2024-03-11 16:45:00,2024-03-13 13:30:00,KAVAUSDT,diplong,Bull,0.1090,2.3583
2024-03-11 17:00:00,2024-03-14 03:45:00,KNCUSDT,diplong,Bull,0.1244,10.8021
2024-03-11 17:45:00,2024-03-14 03:15:00,THETAUSDT,diplong,Bull,0.1312,-4.5788
2024-03-11 20:30:00,2024-03-14 08:00:00,CELOUSDT,swing_long,Bull,0.2108,-18.4384
2024-03-11 21:15:00,2024-03-14 08:45:00,ZECUSDT,swing_long,Bull,0.1772,-0.7965
2024-03-12 08:45:00,2024-03-13 16:30:00,IDUSDT,diplong,Bull,0.0130,2.1381
2024-03-12 09:00:00,2024-03-13 13:30:00,DASHUSDT,diplong,Bull,0.1633,2.5103
2024-03-12 09:15:00,2024-03-13 14:30:00,EGLDUSDT,diplong,Bull,0.1479,0.7590
2024-03-12 13:45:00,2024-03-15 13:00:00,CELOUSDT,swing,Bull,0.4974,17.5926
2024-03-12 23:30:00,2024-03-13 13:45:00,KAVAUSDT,swing_long,Bull,0.2033,2.5343
2024-03-13 00:30:00,2024-03-16 00:15:00,MINAUSDT,swing,Bull,0.4969,12.5621
2024-03-13 02:30:00,2024-03-16 02:30:00,DASHUSDT,swing,Bull,0.2562,9.0706
2024-03-13 05:15:00,2024-03-16 02:30:00,BLURUSDT,swing,Bull,0.0102,4.7103
2024-03-13 12:15:00,2024-03-13 13:15:00,TRBUSDT,grid,Bull,0.0000,-0.9926
2024-03-13 18:30:00,2024-03-14 08:45:00,IDUSDT,diplong,Bull,0.0130,2.2690
2024-03-14 00:30:00,2024-03-14 02:30:00,PEOPLEUSDT,grid,Bull,0.0104,5.7803
2024-03-14 03:30:00,2024-03-14 04:30:00,XTZUSDT,grid,Bull,0.2559,-0.7730
2024-03-14 11:15:00,2024-03-15 13:30:00,ARKMUSDT,swing,Bull,0.0199,2.6874
2024-03-14 22:45:00,2024-03-15 18:00:00,CAKEUSDT,swing,Bear,0.0199,2.8953
2024-03-15 01:00:00,2024-03-15 18:15:00,ALICEUSDT,swing,Bear,0.4974,2.7087
2024-03-15 16:15:00,2024-03-21 03:00:00,ZECUSDT,ripshort,Bear,0.0000,4.8897
2024-03-16 10:00:00,2024-03-19 09:15:00,YGGUSDT,swing,Bear,0.3929,23.0724
2024-03-17 20:30:00,2024-03-20 20:00:00,TWTUSDT,swing,Bear,0.0199,4.7672
2024-03-17 21:00:00,2024-03-20 20:30:00,FLOWUSDT,swing,Bear,0.4973,3.2691
2024-03-17 21:45:00,2024-03-20 21:15:00,MINAUSDT,swing,Bear,0.4967,5.8439
2024-03-19 18:45:00,2024-03-21 12:30:00,CELOUSDT,swing_long,Bear,0.2111,2.4636
2024-03-19 19:45:00,2024-03-20 07:30:00,WOOUSDT,swing,Bear,0.4974,2.5415
2024-03-21 05:30:00,2024-03-21 16:15:00,WOOUSDT,ripshort,Bull,0.0000,-6.9938
2024-03-21 14:15:00,2024-03-21 16:15:00,EGLDUSDT,grid,Bull,0.2594,1.1002
2024-03-21 14:30:00,2024-03-21 15:30:00,PEOPLEUSDT,grid,Bull,0.0104,2.2841
2024-03-21 16:00:00,2024-03-21 17:00:00,TWTUSDT,grid,Bull,0.0104,1.1322
2024-03-21 20:45:00,2024-03-25 14:15:00,THETAUSDT,ripshort,Bull,0.0000,-6.1130
2024-03-22 10:30:00,2024-03-25 14:15:00,EGLDUSDT,ripshort,Bear,0.0000,-5.5208
2024-03-22 11:00:00,2024-03-25 14:00:00,FLOWUSDT,ripshort,Bear,0.0000,-6.4292
2024-03-22 11:30:00,2024-03-24 22:15:00,MASKUSDT,diplong,Bear,0.1060,1.4924
2024-03-22 12:30:00,2024-03-24 23:00:00,WAVESUSDT,diplong,Bear,0.1684,2.8392
2024-03-22 12:30:00,2024-03-24 23:30:00,ALICEUSDT,diplong,Bear,0.1642,0.5822
2024-03-22 16:00:00,2024-03-25 14:15:00,HIGHUSDT,ripshort,Bear,0.0000,-7.0006
2024-03-22 16:15:00,2024-03-25 14:15:00,ALICEUSDT,ripshort,Bear,0.0000,-7.2049
2024-03-22 16:15:00,2024-03-25 14:15:00,DASHUSDT,ripshort,Bear,0.0000,-6.8238
2024-03-22 16:45:00,2024-03-25 01:00:00,PEOPLEUSDT,ripshort,Bear,0.0000,-8.2027
2024-03-22 16:45:00,2024-03-25 01:00:00,MASKUSDT,ripshort,Bear,0.0000,-7.9011
2024-03-24 05:45:00,2024-03-25 07:45:00,TWTUSDT,diplong,Ranging,0.0000,2.5950
2024-03-24 08:00:00,2024-03-26 18:45:00,ZECUSDT,diplong,Ranging,0.1008,8.4312
2024-03-24 13:45:00,2024-03-27 01:30:00,IDUSDT,swing_long,Bull,0.1118,5.2208
2024-03-24 18:00:00,2024-03-27 04:15:00,TRBUSDT,diplong,Bull,0.1688,3.6205
2024-03-24 18:00:00,2024-03-27 04:30:00,DASHUSDT,diplong,Bull,0.1633,5.9360
2024-03-24 23:30:00,2024-03-25 00:30:00,FLOWUSDT,grid,Bull,0.0104,2.3199
2024-03-25 09:45:00,2024-03-27 07:15:00,THETAUSDT,diplong,Bull,0.1304,2.5193
2024-03-25 10:30:00,2024-03-25 12:30:00,ALICEUSDT,grid,Bull,0.0104,0.8769
2024-03-26 01:45:00,2024-03-27 04:00:00,FLOWUSDT,swing_long,Bull,0.2694,1.5524
2024-03-26 06:45:00,2024-03-27 03:00:00,YGGUSDT,diplong,Bull,0.1481,2.3397
2024-03-26 15:00:00,2024-03-27 04:45:00,FLOWUSDT,diplong,Bull,0.2694,2.0081
2024-03-26 15:45:00,2024-03-27 01:45:00,KAVAUSDT,diplong,Bull,0.1090,2.3380
2024-03-26 17:45:00,2024-03-27 07:45:00,IDUSDT,diplong,Bull,0.0130,2.6215
2024-03-30 06:15:00,2024-04-02 05:30:00,NEOUSDT,swing,Ranging,0.4973,9.7082
2024-03-30 11:45:00,2024-04-02 11:15:00,MASKUSDT,swing,Ranging,0.3402,10.7991
2024-04-01 23:45:00,2024-04-08 10:00:00,CELOUSDT,ripshort,Bear,0.0000,4.5108
2024-04-02 00:00:00,2024-04-08 08:00:00,THETAUSDT,ripshort,Bear,0.0000,4.1001
2024-04-02 20:45:00,2024-04-07 07:00:00,KAVAUSDT,ripshort,Bear,0.0000,-4.4596
2024-04-02 23:30:00,2024-04-08 09:15:00,WOOUSDT,ripshort,Bear,0.0000,-2.4499
2024-04-02 23:45:00,2024-04-07 02:15:00,MASKUSDT,ripshort,Bear,0.0000,-4.3322
2024-04-03 08:00:00,2024-04-08 10:00:00,EGLDUSDT,ripshort,Bear,0.0000,-0.4794
2024-04-03 15:15:00,2024-04-07 04:45:00,PEOPLEUSDT,ripshort,Bear,0.0000,-4.6136
2024-04-04 10:00:00,2024-04-07 05:45:00,WAVESUSDT,ripshort,Bear,0.0000,-8.0955
2024-04-04 17:30:00,2024-04-07 05:15:00,THETAUSDT,swing_long,Bull,0.2109,1.5903
2024-04-04 17:30:00,2024-04-07 05:30:00,ALICEUSDT,swing_long,Bull,0.2105,-0.3630
2024-04-04 17:45:00,2024-04-05 02:30:00,TWTUSDT,swing_long,Bull,0.0000,-5.4936
2024-04-06 03:00:00,2024-04-08 13:30:00,FLOWUSDT,diplong,Bull,0.2694,5.5005
2024-04-06 03:15:00,2024-04-08 13:30:00,NEOUSDT,diplong,Bull,0.2694,26.7174
2024-04-06 05:00:00,2024-04-07 15:45:00,WAVESUSDT,swing_long,Bull,0.1845,2.5437
2024-04-06 05:15:00,2024-04-08 17:00:00,TWTUSDT,swing_long,Bull,0.0000,1.2006
2024-04-06 05:30:00,2024-04-08 15:15:00,YGGUSDT,diplong,Bull,0.1481,-6.8343
2024-04-06 21:00:00,2024-04-09 07:15:00,THETAUSDT,diplong,Bull,0.1310,10.0704
2024-04-06 21:45:00,2024-04-07 19:30:00,KAVAUSDT,swing_long,Bull,0.2033,2.2656
2024-04-06 22:15:00,2024-04-09 07:15:00,TRBUSDT,swing_long,Bull,0.1524,1.8541
2024-04-07 01:45:00,2024-04-09 07:45:00,DASHUSDT,swing_long,Bull,0.2361,1.7220
2024-04-07 02:30:00,2024-04-09 07:30:00,WOOUSDT,swing_long,Bull,0.1733,2.6207
2024-04-07 07:45:00,2024-04-09 06:30:00,MINAUSDT,diplong,Bull,0.1398,2.0561
2024-04-07 10:15:00,2024-04-09 08:00:00,DASHUSDT,diplong,Bull,0.1606,1.7545
2024-04-07 12:45:00,2024-04-09 08:00:00,ALICEUSDT,swing_long,Bull,0.2070,2.0197
2024-04-07 15:15:00,2024-04-07 16:15:00,THETAUSDT,grid,Bull,0.2594,0.5841
2024-04-07 17:30:00,2024-04-07 20:30:00,IDUSDT,grid,Bull,0.2587,0.5527
2024-04-07 18:45:00,2024-04-09 03:30:00,WOOUSDT,diplong,Bull,0.1562,2.7047
2024-04-07 19:00:00,2024-04-09 07:15:00,TRBUSDT,diplong,Bull,0.1684,1.5913
2024-04-07 20:00:00,2024-04-09 08:30:00,WAVESUSDT,ripshort,Bull,0.0000,-8.0456
2024-04-08 04:30:00,2024-04-08 08:15:00,NEOUSDT,ripshort,Bull,0.0000,-4.2484
2024-04-08 06:45:00,2024-04-08 08:00:00,KNCUSDT,ripshort,Bull,0.0000,-2.7586
2024-04-08 06:45:00,2024-04-08 08:15:00,FLOWUSDT,ripshort,Bull,0.0000,-4.0625
2024-04-08 08:15:00,2024-04-09 07:15:00,WAVESUSDT,swing_long,Bull,0.1840,2.5930
2024-04-08 08:30:00,2024-04-08 14:30:00,EGLDUSDT,swing_long,Bull,0.1427,1.6220
2024-04-08 09:00:00,2024-04-09 04:00:00,ARKMUSDT,swing_long,Bull,0.2694,2.6390
2024-04-11 09:15:00,2024-04-14 05:00:00,PEOPLEUSDT,swing,Bull,0.4974,36.6034
2024-04-11 19:00:00,2024-04-14 18:45:00,HIGHUSDT,swing,Bull,0.0199,26.9535
2024-04-13 08:45:00,2024-04-19 15:45:00,HIGHUSDT,ripshort,Bear,0.0000,3.5636
2024-04-14 09:00:00,2024-04-19 10:45:00,MASKUSDT,ripshort,Bear,0.0000,-2.8428
2024-04-15 00:00:00,2024-04-16 07:45:00,MINAUSDT,swing,Bear,0.4971,2.4986
2024-04-15 00:00:00,2024-04-17 18:00:00,ARKMUSDT,swing,Bear,0.0199,2.4264
2024-04-15 00:00:00,2024-04-17 23:15:00,EGLDUSDT,swing,Bear,0.3974,3.9957
2024-04-15 00:00:00,2024-04-17 23:30:00,BLURUSDT,swing,Bear,0.0199,9.9455
2024-04-15 00:00:00,2024-04-17 23:45:00,KNCUSDT,swing,Bear,0.2400,3.4696
2024-04-15 00:15:00,2024-04-18 00:00:00,TWTUSDT,swing,Bear,0.0199,7.4961
2024-04-15 07:15:00,2024-04-17 18:00:00,HIGHUSDT,swing,Bear,0.0199,2.4080
2024-04-15 07:45:00,2024-04-16 06:45:00,YGGUSDT,swing,Bear,0.3927,2.4047
2024-04-15 07:45:00,2024-04-17 18:30:00,PEOPLEUSDT,swing,Bear,0.4972,2.4996
2024-04-15 11:45:00,2024-04-19 11:00:00,TWTUSDT,ripshort,Bear,0.0000,-5.0927
2024-04-16 08:30:00,2024-04-19 08:15:00,YGGUSDT,swing,Bear,0.2910,4.8642
2024-04-18 05:00:00,2024-04-19 12:30:00,PEOPLEUSDT,ripshort,Bear,0.0000,-6.4115
2024-04-18 18:00:00,2024-04-19 11:00:00,KNCUSDT,ripshort,Bear,0.0000,-6.6164
2024-04-19 16:15:00,2024-04-19 17:15:00,EGLDUSDT,grid,Bull,0.2505,1.3552
2024-04-19 20:15:00,2024-04-19 21:15:00,EGLDUSDT,grid,Bull,0.2594,1.1890
2024-04-19 20:15:00,2024-04-19 21:15:00,THETAUSDT,grid,Bull,0.2594,1.4553
2024-04-19 20:15:00,2024-04-19 22:15:00,KAVAUSDT,grid,Bull,0.1773,-1.0293
2024-04-19 20:30:00,2024-04-19 21:30:00,XTZUSDT,grid,Bull,0.2594,1.2072
2024-04-19 20:30:00,2024-04-19 22:30:00,FLOWUSDT,grid,Bull,0.0102,-1.2849
2024-04-19 22:15:00,2024-04-19 23:15:00,THETAUSDT,grid,Bull,0.2568,1.5554
2024-04-19 22:15:00,2024-04-19 23:15:00,EGLDUSDT,grid,Bull,0.2568,1.2106
2024-04-20 05:45:00,2024-04-22 15:00:00,MASKUSDT,swing_long,Bull,0.1921,2.3917
2024-04-20 10:45:00,2024-04-22 21:15:00,SSVUSDT,diplong,Bull,0.1979,16.7721
2024-04-20 16:30:00,2024-04-23 04:15:00,THETAUSDT,swing_long,Bull,0.2109,8.7972
2024-04-20 16:45:00,2024-04-23 04:15:00,YGGUSDT,swing_long,Bull,0.1647,0.5852
2024-04-20 17:30:00,2024-04-23 05:15:00,EGLDUSDT,swing_long,Bull,0.1427,-1.3898
2024-04-20 17:45:00,2024-04-23 05:30:00,XTZUSDT,swing_long,Bull,0.1647,-1.8825
2024-04-20 17:45:00,2024-04-23 05:30:00,PEOPLEUSDT,swing_long,Bull,0.0451,-0.9270
2024-04-20 18:15:00,2024-04-23 06:00:00,CELOUSDT,swing_long,Bull,0.2108,1.2748
2024-04-21 17:45:00,2024-04-23 03:45:00,NEOUSDT,diplong,Bull,0.2693,2.7672
2024-04-21 18:00:00,2024-04-23 03:45:00,DASHUSDT,diplong,Bull,0.1633,2.5171
2024-04-22 04:15:00,2024-04-23 06:45:00,ZECUSDT,swing_long,Bull,0.1772,2.6629
2024-04-23 02:30:00,2024-04-23 04:30:00,ALICEUSDT,grid,Bull,0.0104,-0.7100
2024-04-27 18:30:00,2024-04-30 18:30:00,IDUSDT,swing,Bear,0.2257,10.9145
2024-04-27 19:15:00,2024-04-30 18:30:00,PEOPLEUSDT,swing,Bear,0.4919,14.4565
2024-04-27 21:15:00,2024-04-30 20:30:00,FLOWUSDT,swing,Bear,0.4973,7.6395
2024-04-28 03:45:00,2024-05-01 03:45:00,KNCUSDT,swing,Bear,0.2401,8.1577
2024-04-28 08:45:00,2024-05-01 08:15:00,EGLDUSDT,swing,Ranging,0.3975,15.2198
2024-04-28 09:45:00,2024-05-01 09:15:00,YGGUSDT,swing,Ranging,0.3929,18.6463
2024-04-28 16:45:00,2024-05-01 16:15:00,SSVUSDT,swing,Ranging,0.4974,25.1696
2024-04-28 19:30:00,2024-05-01 19:15:00,THETAUSDT,swing,Ranging,0.4974,13.1809
2024-04-29 23:45:00,2024-05-01 18:45:00,ARKMUSDT,swing,Bear,0.0199,2.6242
2024-04-30 03:15:00,2024-05-06 01:00:00,SSVUSDT,ripshort,Ranging,0.0000,-2.5169
2024-05-01 03:15:00,2024-05-03 13:00:00,TWTUSDT,ripshort,Bear,0.0000,-6.2225
2024-05-01 14:15:00,2024-05-03 13:30:00,ALICEUSDT,ripshort,Bear,0.0000,-8.7024
2024-05-01 19:15:00,2024-05-03 13:00:00,MINAUSDT,ripshort,Bear,0.0000,-3.1255
2024-05-02 00:15:00,2024-05-03 14:00:00,THETAUSDT,ripshort,Bear,0.0000,-3.9974
2024-05-02 01:45:00,2024-05-03 14:00:00,WOOUSDT,ripshort,Bear,0.0000,-8.2097
2024-05-02 12:30:00,2024-05-02 15:30:00,WAVESUSDT,swing,Bear,0.3183,-6.6750
2024-05-02 15:30:00,2024-05-05 03:15:00,YGGUSDT,swing_long,Bear,0.1648,3.2727
2024-05-02 22:15:00,2024-05-05 09:45:00,ZECUSDT,swing_long,Bear,0.1775,-0.6754
2024-05-02 22:30:00,2024-05-05 10:15:00,TRBUSDT,swing_long,Bear,0.1528,-6.9991
2024-05-03 01:15:00,2024-05-05 12:00:00,WAVESUSDT,diplong,Bear,0.1684,1.1910
2024-05-03 01:15:00,2024-05-05 12:00:00,CELOUSDT,diplong,Bear,0.1049,1.8596
2024-05-03 01:45:00,2024-05-05 13:30:00,PEOPLEUSDT,swing_long,Bear,0.0451,5.1902
2024-05-03 01:45:00,2024-05-05 13:30:00,XTZUSDT,swing_long,Bear,0.1647,0.5245
2024-05-03 05:30:00,2024-05-05 15:45:00,ZECUSDT,diplong,Bear,0.1009,2.4709
2024-05-03 07:15:00,2024-05-05 17:30:00,DASHUSDT,diplong,Bear,0.1633,0.9256
2024-05-03 08:30:00,2024-05-05 19:30:00,PEOPLEUSDT,diplong,Bear,0.1800,10.9652
2024-05-03 10:15:00,2024-05-03 14:00:00,XTZUSDT,ripshort,Bull,0.0000,-3.4825
2024-05-03 10:15:00,2024-05-03 20:15:00,CELOUSDT,ripshort,Bull,0.0000,-5.4277
2024-05-03 13:45:00,2024-05-06 01:15:00,SSVUSDT,swing_long,Bull,0.1928,5.2309
2024-05-03 16:45:00,2024-05-06 04:30:00,NEOUSDT,swing_long,Bull,0.2240,0.1554
2024-05-03 17:15:00,2024-05-06 04:30:00,IDUSDT,swing_long,Bull,0.1115,4.6970
2024-05-04 03:15:00,2024-05-05 18:00:00,EGLDUSDT,diplong,Bull,0.1480,1.9699
2024-05-04 03:30:00,2024-05-06 10:30:00,MASKUSDT,diplong,Bull,0.1064,1.8000
2024-05-04 05:15:00,2024-05-06 10:30:00,TRBUSDT,diplong,Bull,0.1687,30.9768
2024-05-05 06:00:00,2024-05-06 08:30:00,KNCUSDT,ripshort,Bull,0.0000,-4.6577
2024-05-05 09:15:00,2024-05-05 17:15:00,BLURUSDT,ripshort,Bull,0.0000,-6.3574
2024-05-05 10:30:00,2024-05-05 15:30:00,ALICEUSDT,ripshort,Bull,0.0000,-3.8752
2024-05-05 13:30:00,2024-05-06 10:30:00,CELOUSDT,diplong,Bull,0.1048,2.1284
2024-05-05 13:30:00,2024-05-06 10:30:00,WAVESUSDT,diplong,Bull,0.1682,2.2194
2024-05-05 21:00:00,2024-05-06 10:30:00,ZECUSDT,diplong,Bull,0.1008,1.7562
2024-05-06 23:15:00,2024-05-13 15:00:00,WAVESUSDT,ripshort,Bull,0.0000,4.0346
2024-05-06 23:45:00,2024-05-13 15:15:00,MASKUSDT,ripshort,Bull,0.0000,3.8719
2024-05-07 00:15:00,2024-05-13 15:45:00,KNCUSDT,ripshort,Bull,0.0000,4.6296
2024-05-07 08:00:00,2024-05-13 23:15:00,WOOUSDT,ripshort,Bull,0.0000,9.0732
2024-05-11 00:45:00,2024-05-15 15:15:00,DASHUSDT,ripshort,Bear,0.0000,1.4742
2024-05-13 06:15:00,2024-05-15 16:45:00,HIGHUSDT,diplong,Ranging,0.1959,-0.9823
2024-05-13 11:15:00,2024-05-16 17:00:00,XTZUSDT,ripshort,Bull,0.0000,-2.6687
2024-05-13 14:45:00,2024-05-17 03:30:00,SSVUSDT,ripshort,Bull,0.0000,-5.0503
2024-05-13 16:00:00,2024-05-15 16:15:00,KAVAUSDT,ripshort,Bull,0.0000,-2.5207
2024-05-13 16:15:00,2024-05-15 16:00:00,BLURUSDT,ripshort,Bull,0.0000,1.5341
2024-05-13 17:15:00,2024-05-15 17:15:00,KNCUSDT,ripshort,Bull,0.0000,-2.4089
2024-05-13 18:15:00,2024-05-17 12:45:00,CAKEUSDT,ripshort,Bull,0.0000,-2.9065
2024-05-14 00:15:00,2024-05-15 14:45:00,PEOPLEUSDT,swing_long,Bull,0.0451,50.6606
2024-05-14 17:30:00,2024-05-15 15:30:00,PEOPLEUSDT,diplong,Bear,0.1799,38.3003
2024-05-15 04:15:00,2024-05-15 14:00:00,MINAUSDT,ripshort,Ranging,0.0000,-6.4199
2024-05-15 17:45:00,2024-05-18 05:15:00,KAVAUSDT,swing_long,Bull,0.2033,3.7358
2024-05-15 18:30:00,2024-05-18 06:00:00,CELOUSDT,swing_long,Bull,0.2111,9.1842
2024-05-15 19:30:00,2024-05-18 07:15:00,SSVUSDT,swing_long,Bull,0.1928,15.2113
2024-05-15 19:30:00,2024-05-18 07:30:00,ARKMUSDT,swing_long,Bull,0.2693,0.1161
2024-05-15 20:45:00,2024-05-18 08:15:00,EGLDUSDT,swing_long,Bull,0.1427,0.6583
2024-05-16 02:15:00,2024-05-18 13:45:00,ZECUSDT,swing_long,Bull,0.1773,-1.2270
2024-05-16 03:15:00,2024-05-18 12:45:00,DASHUSDT,swing_long,Bull,0.2366,1.4667
2024-05-16 03:30:00,2024-05-18 15:15:00,WOOUSDT,swing_long,Bull,0.1710,4.4341
2024-05-16 11:30:00,2024-05-17 10:00:00,MASKUSDT,diplong,Bull,0.1065,1.5945
2024-05-16 11:30:00,2024-05-18 13:30:00,SSVUSDT,diplong,Bull,0.1977,14.3247
2024-05-16 13:45:00,2024-05-18 12:45:00,FLOWUSDT,diplong,Bull,0.2693,1.4400
2024-05-16 13:45:00,2024-05-18 12:45:00,ALICEUSDT,diplong,Bull,0.1642,2.1307
2024-05-16 13:45:00,2024-05-18 13:00:00,NEOUSDT,diplong,Bull,0.2692,1.9362
2024-05-16 13:45:00,2024-05-18 13:45:00,KNCUSDT,diplong,Bull,0.1243,1.7340
2024-05-16 13:45:00,2024-05-18 14:30:00,KAVAUSDT,diplong,Bull,0.1081,1.5322
2024-05-16 15:30:00,2024-05-17 01:00:00,THETAUSDT,diplong,Bull,0.1312,2.1996
2024-05-16 16:45:00,2024-05-18 16:30:00,TRBUSDT,ripshort,Bull,0.0000,-10.5102
2024-05-16 17:30:00,2024-05-17 15:00:00,TWTUSDT,ripshort,Bull,0.0000,-3.4934
2024-05-17 04:45:00,2024-05-17 15:30:00,NEOUSDT,ripshort,Bull,0.0000,-4.4159
2024-05-18 08:30:00,2024-05-20 20:15:00,SSVUSDT,swing_long,Bull,0.1928,6.2153
2024-05-18 09:15:00,2024-05-20 20:30:00,IDUSDT,swing_long,Bull,0.1118,0.6919
2024-05-18 11:30:00,2024-05-18 12:30:00,FLOWUSDT,grid,Bull,0.0104,-0.2889
2024-05-19 10:30:00,2024-05-21 21:15:00,SSVUSDT,diplong,Bull,0.1979,8.0043
2024-05-19 11:00:00,2024-05-20 19:15:00,BLURUSDT,ripshort,Bull,0.0000,-4.1874
2024-05-19 13:45:00,2024-05-21 23:15:00,TRBUSDT,diplong,Bull,0.1688,-4.8335
2024-05-19 19:45:00,2024-05-20 18:00:00,ALICEUSDT,ripshort,Bull,0.0000,-5.7911
2024-05-19 23:00:00,2024-05-20 19:30:00,FLOWUSDT,ripshort,Bull,0.0000,-6.1161
2024-05-20 01:15:00,2024-05-20 19:30:00,KNCUSDT,ripshort,Bull,0.0000,-6.3136
2024-05-20 03:30:00,2024-05-20 19:15:00,DASHUSDT,ripshort,Bull,0.0000,-3.8464
2024-05-20 03:30:00,2024-05-20 19:15:00,MINAUSDT,ripshort,Bull,0.0000,-7.3884
2024-05-20 03:30:00,2024-05-20 19:30:00,CAKEUSDT,ripshort,Bull,0.0000,-4.8059
2024-05-20 04:00:00,2024-05-20 19:15:00,XTZUSDT,ripshort,Bull,0.0000,-3.5558
2024-05-20 05:15:00,2024-05-22 04:15:00,WAVESUSDT,swing_long,Bull,0.1842,1.5108
2024-05-20 20:15:00,2024-05-20 20:15:00,EGLDUSDT,ripshort,Bull,0.0000,1.1267
2024-05-21 20:15:00,2024-05-22 01:45:00,IDUSDT,diplong,Bull,0.0130,2.2681
2024-05-29 22:15:00,2024-06-05 00:00:00,DASHUSDT,ripshort,Bear,0.0000,-1.0140
2024-05-29 23:45:00,2024-06-05 00:30:00,KAVAUSDT,ripshort,Bear,0.0000,-1.3038
2024-05-30 01:00:00,2024-06-05 00:30:00,FLOWUSDT,ripshort,Bear,0.0000,-0.1467
2024-05-30 03:00:00,2024-06-05 17:45:00,XTZUSDT,ripshort,Bear,0.0000,0.0495
2024-05-30 03:00:00,2024-06-05 19:00:00,CELOUSDT,ripshort,Bear,0.0000,3.0849
2024-05-30 12:00:00,2024-06-05 06:30:00,EGLDUSDT,ripshort,Ranging,0.0000,-0.3474
2024-05-30 12:00:00,2024-06-06 00:00:00,BLURUSDT,ripshort,Ranging,0.0000,-0.5821
2024-05-30 13:45:00,2024-06-03 15:00:00,KNCUSDT,ripshort,Ranging,0.0000,-5.1210
2024-06-01 10:00:00,2024-06-03 19:00:00,HIGHUSDT,diplong,Ranging,0.1922,2.6155
2024-06-02 10:45:00,2024-06-04 20:15:00,YGGUSDT,diplong,Ranging,0.1480,2.5500
2024-06-02 11:00:00,2024-06-04 19:30:00,PEOPLEUSDT,diplong,Ranging,0.1796,-6.4659
2024-06-02 15:15:00,2024-06-04 21:15:00,TWTUSDT,diplong,Ranging,0.0000,8.3784
2024-06-03 02:15:00,2024-06-05 09:30:00,CELOUSDT,swing_long,Ranging,0.2111,1.4397
2024-06-03 02:30:00,2024-06-05 04:30:00,EGLDUSDT,swing_long,Ranging,0.1427,0.7429
2024-06-03 02:30:00,2024-06-05 14:15:00,THETAUSDT,swing_long,Ranging,0.2109,3.3315
2024-06-03 02:45:00,2024-06-05 14:15:00,MASKUSDT,swing_long,Ranging,0.1989,3.6263
2024-06-03 03:00:00,2024-06-05 03:00:00,NEOUSDT,swing_long,Ranging,0.2246,1.2513
2024-06-03 15:30:00,2024-06-05 03:00:00,MASKUSDT,diplong,Bull,0.1065,1.4441
2024-06-04 01:15:00,2024-06-04 19:00:00,ZECUSDT,ripshort,Bull,0.0000,-6.4645
2024-06-04 16:45:00,2024-06-05 08:45:00,ARKMUSDT,swing_long,Bull,0.2694,2.6729
2024-06-04 19:15:00,2024-06-04 21:30:00,ZECUSDT,swing_long,Bull,0.1774,1.5782
2024-06-04 19:30:00,2024-06-04 22:30:00,PEOPLEUSDT,grid,Bull,0.0104,-1.0074
2024-06-05 13:00:00,2024-06-05 19:00:00,WOOUSDT,swing_long,Bull,0.1738,1.8766
2024-06-21 10:45:00,2024-06-24 10:15:00,KAVAUSDT,swing,Bear,0.4974,4.0463
2024-06-22 00:15:00,2024-06-24 21:15:00,ARKMUSDT,swing,Bear,0.0199,2.6687
2024-06-22 07:15:00,2024-06-24 22:00:00,NEOUSDT,swing,Bear,0.4974,2.4040
2024-06-22 15:15:00,2024-06-24 13:30:00,IDUSDT,swing,Ranging,0.2282,2.7426
2024-06-22 16:00:00,2024-06-24 13:30:00,MASKUSDT,swing,Ranging,0.3402,2.5302
2024-06-22 23:45:00,2024-06-25 03:30:00,DASHUSDT,swing,Ranging,0.4974,1.7287
2024-06-23 03:30:00,2024-06-24 12:15:00,EGLDUSDT,swing,Ranging,0.3975,2.5172
2024-06-23 05:30:00,2024-06-24 21:00:00,TWTUSDT,swing,Ranging,0.0199,2.1817
2024-06-23 13:00:00,2024-06-24 10:00:00,XTZUSDT,swing,Ranging,0.4974,1.4772
2024-06-23 13:45:00,2024-06-24 21:45:00,HIGHUSDT,swing,Ranging,0.0199,2.6634
2024-06-24 18:15:00,2024-06-25 03:30:00,MASKUSDT,swing,Bear,0.3402,-4.1777
2024-06-25 01:30:00,2024-06-25 15:30:00,ALICEUSDT,swing,Bear,0.2885,-5.8302
2024-06-25 01:45:00,2024-06-25 14:15:00,NEOUSDT,swing,Bear,0.4042,-3.7558
2024-06-25 13:00:00,2024-06-25 14:45:00,PEOPLEUSDT,swing,Bear,0.4042,-8.0707
2024-06-27 02:15:00,2024-07-01 09:00:00,EGLDUSDT,ripshort,Bear,0.0000,-3.1096
2024-06-27 11:00:00,2024-07-01 01:30:00,MINAUSDT,ripshort,Bear,0.0000,-5.5528
2024-06-27 11:00:00,2024-07-01 01:45:00,SUPERUSDT,ripshort,Bear,0.0000,-5.8665
2024-06-28 13:30:00,2024-07-01 00:15:00,MASKUSDT,diplong,Ranging,0.1065,-0.4544
2024-06-28 19:30:00,2024-07-01 06:30:00,FLOWUSDT,diplong,Bear,0.2694,-0.6287
2024-06-28 22:15:00,2024-07-01 00:30:00,PEOPLEUSDT,ripshort,Bear,0.0000,-8.6208
2024-06-29 02:00:00,2024-07-01 03:00:00,SSVUSDT,ripshort,Bear,0.0000,-7.8470
2024-06-29 02:15:00,2024-07-01 02:15:00,IDUSDT,ripshort,Bear,0.0000,-4.8472
2024-06-29 12:30:00,2024-07-01 15:00:00,WAVESUSDT,diplong,Ranging,0.1684,11.0040
2024-06-29 15:00:00,2024-07-01 02:15:00,PEOPLEUSDT,swing_long,Ranging,0.0451,2.6025
2024-06-29 19:15:00,2024-07-01 08:30:00,PEOPLEUSDT,diplong,Ranging,0.1800,2.6634
2024-06-29 20:45:00,2024-07-01 07:00:00,ZECUSDT,ripshort,Ranging,0.0000,-3.8889
2024-06-30 07:30:00,2024-07-01 14:00:00,MINAUSDT,swing_long,Ranging,0.1903,1.9409
2024-06-30 07:30:00,2024-07-01 14:00:00,YGGUSDT,swing_long,Ranging,0.1648,2.3776
2024-06-30 07:45:00,2024-07-01 05:15:00,NEOUSDT,swing_long,Ranging,0.2246,1.2198
2024-06-30 07:45:00,2024-07-01 11:15:00,WOOUSDT,swing_long,Ranging,0.1738,1.9018
2024-06-30 07:45:00,2024-07-01 15:15:00,THETAUSDT,swing_long,Ranging,0.2109,1.7144
2024-06-30 09:45:00,2024-07-01 01:00:00,HIGHUSDT,ripshort,Ranging,0.0000,-3.6561
2024-06-30 15:15:00,2024-07-01 00:45:00,TWTUSDT,diplong,Ranging,0.0000,1.6407
2024-06-30 15:15:00,2024-07-01 11:45:00,IDUSDT,swing_long,Ranging,0.1118,1.7573
2024-06-30 22:15:00,2024-07-01 07:15:00,ZECUSDT,diplong,Bull,0.1009,1.5923
2024-07-01 01:00:00,2024-07-01 22:30:00,KNCUSDT,swing_long,Bull,0.1873,-5.2340
2024-07-01 22:30:00,2024-07-04 22:15:00,YGGUSDT,swing,Bull,0.3929,19.0444
2024-07-02 06:15:00,2024-07-05 05:30:00,NEOUSDT,swing,Bull,0.4974,22.8719
2024-07-02 11:45:00,2024-07-05 11:30:00,PEOPLEUSDT,swing,Bull,0.4974,44.3833
2024-07-02 14:00:00,2024-07-05 11:30:00,MASKUSDT,swing,Bull,0.3402,21.9677
2024-07-02 14:15:00,2024-07-05 11:15:00,CAKEUSDT,swing,Bull,0.0199,21.4400
2024-07-02 20:45:00,2024-07-05 17:45:00,TRBUSDT,swing,Ranging,0.0232,17.2214
2024-07-02 22:30:00,2024-07-05 15:00:00,CELOUSDT,swing,Ranging,0.4974,20.0954
2024-07-06 08:45:00,2024-07-08 02:45:00,DASHUSDT,swing,Bear,0.3619,2.7112
2024-07-07 01:00:00,2024-07-08 03:30:00,ZECUSDT,swing,Bull,0.3035,2.6235
2024-07-07 01:00:00,2024-07-08 04:00:00,PEOPLEUSDT,swing,Bull,0.2606,2.4046
2024-07-07 01:00:00,2024-07-08 04:30:00,IDUSDT,swing,Bull,0.1196,2.6857
2024-07-07 01:00:00,2024-07-08 04:30:00,KNCUSDT,swing,Bull,0.1258,2.7074
2024-07-07 01:30:00,2024-07-10 04:00:00,CELOUSDT,ripshort,Bull,0.0000,-5.7456
2024-07-07 03:15:00,2024-07-08 03:30:00,YGGUSDT,swing,Bull,0.2398,2.6241
2024-07-07 05:00:00,2024-07-10 05:00:00,HIGHUSDT,ripshort,Bull,0.0000,-6.9827
2024-07-07 12:30:00,2024-07-14 04:15:00,TRBUSDT,ripshort,Bull,0.0000,9.0871
2024-07-07 13:30:00,2024-07-10 04:15:00,MINAUSDT,ripshort,Bull,0.0000,-6.3761
2024-07-07 14:15:00,2024-07-10 04:00:00,IDUSDT,ripshort,Bull,0.0000,-7.4572
2024-07-07 18:30:00,2024-07-14 04:30:00,ALICEUSDT,ripshort,Bear,0.0000,-0.8831
2024-07-07 20:30:00,2024-07-14 12:15:00,YGGUSDT,ripshort,Bear,0.0000,3.2269
2024-07-08 08:45:00,2024-07-10 11:45:00,DASHUSDT,swing_long,Bear,0.2367,2.6398
2024-07-10 03:00:00,2024-07-10 04:00:00,WAVESUSDT,grid,Bull,0.1634,1.7165
2024-07-11 16:30:00,2024-07-14 03:00:00,CELOUSDT,diplong,Bull,0.1049,2.4147
2024-07-11 16:30:00,2024-07-14 03:00:00,TWTUSDT,diplong,Bull,0.0000,-0.7929
2024-07-11 17:15:00,2024-07-14 04:15:00,THETAUSDT,diplong,Bull,0.1313,3.6139
2024-07-11 19:30:00,2024-07-14 09:30:00,WOOUSDT,ripshort,Ranging,0.0000,-7.7816
2024-07-12 00:00:00,2024-07-14 10:45:00,KNCUSDT,diplong,Ranging,0.1244,1.7383
2024-07-12 03:15:00,2024-07-14 02:00:00,FLOWUSDT,ripshort,Bear,0.0000,-6.2137
2024-07-12 03:15:00,2024-07-14 05:30:00,IDUSDT,ripshort,Bear,0.0000,-6.9959
2024-07-12 06:00:00,2024-07-14 02:30:00,PEOPLEUSDT,ripshort,Bear,0.0000,-10.7940
2024-07-12 06:00:00,2024-07-14 21:30:00,THETAUSDT,ripshort,Bear,0.0000,-7.6258
2024-07-12 12:30:00,2024-07-14 23:15:00,SSVUSDT,diplong,Ranging,0.1979,5.2889
2024-07-12 17:30:00,2024-07-14 12:15:00,MINAUSDT,swing_long,Ranging,0.1903,2.2878
2024-07-13 07:45:00,2024-07-14 21:45:00,ALICEUSDT,diplong,Bull,0.1642,8.6480
2024-07-14 01:45:00,2024-07-14 03:45:00,KNCUSDT,grid,Bull,0.0104,0.5121
2024-07-14 01:45:00,2024-07-16 13:30:00,PEOPLEUSDT,swing_long,Bull,0.0448,18.4324
2024-07-14 06:45:00,2024-07-14 12:45:00,KNCUSDT,grid,Bull,0.0104,0.5137
2024-07-14 09:45:00,2024-07-16 21:30:00,ARKMUSDT,swing_long,Bull,0.2694,13.2006
2024-07-14 11:30:00,2024-07-16 22:15:00,THETAUSDT,diplong,Bull,0.1313,6.0255
2024-07-14 13:15:00,2024-07-16 21:00:00,CELOUSDT,diplong,Bull,0.1049,8.7196
2024-07-14 13:30:00,2024-07-17 00:15:00,MINAUSDT,diplong,Bull,0.1396,7.9605
2024-07-14 14:30:00,2024-07-15 01:15:00,SSVUSDT,ripshort,Bull,0.0000,-5.2759
2024-07-14 14:45:00,2024-07-17 01:15:00,WOOUSDT,diplong,Bull,0.1545,6.7946
2024-07-15 10:30:00,2024-07-16 15:00:00,ZECUSDT,diplong,Bull,0.1008,2.6611
2024-07-15 12:15:00,2024-07-16 21:45:00,HIGHUSDT,diplong,Bull,0.1961,11.0598
2024-07-15 20:15:00,2024-07-17 16:00:00,TWTUSDT,swing_long,Bull,0.0000,1.4231
2024-07-16 06:30:00,2024-07-16 18:30:00,YGGUSDT,diplong,Bull,0.1481,2.7115
2024-07-16 06:30:00,2024-07-16 20:45:00,KNCUSDT,diplong,Bull,0.1244,1.4602
2024-07-16 10:45:00,2024-07-17 13:15:00,YGGUSDT,swing_long,Bull,0.1648,2.6137
2024-07-16 10:45:00,2024-07-17 16:30:00,TRBUSDT,swing_long,Bull,0.1528,2.6194
2024-07-16 15:45:00,2024-07-17 14:00:00,SSVUSDT,swing_long,Bull,0.1928,2.5052
2024-07-16 16:00:00,2024-07-17 08:00:00,ZECUSDT,diplong,Bull,0.1002,2.7178
2024-07-16 23:00:00,2024-07-17 16:00:00,KNCUSDT,diplong,Bull,0.1244,1.7541
2024-07-17 14:00:00,2024-07-20 00:15:00,THETAUSDT,diplong,Bull,0.1313,0.9942
2024-07-17 17:00:00,2024-07-20 01:45:00,MASKUSDT,diplong,Bull,0.1065,1.9458
2024-07-17 17:00:00,2024-07-20 02:30:00,ARKMUSDT,diplong,Bull,0.2196,-3.8553
2024-07-17 17:00:00,2024-07-20 03:15:00,WOOUSDT,diplong,Bull,0.1562,3.6148
2024-07-17 17:00:00,2024-07-20 03:15:00,SSVUSDT,diplong,Bull,0.1979,0.4097
2024-07-17 17:45:00,2024-07-20 04:15:00,MINAUSDT,diplong,Bull,0.1398,1.9277
2024-07-17 21:45:00,2024-07-20 08:30:00,BLURUSDT,diplong,Bull,0.0582,14.1308
2024-07-18 00:30:00,2024-07-20 11:30:00,XTZUSDT,diplong,Bull,0.1442,-1.6995
2024-07-18 00:45:00,2024-07-20 12:30:00,ALICEUSDT,swing_long,Bull,0.2106,-10.4328
2024-07-18 02:00:00,2024-07-20 13:30:00,XTZUSDT,swing_long,Bull,0.1647,-3.9760
2024-07-18 13:30:00,2024-07-21 01:15:00,KAVAUSDT,swing_long,Bull,0.2033,0.7803
2024-07-19 15:15:00,2024-07-22 02:30:00,ARKMUSDT,swing_long,Bull,0.2693,-0.4025
2024-07-19 17:30:00,2024-07-21 06:45:00,FLOWUSDT,swing_long,Bull,0.2683,1.8993
2024-07-19 18:00:00,2024-07-20 11:30:00,IDUSDT,swing_long,Bull,0.1118,2.6043
2024-07-19 19:00:00,2024-07-21 04:45:00,MINAUSDT,swing_long,Bull,0.1903,2.4266
2024-07-19 19:00:00,2024-07-22 01:00:00,NEOUSDT,swing_long,Bull,0.2245,2.1620
2024-07-20 09:30:00,2024-07-20 10:30:00,XTZUSDT,grid,Bull,0.2594,-0.7120
2024-07-20 12:30:00,2024-07-21 00:45:00,THETAUSDT,diplong,Bull,0.1313,2.3962
2024-07-20 14:15:00,2024-07-21 04:30:00,WOOUSDT,diplong,Bull,0.1562,2.2560
2024-07-20 14:45:00,2024-07-22 04:15:00,MINAUSDT,diplong,Bull,0.1393,2.2380
2024-07-20 18:15:00,2024-07-20 19:45:00,SUPERUSDT,diplong,Bull,0.1700,2.7381
2024-07-20 19:15:00,2024-07-20 22:15:00,SSVUSDT,grid,Bull,0.0104,-1.2240
2024-07-20 22:30:00,2024-07-20 23:30:00,XTZUSDT,grid,Bull,0.2594,0.4653
2024-07-21 00:30:00,2024-07-21 01:30:00,XTZUSDT,grid,Bull,0.2594,0.4848
2024-07-21 03:15:00,2024-07-22 01:00:00,ZECUSDT,swing_long,Bull,0.1774,2.6584
2024-07-21 04:30:00,2024-07-21 05:30:00,XTZUSDT,grid,Bull,0.2592,-0.8690
2024-07-21 21:15:00,2024-07-26 19:00:00,TRBUSDT,ripshort,Bull,0.0000,5.1062
2024-07-23 01:45:00,2024-07-26 22:30:00,ARKMUSDT,ripshort,Bull,0.0000,4.4546
2024-07-23 04:30:00,2024-07-27 00:00:00,YGGUSDT,ripshort,Bull,0.0000,4.2938
2024-07-23 11:00:00,2024-07-26 12:00:00,KNCUSDT,ripshort,Bull,0.0000,1.1429
2024-07-23 16:15:00,2024-07-29 10:45:00,CAKEUSDT,ripshort,Bull,0.0000,-1.6380
2024-07-23 19:45:00,2024-07-26 13:45:00,MASKUSDT,ripshort,Bear,0.0000,0.7759
2024-07-24 00:45:00,2024-07-29 05:45:00,WOOUSDT,ripshort,Bear,0.0000,-2.8956
2024-07-24 14:15:00,2024-07-27 01:30:00,FLOWUSDT,swing_long,Bear,0.2694,-2.5092
2024-07-24 22:45:00,2024-07-27 09:15:00,SUPERUSDT,diplong,Bear,0.1700,7.6705
2024-07-25 05:00:00,2024-07-27 15:30:00,FLOWUSDT,diplong,Bear,0.2694,3.5549
2024-07-25 12:45:00,2024-07-27 07:15:00,PEOPLEUSDT,ripshort,Bear,0.0000,-9.2711
2024-07-26 01:45:00,2024-07-26 14:30:00,THETAUSDT,swing_long,Bear,0.2109,2.6844
2024-07-26 07:15:00,2024-07-27 09:15:00,IDUSDT,swing_long,Bull,0.1118,2.4795
2024-07-26 07:15:00,2024-07-27 15:30:00,CELOUSDT,swing_long,Bull,0.2111,2.6480
2024-07-26 19:00:00,2024-07-28 03:45:00,YGGUSDT,swing_long,Bull,0.1575,2.5805
2024-07-26 23:45:00,2024-07-27 13:30:00,BLURUSDT,ripshort,Bull,0.0000,-2.5524
2024-07-27 00:00:00,2024-07-29 11:30:00,NEOUSDT,swing_long,Bull,0.2246,1.8581
2024-07-27 02:30:00,2024-07-29 12:30:00,IDUSDT,diplong,Bull,0.0130,-4.8287
2024-07-27 02:30:00,2024-07-29 13:00:00,CAKEUSDT,diplong,Bull,0.2049,1.9300
2024-07-27 02:30:00,2024-07-29 13:30:00,PEOPLEUSDT,diplong,Bull,0.1797,-2.9785
2024-07-27 11:45:00,2024-07-29 11:00:00,DASHUSDT,diplong,Bull,0.1633,1.7606
2024-07-28 00:45:00,2024-07-29 13:45:00,YGGUSDT,diplong,Bull,0.1478,2.6459
2024-07-28 16:15:00,2024-07-29 06:00:00,YGGUSDT,ripshort,Bull,0.0000,-9.0861
2024-07-29 01:30:00,2024-07-29 12:00:00,WOOUSDT,swing_long,Bull,0.1738,2.1033
2024-07-31 16:00:00,2024-08-03 15:30:00,BLURUSDT,swing,Bear,0.0199,17.8041
2024-08-05 17:00:00,2024-08-08 14:15:00,IDUSDT,ripshort,Bear,0.0000,-8.0323
2024-08-05 17:00:00,2024-08-08 14:15:00,THETAUSDT,ripshort,Bear,0.0000,-8.2081
2024-08-05 17:00:00,2024-08-08 14:45:00,KNCUSDT,ripshort,Bear,0.0000,-7.6293
2024-08-05 18:15:00,2024-08-08 14:45:00,DASHUSDT,ripshort,Bear,0.0000,-5.2183
2024-08-06 01:30:00,2024-08-08 14:30:00,WAVESUSDT,ripshort,Bear,0.0000,-6.6441
2024-08-06 08:15:00,2024-08-06 16:30:00,TRBUSDT,swing,Bear,0.0232,-11.3113
2024-08-06 20:00:00,2024-08-08 02:15:00,SSVUSDT,swing,Bear,0.3334,2.5198
2024-08-07 09:00:00,2024-08-09 20:15:00,KAVAUSDT,swing_long,Bear,0.2033,5.1697
2024-08-07 10:45:00,2024-08-09 22:30:00,XTZUSDT,swing_long,Bear,0.1647,0.3978
2024-08-07 13:45:00,2024-08-10 00:45:00,ZECUSDT,diplong,Bull,0.1009,22.0716
2024-08-08 01:45:00,2024-08-10 13:15:00,TRBUSDT,swing_long,Bear,0.1526,4.3648
2024-08-08 02:15:00,2024-08-10 14:00:00,TWTUSDT,swing_long,Bear,0.0000,3.2425
2024-08-08 02:30:00,2024-08-10 14:15:00,YGGUSDT,swing_long,Bear,0.1641,27.3188
2024-08-08 04:30:00,2024-08-10 16:30:00,DASHUSDT,swing_long,Bear,0.2294,3.8922
2024-08-10 09:15:00,2024-08-10 10:15:00,TRBUSDT,grid,Bull,0.0000,0.7787
2024-08-10 13:15:00,2024-08-10 14:15:00,TRBUSDT,grid,Bull,0.0000,2.6074
2024-08-11 23:00:00,2024-08-14 09:15:00,SUPERUSDT,diplong,Bear,0.1691,-2.0657
2024-08-12 00:45:00,2024-08-14 12:45:00,NEOUSDT,ripshort,Bear,0.0000,-7.7766
2024-08-12 01:30:00,2024-08-14 12:15:00,YGGUSDT,diplong,Bear,0.1474,2.3154
2024-08-12 05:00:00,2024-08-14 10:00:00,HIGHUSDT,ripshort,Bear,0.0000,-8.4466
2024-08-12 08:30:00,2024-08-14 09:45:00,MINAUSDT,swing_long,Bear,0.1894,2.5312
2024-08-13 04:30:00,2024-08-14 12:00:00,ZECUSDT,diplong,Ranging,0.1004,2.6787
2024-08-14 22:00:00,2024-08-20 04:00:00,MINAUSDT,ripshort,Bear,0.0000,-2.9887
2024-08-15 04:30:00,2024-08-20 05:15:00,WOOUSDT,ripshort,Bear,0.0000,-3.3214
2024-08-15 10:45:00,2024-08-22 02:15:00,TRBUSDT,ripshort,Bear,0.0000,1.4910
2024-08-17 19:45:00,2024-08-20 06:15:00,SUPERUSDT,diplong,Bull,0.1700,0.0604
2024-08-17 22:00:00,2024-08-20 09:15:00,YGGUSDT,swing_long,Bull,0.1648,15.4075
2024-08-17 23:15:00,2024-08-20 08:45:00,ZECUSDT,diplong,Bull,0.1009,-3.1569
2024-08-17 23:45:00,2024-08-20 10:45:00,XTZUSDT,swing_long,Bull,0.1647,1.5829
2024-08-18 00:45:00,2024-08-20 12:30:00,FLOWUSDT,swing_long,Bull,0.2694,2.9564
2024-08-18 00:45:00,2024-08-20 12:30:00,ARKMUSDT,swing_long,Bull,0.2694,2.7473
2024-08-18 05:15:00,2024-08-20 14:15:00,CAKEUSDT,diplong,Bull,0.2032,1.7075
2024-08-18 12:00:00,2024-08-20 08:15:00,MINAUSDT,swing_long,Bull,0.1903,2.0401
2024-08-18 12:00:00,2024-08-20 14:45:00,EGLDUSDT,swing_long,Bull,0.1412,1.2910
2024-08-18 12:30:00,2024-08-20 11:30:00,WOOUSDT,swing_long,Bull,0.1738,1.9645
2024-08-18 18:30:00,2024-08-20 10:15:00,XTZUSDT,diplong,Bull,0.1442,1.5872
2024-08-18 18:30:00,2024-08-20 11:30:00,MINAUSDT,diplong,Bull,0.1398,2.0483
2024-08-18 18:45:00,2024-08-20 14:45:00,ALICEUSDT,swing_long,Bull,0.2084,3.0833
2024-08-18 22:15:00,2024-08-20 14:15:00,FLOWUSDT,diplong,Bull,0.2666,1.6900
2024-08-19 00:15:00,2024-08-20 14:15:00,KNCUSDT,diplong,Bull,0.1232,1.6001
2024-08-19 01:15:00,2024-08-20 14:15:00,WOOUSDT,diplong,Bull,0.1546,2.1806
2024-08-19 04:45:00,2024-08-20 05:00:00,XTZUSDT,ripshort,Bear,0.0000,-4.0899
2024-08-19 08:00:00,2024-08-22 10:00:00,ARKMUSDT,ripshort,Bear,0.0000,-7.0546
2024-08-21 20:15:00,2024-08-22 12:30:00,ARKMUSDT,swing_long,Bull,0.2665,2.6837
2024-08-22 13:30:00,2024-08-25 00:00:00,CAKEUSDT,diplong,Bull,0.2053,6.4416
2024-08-22 15:15:00,2024-08-25 02:00:00,WAVESUSDT,diplong,Bull,0.1684,5.4294
2024-08-22 23:15:00,2024-08-25 01:30:00,DASHUSDT,diplong,Bull,0.1633,1.2857
2024-08-23 07:00:00,2024-08-25 01:30:00,MASKUSDT,swing_long,Bull,0.1989,1.3568
2024-08-23 12:45:00,2024-08-25 01:30:00,CELOUSDT,diplong,Bull,0.1049,1.6978
2024-08-23 13:00:00,2024-08-25 07:00:00,FLOWUSDT,diplong,Bull,0.2693,1.2610
2024-08-23 13:00:00,2024-08-25 07:00:00,HIGHUSDT,diplong,Bull,0.1961,2.6460
2024-08-23 14:00:00,2024-08-24 21:45:00,KNCUSDT,swing_long,Bull,0.1926,1.3591
2024-08-23 14:00:00,2024-08-25 01:30:00,KAVAUSDT,swing_long,Bull,0.2033,1.5276
2024-08-23 14:15:00,2024-08-25 07:30:00,IDUSDT,swing_long,Bull,0.1118,1.4341
2024-08-23 15:15:00,2024-08-25 00:45:00,CELOUSDT,swing_long,Bull,0.2111,1.6532
2024-08-23 17:30:00,2024-08-25 07:15:00,EGLDUSDT,swing_long,Bull,0.1427,3.3031
2024-08-23 17:45:00,2024-08-24 21:45:00,FLOWUSDT,swing_long,Bull,0.2694,1.2964
2024-08-24 07:45:00,2024-08-24 21:15:00,XTZUSDT,diplong,Bull,0.1442,1.2876
2024-08-24 14:30:00,2024-08-25 01:30:00,PEOPLEUSDT,swing_long,Bull,0.0451,2.6656
2024-08-24 22:00:00,2024-08-27 21:30:00,FLOWUSDT,swing,Bull,0.4974,8.4369
2024-08-25 00:45:00,2024-08-28 00:15:00,MINAUSDT,swing,Bull,0.4974,10.7628
2024-08-25 12:30:00,2024-08-28 12:30:00,XTZUSDT,swing,Bull,0.4974,6.2648
2024-08-25 12:30:00,2024-08-28 12:30:00,PEOPLEUSDT,swing,Bull,0.4974,8.7886
2024-08-25 14:30:00,2024-08-28 14:15:00,WOOUSDT,swing,Bull,0.4974,11.9687
2024-08-25 15:45:00,2024-08-28 15:15:00,KAVAUSDT,swing,Bull,0.4974,13.1952
2024-08-25 15:45:00,2024-08-28 15:15:00,TRBUSDT,swing,Bull,0.0232,10.0700
2024-08-25 15:45:00,2024-08-28 15:30:00,IDUSDT,swing,Bull,0.2282,14.8999
2024-08-25 16:45:00,2024-08-28 16:15:00,EGLDUSDT,swing,Bull,0.3975,14.7387
2024-08-25 20:30:00,2024-08-28 20:00:00,TWTUSDT,swing,Bull,0.0199,9.5412
2024-08-28 11:45:00,2024-08-28 19:00:00,SUPERUSDT,swing,Bear,0.4974,2.6289
2024-09-03 20:30:00,2024-09-09 16:00:00,KNCUSDT,ripshort,Bear,0.0000,-1.9648
2024-09-03 23:00:00,2024-09-10 11:45:00,NEOUSDT,ripshort,Bear,0.0000,-0.5499
2024-09-04 03:00:00,2024-09-10 18:30:00,FLOWUSDT,ripshort,Bear,0.0000,-0.5995
2024-09-04 04:30:00,2024-09-09 16:15:00,MINAUSDT,ripshort,Bear,0.0000,-2.5394
2024-09-04 10:15:00,2024-09-09 16:00:00,CELOUSDT,ripshort,Bear,0.0000,-4.0096
2024-09-04 18:15:00,2024-09-07 13:30:00,ZECUSDT,swing,Bear,0.2549,2.6869
2024-09-04 18:45:00,2024-09-07 00:30:00,TWTUSDT,swing,Bear,0.0199,2.2830
2024-09-04 19:45:00,2024-09-10 17:00:00,DASHUSDT,ripshort,Bear,0.0000,-1.4889
2024-09-05 08:00:00,2024-09-10 05:15:00,WOOUSDT,ripshort,Bear,0.0000,-3.3896
2024-09-05 08:30:00,2024-09-07 13:00:00,TRBUSDT,swing,Bear,0.0119,2.7115
2024-09-05 19:15:00,2024-09-09 16:45:00,TRBUSDT,ripshort,Bear,0.0000,-3.8658
2024-09-06 03:00:00,2024-09-07 06:30:00,HIGHUSDT,swing,Bear,0.0199,2.6509
2024-09-06 05:00:00,2024-09-07 00:30:00,THETAUSDT,swing,Bear,0.4974,2.3322
2024-09-07 06:30:00,2024-09-09 18:15:00,EGLDUSDT,swing_long,Bear,0.1427,5.5389
2024-09-07 07:00:00,2024-09-09 18:30:00,NEOUSDT,swing_long,Bear,0.2246,2.8671
2024-09-07 07:30:00,2024-09-09 19:00:00,WAVESUSDT,swing_long,Bear,0.1845,7.2274
2024-09-07 08:45:00,2024-09-09 20:15:00,THETAUSDT,swing_long,Bear,0.2109,4.0285
2024-09-07 12:15:00,2024-09-09 23:30:00,IDUSDT,swing_long,Bear,0.1118,5.9308
2024-09-07 15:30:00,2024-09-10 03:15:00,TRBUSDT,swing_long,Bear,0.1528,5.2831
2024-09-07 15:30:00,2024-09-10 03:15:00,WOOUSDT,swing_long,Bear,0.1738,6.2816
2024-09-08 05:45:00,2024-09-10 17:15:00,YGGUSDT,swing_long,Bear,0.1648,2.0059
2024-09-08 13:30:00,2024-09-10 00:00:00,YGGUSDT,diplong,Bear,0.1481,2.6337
2024-09-08 13:30:00,2024-09-11 00:30:00,ALICEUSDT,diplong,Bear,0.1642,2.9080
2024-09-08 14:45:00,2024-09-11 01:30:00,BLURUSDT,diplong,Bear,0.0582,4.4484
2024-09-08 16:30:00,2024-09-11 01:45:00,HIGHUSDT,diplong,Bear,0.1961,2.6308
2024-09-08 16:45:00,2024-09-10 21:30:00,SUPERUSDT,diplong,Bear,0.1700,30.9185
2024-09-08 16:45:00,2024-09-11 03:30:00,DASHUSDT,diplong,Bear,0.1628,-1.1945
2024-09-09 06:15:00,2024-09-11 03:00:00,MASKUSDT,diplong,Ranging,0.1061,2.0115
2024-09-09 15:30:00,2024-09-10 15:45:00,WAVESUSDT,diplong,Bull,0.1684,1.9779
2024-09-09 20:00:00,2024-09-12 07:30:00,ALICEUSDT,swing_long,Bull,0.2105,0.4441
2024-09-09 20:45:00,2024-09-12 08:15:00,EGLDUSDT,swing_long,Bull,0.1426,0.0606
2024-09-09 21:15:00,2024-09-12 09:15:00,THETAUSDT,swing_long,Bull,0.2109,-0.3361
2024-09-09 21:30:00,2024-09-12 09:15:00,MINAUSDT,swing_long,Bull,0.1903,0.2865
2024-09-10 01:00:00,2024-09-12 11:15:00,THETAUSDT,diplong,Bull,0.1312,0.9181
2024-09-10 05:45:00,2024-09-12 17:30:00,IDUSDT,swing_long,Bull,0.1101,0.1850
2024-09-10 07:00:00,2024-09-12 18:15:00,WOOUSDT,swing_long,Bull,0.1727,12.6250
2024-09-10 18:30:00,2024-09-10 19:30:00,DASHUSDT,grid,Bull,0.0104,0.4506
2024-09-10 21:30:00,2024-09-10 23:30:00,DASHUSDT,grid,Bull,0.0104,-0.4165
2024-09-11 04:00:00,2024-09-12 11:45:00,YGGUSDT,diplong,Bull,0.1480,2.6367
2024-09-11 06:15:00,2024-09-13 17:15:00,KAVAUSDT,diplong,Bull,0.1089,6.4173
2024-09-11 07:30:00,2024-09-13 18:15:00,MASKUSDT,diplong,Bull,0.1065,6.8172
2024-09-11 07:30:00,2024-09-13 18:30:00,PEOPLEUSDT,diplong,Bull,0.1800,0.5897
2024-09-11 08:15:00,2024-09-13 21:30:00,DASHUSDT,ripshort,Bull,0.0000,-4.0119
2024-09-11 09:15:00,2024-09-12 12:30:00,ALICEUSDT,diplong,Bull,0.1611,2.3133
2024-09-11 12:45:00,2024-09-13 18:45:00,IDUSDT,ripshort,Bull,0.0000,-6.2359
2024-09-11 12:45:00,2024-09-14 00:00:00,WAVESUSDT,ripshort,Bull,0.0000,-5.6569
2024-09-11 12:45:00,2024-09-14 15:00:00,HIGHUSDT,ripshort,Bull,0.0000,-8.0882
2024-09-11 13:15:00,2024-09-14 01:00:00,TWTUSDT,swing_long,Bull,0.0000,10.1016
2024-09-11 13:45:00,2024-09-12 04:30:00,SSVUSDT,ripshort,Bull,0.0000,-8.3723
2024-09-11 14:45:00,2024-09-13 18:30:00,ALICEUSDT,ripshort,Bull,0.0000,-7.7560
2024-09-11 16:45:00,2024-09-14 04:00:00,DASHUSDT,swing_long,Bull,0.2367,1.3840
2024-09-11 18:30:00,2024-09-14 03:15:00,SUPERUSDT,diplong,Bull,0.1700,-6.5195
2024-09-12 08:30:00,2024-09-14 08:30:00,YGGUSDT,swing_long,Bull,0.1648,2.4349
2024-09-12 10:15:00,2024-09-14 20:30:00,NEOUSDT,diplong,Bull,0.2688,0.5805
2024-09-12 13:15:00,2024-09-14 08:30:00,ALICEUSDT,diplong,Bull,0.1642,2.0228
2024-09-12 13:45:00,2024-09-14 17:45:00,YGGUSDT,diplong,Bull,0.1481,2.4420
2024-09-12 14:15:00,2024-09-14 05:45:00,MINAUSDT,diplong,Bull,0.1398,1.9274
2024-09-12 20:45:00,2024-09-13 19:45:00,IDUSDT,swing_long,Bull,0.1118,1.6084
2024-09-15 17:45:00,2024-09-18 04:15:00,THETAUSDT,diplong,Bull,0.1313,-1.7865
2024-09-15 18:00:00,2024-09-18 04:15:00,SSVUSDT,diplong,Bull,0.1979,3.0160
2024-09-15 22:45:00,2024-09-18 06:15:00,SUPERUSDT,diplong,Bull,0.1700,-10.2173
2024-09-15 23:30:00,2024-09-18 09:00:00,WAVESUSDT,diplong,Bull,0.1611,-4.3070
2024-09-16 02:30:00,2024-09-18 01:00:00,MASKUSDT,ripshort,Bear,0.0000,-4.4554
2024-09-16 06:30:00,2024-09-19 05:30:00,TRBUSDT,ripshort,Bear,0.0000,-6.9565
2024-09-16 06:45:00,2024-09-18 03:30:00,KAVAUSDT,ripshort,Bear,0.0000,-5.6567
2024-09-16 06:45:00,2024-09-18 23:45:00,DASHUSDT,ripshort,Bear,0.0000,-5.4006
2024-09-16 06:45:00,2024-09-19 00:00:00,MINAUSDT,ripshort,Bear,0.0000,-6.7932
2024-09-16 06:45:00,2024-09-19 00:15:00,ARKMUSDT,ripshort,Bear,0.0000,-7.2024
2024-09-16 06:45:00,2024-09-19 00:15:00,XTZUSDT,ripshort,Bear,0.0000,-4.4246
2024-09-16 06:45:00,2024-09-19 00:45:00,IDUSDT,ripshort,Bear,0.0000,-6.7271
2024-09-17 13:30:00,2024-09-20 01:15:00,EGLDUSDT,swing_long,Bear,0.1427,5.8513
2024-09-17 14:15:00,2024-09-18 05:00:00,ALICEUSDT,swing_long,Bear,0.2106,1.9071
2024-09-17 14:15:00,2024-09-20 01:30:00,IDUSDT,swing_long,Bear,0.1118,7.5145
2024-09-17 14:30:00,2024-09-20 02:15:00,WOOUSDT,swing_long,Bull,0.1738,2.9212
2024-09-17 15:15:00,2024-09-20 02:45:00,HIGHUSDT,swing_long,Bull,0.1212,5.7663
2024-09-17 18:45:00,2024-09-20 06:30:00,DASHUSDT,swing_long,Bull,0.2367,4.2206
2024-09-17 21:30:00,2024-09-19 06:45:00,KAVAUSDT,swing_long,Bull,0.2033,18.0590
2024-09-18 02:45:00,2024-09-19 14:45:00,MASKUSDT,swing_long,Bull,0.1882,1.6095
2024-09-18 10:30:00,2024-09-20 20:45:00,HIGHUSDT,diplong,Bull,0.1959,6.6412
2024-09-18 10:30:00,2024-09-20 21:15:00,MASKUSDT,diplong,Bull,0.1063,6.7526
2024-09-18 10:45:00,2024-09-20 18:00:00,ZECUSDT,diplong,Bull,0.1008,1.7213
2024-09-18 10:45:00,2024-09-20 21:15:00,SSVUSDT,diplong,Bull,0.1975,10.3102
2024-09-18 17:00:00,2024-09-19 08:15:00,KAVAUSDT,diplong,Bull,0.1090,25.4915
2024-09-18 19:15:00,2024-09-19 02:45:00,THETAUSDT,swing_long,Bull,0.2109,2.0939
2024-09-19 07:30:00,2024-09-19 08:30:00,KAVAUSDT,swing_long,Bull,0.2033,2.5755
2024-09-19 16:30:00,2024-09-20 11:30:00,YGGUSDT,swing_long,Bull,0.1648,2.6373
2024-09-19 17:45:00,2024-09-20 05:30:00,MASKUSDT,swing_long,Bull,0.1989,2.0805
2024-09-19 22:30:00,2024-09-20 11:30:00,TRBUSDT,diplong,Bull,0.1688,2.6770
2024-09-19 22:45:00,2024-09-20 11:15:00,ALICEUSDT,diplong,Bull,0.1642,2.2374
2024-09-19 22:45:00,2024-09-20 11:30:00,EGLDUSDT,diplong,Bull,0.1480,1.8602
2024-09-19 22:45:00,2024-09-20 13:00:00,IDUSDT,diplong,Bull,0.0130,1.9657
2024-09-20 11:00:00,2024-09-20 23:00:00,BLURUSDT,swing_long,Bull,0.1754,2.6799
2024-09-22 18:30:00,2024-09-27 09:15:00,ZECUSDT,ripshort,Bull,0.0000,-3.8317
2024-09-24 15:00:00,2024-09-27 01:45:00,KNCUSDT,diplong,Bull,0.1239,-2.3045
2024-09-24 19:15:00,2024-09-27 07:15:00,SSVUSDT,swing_long,Bull,0.1928,2.1856
2024-09-25 00:00:00,2024-09-27 11:15:00,WOOUSDT,swing_long,Bull,0.1737,1.2822
2024-09-25 00:45:00,2024-09-27 12:00:00,WAVESUSDT,swing_long,Bull,0.1844,4.1246
2024-09-25 01:30:00,2024-09-27 13:15:00,EGLDUSDT,swing_long,Bull,0.1427,1.6939
2024-09-25 01:30:00,2024-09-27 13:15:00,MASKUSDT,swing_long,Bull,0.1989,0.3527
2024-09-25 05:30:00,2024-09-27 11:30:00,YGGUSDT,diplong,Bull,0.1481,2.6051
2024-09-25 05:30:00,2024-09-27 16:15:00,KAVAUSDT,diplong,Bull,0.1090,2.2639
2024-09-25 05:45:00,2024-09-27 16:00:00,WAVESUSDT,diplong,Bull,0.1684,5.7906
2024-09-25 08:15:00,2024-09-27 18:30:00,NEOUSDT,diplong,Bull,0.2693,5.2537
2024-09-25 08:30:00,2024-09-27 19:15:00,THETAUSDT,diplong,Bull,0.1313,8.7830
2024-09-25 08:45:00,2024-09-27 10:00:00,SSVUSDT,diplong,Bull,0.1978,2.6781
2024-09-25 08:45:00,2024-09-27 10:45:00,MASKUSDT,diplong,Bull,0.1065,1.6677
2024-09-25 10:15:00,2024-09-27 22:15:00,MINAUSDT,swing_long,Bull,0.1903,-0.6883
2024-09-25 10:45:00,2024-09-27 22:30:00,IDUSDT,swing_long,Bull,0.1117,1.4863
2024-09-26 06:30:00,2024-09-28 06:00:00,KAVAUSDT,swing_long,Ranging,0.2009,2.1352
2024-09-27 03:30:00,2024-09-27 10:00:00,TRBUSDT,diplong,Bull,0.1688,2.7318
2024-09-27 21:30:00,2024-09-28 01:30:00,DASHUSDT,grid,Bull,0.0104,0.4860
2024-09-28 00:15:00,2024-09-28 01:15:00,WOOUSDT,grid,Bull,0.0104,0.8551
2024-09-28 00:15:00,2024-09-28 03:00:00,YGGUSDT,swing_long,Bull,0.1647,2.6870
2024-09-28 03:15:00,2024-09-28 05:15:00,EGLDUSDT,grid,Bull,0.2581,-1.2243
2024-09-28 05:30:00,2024-09-28 06:30:00,DASHUSDT,grid,Bull,0.0102,-0.2369
2024-09-29 21:45:00,2024-10-02 21:00:00,CAKEUSDT,swing,Bull,0.0197,15.2950
2024-10-01 04:15:00,2024-10-01 21:45:00,TWTUSDT,swing,Bear,0.0199,2.6192
2024-10-02 02:45:00,2024-10-07 01:00:00,MINAUSDT,ripshort,Bear,0.0000,-4.0192
2024-10-02 04:15:00,2024-10-07 01:45:00,THETAUSDT,ripshort,Bear,0.0000,-3.5353
2024-10-02 04:15:00,2024-10-07 17:15:00,XTZUSDT,ripshort,Bear,0.0000,-2.2081
2024-10-02 06:00:00,2024-10-07 06:00:00,NEOUSDT,ripshort,Bear,0.0000,-3.5126
2024-10-02 07:15:00,2024-10-07 14:15:00,ALICEUSDT,ripshort,Bear,0.0000,-2.7089
2024-10-04 16:30:00,2024-10-07 03:15:00,SUPERUSDT,diplong,Bull,0.1696,1.1916
2024-10-04 16:30:00,2024-10-07 04:00:00,WAVESUSDT,swing_long,Bull,0.1843,3.0195
2024-10-04 16:30:00,2024-10-07 04:00:00,CAKEUSDT,swing_long,Bull,0.2208,3.1893
2024-10-04 16:45:00,2024-10-07 04:30:00,IDUSDT,swing_long,Bull,0.1117,4.7557
2024-10-04 20:00:00,2024-10-07 07:15:00,SSVUSDT,swing_long,Bull,0.1927,3.8244
2024-10-05 04:30:00,2024-10-07 15:30:00,BLURUSDT,diplong,Bull,0.0568,8.8516
2024-10-05 05:15:00,2024-10-07 17:00:00,CELOUSDT,swing_long,Bull,0.2093,12.4179
2024-10-05 12:45:00,2024-10-07 04:45:00,XTZUSDT,swing_long,Bull,0.1646,1.7108
2024-10-06 09:45:00,2024-10-07 04:45:00,XTZUSDT,diplong,Ranging,0.1441,1.5426
2024-10-07 23:45:00,2024-10-12 05:00:00,XTZUSDT,ripshort,Bull,0.0000,-4.4319
2024-10-08 10:45:00,2024-10-12 05:00:00,EGLDUSDT,ripshort,Ranging,0.0000,-4.9262
2024-10-08 22:15:00,2024-10-11 20:00:00,WAVESUSDT,ripshort,Ranging,0.0000,-0.2297
2024-10-08 22:15:00,2024-10-12 14:45:00,IDUSDT,ripshort,Ranging,0.0000,-4.6843
2024-10-08 22:30:00,2024-10-12 11:15:00,WOOUSDT,ripshort,Ranging,0.0000,-5.8751
2024-10-08 23:30:00,2024-10-12 00:00:00,NEOUSDT,ripshort,Ranging,0.0000,-5.3527
2024-10-09 05:00:00,2024-10-13 00:15:00,MINAUSDT,ripshort,Ranging,0.0000,-6.2557
2024-10-09 13:30:00,2024-10-11 19:00:00,CAKEUSDT,ripshort,Ranging,0.0000,0.8666
2024-10-10 06:45:00,2024-10-12 18:30:00,PEOPLEUSDT,swing_long,Bear,0.0451,4.5426
2024-10-10 07:15:00,2024-10-12 19:00:00,TWTUSDT,swing_long,Bear,0.0000,5.4367
2024-10-10 10:30:00,2024-10-12 21:00:00,CELOUSDT,diplong,Bear,0.1049,12.0535
2024-10-10 11:15:00,2024-10-12 22:45:00,ZECUSDT,swing_long,Bear,0.1775,10.9759
2024-10-10 12:15:00,2024-10-12 23:30:00,NEOUSDT,swing_long,Bear,0.2246,2.6574
2024-10-10 13:30:00,2024-10-13 01:15:00,SUPERUSDT,swing_long,Bear,0.1502,10.5820
2024-10-10 16:45:00,2024-10-13 01:00:00,SUPERUSDT,diplong,Bear,0.1689,16.5692
2024-10-11 01:15:00,2024-10-12 18:15:00,MASKUSDT,swing_long,Bear,0.1989,1.5200
2024-10-11 08:15:00,2024-10-12 11:30:00,KAVAUSDT,swing_long,Bear,0.2033,2.2148
2024-10-11 08:30:00,2024-10-12 20:45:00,ARKMUSDT,swing_long,Bear,0.2693,32.5708
2024-10-11 14:00:00,2024-10-12 18:15:00,DASHUSDT,diplong,Bear,0.1633,1.5077
2024-10-12 04:00:00,2024-10-12 17:45:00,YGGUSDT,diplong,Bull,0.1481,2.7047
2024-10-12 04:15:00,2024-10-14 14:30:00,BLURUSDT,diplong,Bull,0.0577,10.3743
2024-10-12 04:30:00,2024-10-12 11:30:00,KAVAUSDT,diplong,Bull,0.1090,2.3124
2024-10-12 04:30:00,2024-10-12 14:15:00,ALICEUSDT,diplong,Bull,0.1642,2.0796
2024-10-12 05:15:00,2024-10-14 15:45:00,ZECUSDT,diplong,Bull,0.1006,1.0358
2024-10-12 17:30:00,2024-10-15 04:15:00,WOOUSDT,diplong,Bull,0.1555,9.6198
2024-10-12 17:30:00,2024-10-15 04:15:00,SSVUSDT,diplong,Bull,0.1970,4.9788
2024-10-12 19:45:00,2024-10-15 06:30:00,ALICEUSDT,diplong,Bull,0.1642,6.0979
2024-10-12 20:15:00,2024-10-15 06:45:00,HIGHUSDT,diplong,Bull,0.1961,3.7762
2024-10-13 01:45:00,2024-10-15 11:00:00,CELOUSDT,diplong,Bull,0.1049,-3.0953
2024-10-13 03:00:00,2024-10-14 17:45:00,EGLDUSDT,diplong,Bull,0.1479,1.2720
2024-10-13 08:45:00,2024-10-14 14:30:00,CAKEUSDT,ripshort,Bull,0.0000,-3.2508
2024-10-13 17:45:00,2024-10-14 14:45:00,KAVAUSDT,ripshort,Bull,0.0000,-6.2897
2024-10-13 17:45:00,2024-10-14 20:00:00,DASHUSDT,ripshort,Bull,0.0000,-4.3828
2024-10-13 21:45:00,2024-10-16 09:15:00,SUPERUSDT,swing_long,Bull,0.1512,7.5332
2024-10-13 22:15:00,2024-10-15 05:30:00,HIGHUSDT,swing_long,Bull,0.1212,1.7506
2024-10-14 00:45:00,2024-10-16 12:15:00,MINAUSDT,swing_long,Ranging,0.1903,-4.5165
2024-10-14 03:30:00,2024-10-14 18:15:00,YGGUSDT,swing_long,Bull,0.1647,2.6598
2024-10-14 03:45:00,2024-10-15 05:30:00,ALICEUSDT,swing_long,Bull,0.2106,1.9837
2024-10-14 04:45:00,2024-10-15 14:15:00,THETAUSDT,swing_long,Bull,0.2109,1.6384
2024-10-14 15:30:00,2024-10-17 03:00:00,CAKEUSDT,swing_long,Bull,0.2210,-2.7355
2024-10-14 15:30:00,2024-10-17 03:15:00,SSVUSDT,swing_long,Bull,0.1928,-1.4634
2024-10-14 18:30:00,2024-10-17 05:45:00,KAVAUSDT,swing_long,Bull,0.2031,1.9037
2024-10-14 22:45:00,2024-10-15 20:15:00,ZECUSDT,diplong,Bull,0.1009,2.7066
2024-10-15 04:30:00,2024-10-17 04:30:00,EGLDUSDT,diplong,Bull,0.1479,-7.4840
2024-10-15 04:30:00,2024-10-17 05:45:00,KAVAUSDT,diplong,Bull,0.1089,1.8562
2024-10-15 17:45:00,2024-10-16 06:15:00,CELOUSDT,swing_long,Bull,0.2111,2.6748
2024-10-16 11:45:00,2024-10-16 13:45:00,KNCUSDT,grid,Bull,0.0104,0.8974
2024-10-16 19:30:00,2024-10-16 20:30:00,NEOUSDT,grid,Bull,0.0104,0.6879
2024-10-16 21:30:00,2024-10-16 23:30:00,NEOUSDT,grid,Bull,0.0104,0.6394
2024-10-17 22:00:00,2024-10-18 20:00:00,WOOUSDT,ripshort,Bull,0.0000,-9.3259
2024-10-22 06:00:00,2024-10-28 22:00:00,CELOUSDT,ripshort,Bear,0.0000,18.1642
2024-10-22 08:00:00,2024-10-28 19:15:00,DASHUSDT,ripshort,Bear,0.0000,5.2343
2024-10-22 15:30:00,2024-10-29 01:45:00,NEOUSDT,ripshort,Bear,0.0000,6.1356
2024-10-22 16:30:00,2024-10-29 00:15:00,THETAUSDT,ripshort,Bear,0.0000,6.8450
2024-10-22 18:45:00,2024-10-29 02:00:00,EGLDUSDT,ripshort,Bear,0.0000,6.5198
2024-10-22 19:00:00,2024-10-28 22:00:00,XTZUSDT,ripshort,Bear,0.0000,4.1364
2024-10-22 19:00:00,2024-10-29 01:00:00,ARKMUSDT,ripshort,Bear,0.0000,5.2062
2024-10-23 14:45:00,2024-10-30 06:00:00,SSVUSDT,ripshort,Bear,0.0000,1.5208
2024-10-26 10:30:00,2024-10-28 21:15:00,MASKUSDT,diplong,Ranging,0.1065,0.8124
2024-10-26 13:45:00,2024-10-29 01:00:00,TWTUSDT,swing_long,Ranging,0.0000,0.8620
2024-10-27 00:30:00,2024-10-29 12:15:00,TRBUSDT,swing_long,Ranging,0.1528,2.4867
2024-10-27 20:30:00,2024-10-30 08:15:00,SSVUSDT,swing_long,Bull,0.1909,4.3101
2024-10-27 21:30:00,2024-10-30 08:30:00,IDUSDT,diplong,Bull,0.0129,6.2148
2024-10-27 23:15:00,2024-10-30 08:45:00,EGLDUSDT,swing_long,Bull,0.1413,1.4131
2024-10-27 23:15:00,2024-10-30 10:30:00,XTZUSDT,swing_long,Bull,0.1647,4.5074
2024-10-27 23:15:00,2024-10-30 10:30:00,ALICEUSDT,swing_long,Bull,0.2106,5.8790
2024-10-28 08:30:00,2024-10-30 20:30:00,FLOWUSDT,swing_long,Bull,0.2693,5.3679
2024-10-28 17:30:00,2024-10-28 18:30:00,DASHUSDT,grid,Bull,0.0104,0.4890
2024-10-28 22:45:00,2024-10-29 02:15:00,CELOUSDT,ripshort,Bull,0.0000,-3.2533
2024-10-29 01:45:00,2024-10-30 11:45:00,BLURUSDT,swing_long,Bull,0.1845,2.6428
2024-10-29 02:00:00,2024-10-30 10:15:00,YGGUSDT,swing_long,Bull,0.1648,2.5825
2024-10-29 21:00:00,2024-10-30 11:45:00,BLURUSDT,diplong,Bull,0.0582,2.7212
2024-10-30 01:45:00,2024-10-30 15:00:00,SSVUSDT,diplong,Bull,0.1979,2.5392
2024-10-31 00:45:00,2024-10-31 01:45:00,HIGHUSDT,grid,Bull,0.0104,-0.0832
2024-11-03 20:15:00,2024-11-06 01:00:00,SUPERUSDT,ripshort,Bear,0.0000,-9.3582
2024-11-05 09:00:00,2024-11-07 20:30:00,BLURUSDT,swing_long,Bear,0.1763,13.6739
2024-11-05 09:15:00,2024-11-07 21:15:00,SUPERUSDT,swing_long,Bear,0.1509,20.1733
2024-11-05 12:45:00,2024-11-08 00:15:00,SSVUSDT,swing_long,Ranging,0.1928,26.1212
2024-11-05 14:30:00,2024-11-08 02:15:00,MINAUSDT,swing_long,Bull,0.1903,9.4487
2024-11-05 14:45:00,2024-11-08 02:30:00,FLOWUSDT,swing_long,Bull,0.2694,6.5223
2024-11-05 16:15:00,2024-11-08 04:15:00,KAVAUSDT,swing_long,Bull,0.2033,8.4641
2024-11-05 17:30:00,2024-11-06 01:00:00,CAKEUSDT,ripshort,Bull,0.0000,-2.0229
2024-11-05 18:30:00,2024-11-08 06:30:00,NEOUSDT,swing_long,Bull,0.2246,10.1356
2024-11-05 18:45:00,2024-11-08 06:45:00,ZECUSDT,swing_long,Bull,0.1775,11.1606
2024-11-05 22:00:00,2024-11-06 01:00:00,MINAUSDT,ripshort,Bull,0.0000,-4.1282
2024-11-05 22:00:00,2024-11-06 01:00:00,TRBUSDT,ripshort,Bull,0.0000,-3.8444
2024-11-06 09:45:00,2024-11-08 17:15:00,MASKUSDT,diplong,Bull,0.1065,-10.5409
2024-11-06 10:45:00,2024-11-08 16:30:00,PEOPLEUSDT,diplong,Bull,0.1800,-14.6306
2024-11-06 18:30:00,2024-11-08 16:30:00,XTZUSDT,diplong,Bull,0.1442,1.7900
2024-11-07 07:15:00,2024-11-07 22:00:00,IDUSDT,diplong,Bull,0.0130,2.5057
2024-11-07 07:15:00,2024-11-07 22:00:00,TWTUSDT,diplong,Bull,0.0000,2.1617
2024-11-07 07:15:00,2024-11-07 23:00:00,KNCUSDT,diplong,Bull,0.1244,1.9933
2024-11-07 07:15:00,2024-11-08 02:15:00,TRBUSDT,diplong,Bull,0.1688,-10.6693
2024-11-07 07:15:00,2024-11-08 02:15:00,EGLDUSDT,diplong,Bull,0.1480,1.9997
2024-11-07 21:45:00,2024-11-10 07:15:00,TRBUSDT,ripshort,Bull,0.0000,-8.6089
2024-11-08 04:00:00,2024-11-09 00:45:00,EGLDUSDT,diplong,Bull,0.1479,14.0084
2024-11-08 20:30:00,2024-11-08 21:30:00,XTZUSDT,grid,Bull,0.2594,0.7414
2024-11-09 00:30:00,2024-11-09 03:30:00,FLOWUSDT,grid,Bull,0.0103,0.5472
2024-11-09 00:30:00,2024-11-09 03:30:00,XTZUSDT,grid,Bull,0.2585,0.7363
2024-11-09 01:15:00,2024-11-09 02:15:00,MINAUSDT,grid,Bull,0.1671,2.5285
2024-11-09 02:30:00,2024-11-09 03:30:00,ALICEUSDT,grid,Bull,0.0103,1.4953
2024-11-09 03:45:00,2024-11-09 04:45:00,KNCUSDT,grid,Bull,0.0103,1.8063
2024-11-09 07:30:00,2024-11-09 08:30:00,XTZUSDT,grid,Bull,0.2545,1.1727
2024-11-09 10:15:00,2024-11-10 12:15:00,ZECUSDT,diplong,Bull,0.1009,2.6710
2024-11-10 08:30:00,2024-11-10 11:30:00,TRBUSDT,swing_long,Bull,0.1528,28.6236
2024-11-10 09:00:00,2024-11-10 15:30:00,HIGHUSDT,swing_long,Bull,0.1212,24.8164
2024-11-12 11:30:00,2024-11-14 19:15:00,THETAUSDT,diplong,Bull,0.1313,-10.0527
2024-11-12 11:30:00,2024-11-14 20:15:00,KAVAUSDT,diplong,Bull,0.1087,-6.6967
2024-11-12 11:30:00,2024-11-14 20:30:00,FLOWUSDT,diplong,Bull,0.2687,-6.9882
2024-11-12 11:30:00,2024-11-14 21:30:00,NEOUSDT,diplong,Bull,0.2615,-3.4520
2024-11-12 11:30:00,2024-11-14 21:45:00,KNCUSDT,diplong,Bull,0.1208,-1.4304
2024-11-12 18:00:00,2024-11-16 18:15:00,ZECUSDT,ripshort,Bull,0.0000,-4.9410
2024-11-13 09:00:00,2024-11-16 04:00:00,IDUSDT,ripshort,Bull,0.0000,-7.4078
2024-11-13 12:30:00,2024-11-16 18:30:00,CELOUSDT,ripshort,Bull,0.0000,-6.7022
2024-11-13 14:45:00,2024-11-16 02:30:00,DASHUSDT,swing_long,Bull,0.2367,6.8498
2024-11-13 15:00:00,2024-11-16 02:45:00,HIGHUSDT,swing_long,Bull,0.1212,-2.0344
2024-11-13 16:00:00,2024-11-16 03:30:00,XTZUSDT,swing_long,Bull,0.1647,1.8075
2024-11-13 16:00:00,2024-11-16 03:30:00,NEOUSDT,swing_long,Bull,0.2246,1.5799
2024-11-13 16:15:00,2024-11-16 03:30:00,ALICEUSDT,swing_long,Bull,0.2106,2.0305
2024-11-13 20:45:00,2024-11-16 06:15:00,YGGUSDT,diplong,Bull,0.1481,-5.1318
2024-11-13 21:45:00,2024-11-16 08:15:00,MINAUSDT,diplong,Bull,0.1398,2.6155
2024-11-14 17:30:00,2024-11-21 09:15:00,SUPERUSDT,ripshort,Bull,0.0000,5.6510
2024-11-14 22:45:00,2024-11-16 10:00:00,BLURUSDT,ripshort,Bull,0.0000,-10.0995
2024-11-15 04:15:00,2024-11-16 11:15:00,YGGUSDT,ripshort,Bull,0.0000,-10.6406
2024-11-15 06:45:00,2024-11-16 08:45:00,THETAUSDT,ripshort,Bull,0.0000,-10.9354
2024-11-15 06:45:00,2024-11-16 18:15:00,EGLDUSDT,ripshort,Bull,0.0000,-9.6670
2024-11-16 05:45:00,2024-11-16 15:00:00,ALICEUSDT,swing_long,Bull,0.2102,2.5569
2024-11-16 06:15:00,2024-11-16 07:15:00,WOOUSDT,grid,Bull,0.0104,4.7365
2024-11-17 07:45:00,2024-11-19 19:00:00,CELOUSDT,swing_long,Bull,0.2092,4.9997
2024-11-17 12:00:00,2024-11-21 14:00:00,SSVUSDT,ripshort,Bull,0.0000,-8.5230
2024-11-18 01:45:00,2024-11-20 13:30:00,BLURUSDT,swing_long,Bull,0.1740,-3.3326
2024-11-18 02:30:00,2024-11-20 14:15:00,THETAUSDT,swing_long,Bull,0.2109,13.2182
2024-11-18 17:30:00,2024-11-21 05:30:00,XTZUSDT,swing_long,Bull,0.1645,-14.7320
2024-11-18 20:30:00,2024-11-21 03:30:00,ALICEUSDT,diplong,Bull,0.1642,-12.1212
2024-11-18 20:30:00,2024-11-21 05:45:00,ZECUSDT,diplong,Bull,0.1008,-5.8347
2024-11-19 04:00:00,2024-11-21 14:15:00,THETAUSDT,diplong,Bull,0.1311,-0.9498
2024-11-19 05:15:00,2024-11-21 15:15:00,KAVAUSDT,diplong,Bull,0.1090,-5.4109
2024-11-19 05:15:00,2024-11-21 15:30:00,NEOUSDT,diplong,Bull,0.2693,-0.9035
2024-11-19 12:15:00,2024-11-21 02:15:00,TRBUSDT,diplong,Bull,0.1688,-10.9349
2024-11-19 17:00:00,2024-11-20 16:00:00,ARKMUSDT,ripshort,Bull,0.0000,-10.3374
2024-11-19 22:15:00,2024-11-21 02:30:00,EGLDUSDT,diplong,Bull,0.1480,-11.0472
2024-11-19 23:45:00,2024-11-22 10:30:00,IDUSDT,diplong,Bull,0.0130,-1.9283
2024-11-20 00:30:00,2024-11-22 04:15:00,TWTUSDT,ripshort,Bull,0.0000,-5.4619
2024-11-20 00:30:00,2024-11-23 00:15:00,YGGUSDT,ripshort,Bull,0.0000,-6.9222
2024-11-20 06:30:00,2024-11-23 00:45:00,TRBUSDT,ripshort,Bull,0.0000,-6.5296
2024-11-20 06:30:00,2024-11-23 02:00:00,HIGHUSDT,ripshort,Bull,0.0000,-7.0856
2024-11-20 08:45:00,2024-11-21 02:30:00,MASKUSDT,swing_long,Bull,0.1989,-12.9537
2024-11-20 09:30:00,2024-11-21 13:30:00,ZECUSDT,ripshort,Bull,0.0000,-10.5374
2024-11-20 10:15:00,2024-11-20 16:15:00,ARKMUSDT,swing_long,Bull,0.2693,2.6316
2024-11-20 10:30:00,2024-11-20 17:45:00,SSVUSDT,swing_long,Bull,0.1927,-6.0992
2024-11-20 16:30:00,2024-11-20 16:30:00,ARKMUSDT,ripshort,Bull,0.0000,-0.8948
2024-11-20 17:00:00,2024-11-23 04:30:00,ARKMUSDT,swing_long,Bull,0.2688,-3.6098
2024-11-20 22:45:00,2024-11-21 13:00:00,CELOUSDT,ripshort,Bull,0.0000,-7.1020
2024-11-21 09:45:00,2024-11-23 07:00:00,SUPERUSDT,ripshort,Bull,0.0000,-6.5874
2024-11-22 02:45:00,2024-11-23 08:15:00,PEOPLEUSDT,ripshort,Bull,0.0000,-7.0835
2024-11-22 06:15:00,2024-11-22 07:15:00,MINAUSDT,grid,Bull,0.1637,1.1720
2024-11-22 06:15:00,2024-11-22 08:15:00,MASKUSDT,grid,Bull,0.0104,0.9991
2024-11-22 06:15:00,2024-11-22 09:15:00,KAVAUSDT,grid,Bull,0.1805,1.1684
2024-11-22 06:15:00,2024-11-22 10:15:00,SUPERUSDT,grid,Bull,0.0104,-2.5663
2024-11-22 06:15:00,2024-11-22 11:15:00,EGLDUSDT,grid,Bull,0.2594,1.0690
2024-11-22 07:15:00,2024-11-22 08:15:00,THETAUSDT,grid,Bull,0.2592,1.3339
2024-11-22 09:15:00,2024-11-22 11:15:00,MINAUSDT,grid,Bull,0.1674,1.1582
2024-11-22 09:15:00,2024-11-22 12:15:00,THETAUSDT,grid,Bull,0.2594,1.3216
2024-11-22 10:15:00,2024-11-22 11:15:00,KAVAUSDT,grid,Bull,0.1805,1.1411
2024-11-22 10:30:00,2024-11-22 11:30:00,IDUSDT,grid,Bull,0.2594,0.6183
2024-11-22 13:15:00,2024-11-22 14:15:00,EGLDUSDT,grid,Bull,0.2594,0.6988
2024-11-22 13:15:00,2024-11-22 14:15:00,THETAUSDT,grid,Bull,0.2594,1.4806
2024-11-22 13:15:00,2024-11-22 14:15:00,MINAUSDT,grid,Bull,0.1674,1.3484
2024-11-22 15:15:00,2024-11-22 16:15:00,MINAUSDT,grid,Bull,0.1674,1.3421
2024-11-22 15:15:00,2024-11-22 16:15:00,EGLDUSDT,grid,Bull,0.2594,1.3449
2024-11-22 15:45:00,2024-11-23 04:15:00,DASHUSDT,diplong,Bull,0.1630,2.6712
2024-11-22 18:15:00,2024-11-22 20:15:00,MINAUSDT,grid,Bull,0.1674,1.3153
2024-11-22 18:15:00,2024-11-22 20:15:00,KAVAUSDT,grid,Bull,0.1805,1.3460
2024-11-22 19:15:00,2024-11-22 20:15:00,EGLDUSDT,grid,Bull,0.2594,1.3164
2024-11-24 19:15:00,2024-11-29 20:30:00,PEOPLEUSDT,ripshort,Bear,0.0000,-3.1306
2024-11-27 08:45:00,2024-11-29 20:30:00,PEOPLEUSDT,swing_long,Bear,0.0446,3.3460
2024-11-27 10:45:00,2024-11-29 21:15:00,WOOUSDT,diplong,Bear,0.1539,5.2247
2024-12-02 13:45:00,2024-12-05 01:00:00,BLURUSDT,swing_long,Bear,0.1839,2.1727
2024-12-02 23:45:00,2024-12-05 01:00:00,ALICEUSDT,swing_long,Bear,0.2099,1.9021
2024-12-03 03:30:00,2024-12-05 01:00:00,MASKUSDT,swing_long,Ranging,0.1983,0.6978
2024-12-03 07:45:00,2024-12-05 01:00:00,KAVAUSDT,swing_long,Ranging,0.2027,2.2851
2024-12-03 19:45:00,2024-12-05 01:00:00,HIGHUSDT,swing_long,Ranging,0.1209,2.3779
2024-12-05 18:30:00,2024-12-06 17:30:00,EGLDUSDT,swing,Bull,0.3763,4.2470
2024-12-05 19:00:00,2024-12-06 17:15:00,KNCUSDT,swing,Bull,0.2272,2.8383
2024-12-09 10:15:00,2024-12-11 21:15:00,SUPERUSDT,diplong,Ranging,0.1700,2.6505
2024-12-09 14:30:00,2024-12-11 15:00:00,SSVUSDT,ripshort,Ranging,0.0000,7.8274
2024-12-09 15:15:00,2024-12-11 15:15:00,BLURUSDT,ripshort,Ranging,0.0000,4.9097
2024-12-09 19:15:00,2024-12-11 15:00:00,ZECUSDT,ripshort,Bear,0.0000,0.0686
2024-12-10 01:15:00,2024-12-16 17:00:00,WAVESUSDT,ripshort,Bear,0.0000,6.6117
2024-12-10 05:30:00,2024-12-12 02:15:00,TRBUSDT,ripshort,Bear,0.0000,-9.5038
2024-12-10 07:15:00,2024-12-11 22:15:00,ALICEUSDT,ripshort,Bear,0.0000,-9.8840
2024-12-10 07:15:00,2024-12-12 02:15:00,NEOUSDT,ripshort,Bear,0.0000,-9.5728
2024-12-10 07:15:00,2024-12-12 02:45:00,FLOWUSDT,ripshort,Bear,0.0000,-9.6810
2024-12-11 16:15:00,2024-12-12 02:45:00,SSVUSDT,ripshort,Bull,0.0000,-4.5796
2024-12-11 16:45:00,2024-12-11 20:15:00,MASKUSDT,ripshort,Bull,0.0000,-4.1377
2024-12-11 16:45:00,2024-12-12 02:30:00,IDUSDT,ripshort,Bull,0.0000,-5.0256
2024-12-14 00:30:00,2024-12-16 12:15:00,SSVUSDT,swing_long,Bull,0.1928,-5.6376
2024-12-14 14:30:00,2024-12-17 00:30:00,MINAUSDT,diplong,Bull,0.1398,-3.1939
2024-12-14 19:45:00,2024-12-17 03:30:00,BLURUSDT,diplong,Bull,0.0582,-9.7876
2024-12-15 13:45:00,2024-12-17 15:00:00,ALICEUSDT,swing_long,Bull,0.2106,-7.0900
2024-12-15 14:00:00,2024-12-17 04:15:00,KNCUSDT,swing_long,Bull,0.1926,-7.2005
2024-12-15 14:45:00,2024-12-16 11:45:00,DASHUSDT,swing_long,Bull,0.2367,-7.5482
2024-12-15 15:00:00,2024-12-17 15:15:00,HIGHUSDT,swing_long,Bull,0.1212,-8.8655
2024-12-15 19:30:00,2024-12-17 08:45:00,SUPERUSDT,swing_long,Bull,0.1512,-11.2514
2024-12-16 03:30:00,2024-12-19 03:30:00,ARKMUSDT,swing,Bull,0.0199,21.2964
2024-12-16 05:00:00,2024-12-19 04:15:00,SSVUSDT,swing,Bull,0.4973,19.3722
2024-12-16 15:30:00,2024-12-17 15:15:00,KAVAUSDT,swing_long,Bull,0.2033,-5.2765
2024-12-16 17:30:00,2024-12-17 15:15:00,EGLDUSDT,swing_long,Bull,0.1427,-6.5668
2024-12-16 21:00:00,2024-12-19 20:15:00,EGLDUSDT,swing,Bull,0.3975,26.1581
2024-12-16 21:00:00,2024-12-19 20:15:00,WOOUSDT,swing,Bull,0.4974,25.9074
2024-12-16 22:45:00,2024-12-19 22:30:00,FLOWUSDT,swing,Bull,0.4974,22.2999
2024-12-17 09:15:00,2024-12-17 10:15:00,MASKUSDT,grid,Bull,0.0104,1.1068
2024-12-21 10:45:00,2024-12-25 10:00:00,MASKUSDT,ripshort,Bear,0.0000,-4.9994
2024-12-21 11:30:00,2024-12-25 04:00:00,KNCUSDT,ripshort,Bear,0.0000,-5.8614
2024-12-22 21:00:00,2024-12-25 07:45:00,ZECUSDT,diplong,Bear,0.1009,32.2498
2024-12-22 22:45:00,2024-12-25 10:45:00,ZECUSDT,swing_long,Bear,0.1775,33.2427
2024-12-23 04:45:00,2024-12-24 16:15:00,MINAUSDT,swing,Bear,0.4963,-8.0529
2024-12-23 15:30:00,2024-12-25 02:00:00,WAVESUSDT,diplong,Bear,0.1684,2.5604
2024-12-23 20:15:00,2024-12-25 16:15:00,KNCUSDT,swing_long,Bear,0.1925,2.5632
2024-12-24 00:30:00,2024-12-24 15:30:00,SUPERUSDT,swing,Bear,0.2744,-9.2831
2024-12-24 02:30:00,2024-12-24 15:15:00,KAVAUSDT,swing,Bear,0.2744,-7.1842
2024-12-25 14:30:00,2024-12-25 15:30:00,NEOUSDT,grid,Bull,0.0104,-1.1101
2024-12-26 20:30:00,2025-01-02 12:15:00,SUPERUSDT,ripshort,Bear,0.0000,4.0818
2024-12-26 22:45:00,2025-01-02 14:30:00,DASHUSDT,ripshort,Bear,0.0000,0.7697
2024-12-28 03:00:00,2025-01-02 12:00:00,BLURUSDT,ripshort,Bear,0.0000,-2.6256
2024-12-29 01:30:00,2025-01-02 14:30:00,TWTUSDT,ripshort,Ranging,0.0000,-3.6873
2024-12-30 02:15:00,2025-01-02 23:45:00,WOOUSDT,ripshort,Bear,0.0000,-5.7865
2024-12-31 00:15:00,2025-01-03 02:00:00,THETAUSDT,ripshort,Bear,0.0000,-7.2281
2024-12-31 00:15:00,2025-01-03 18:15:00,WAVESUSDT,ripshort,Bear,0.0000,-5.5406
2024-12-31 10:45:00,2025-01-02 22:15:00,TRBUSDT,swing_long,Bear,0.1528,-2.7161
2024-12-31 12:15:00,2025-01-02 23:45:00,HIGHUSDT,swing_long,Bear,0.1212,2.7512
2024-12-31 19:30:00,2025-01-03 06:15:00,TRBUSDT,diplong,Ranging,0.1639,-0.9403
2025-01-01 05:30:00,2025-01-02 18:00:00,TWTUSDT,diplong,Ranging,0.0000,2.4629
2025-01-01 18:45:00,2025-01-02 20:30:00,FLOWUSDT,swing_long,Ranging,0.2694,2.3117
2025-01-01 18:45:00,2025-01-03 05:15:00,NEOUSDT,swing_long,Ranging,0.2237,2.4010
2025-01-01 18:45:00,2025-01-04 06:30:00,ALICEUSDT,swing_long,Ranging,0.2083,10.1868
2025-01-01 19:45:00,2025-01-02 22:00:00,MINAUSDT,swing_long,Ranging,0.1903,2.5050
2025-01-01 19:45:00,2025-01-04 07:15:00,EGLDUSDT,swing_long,Ranging,0.1407,9.0236
2025-01-01 19:45:00,2025-01-04 07:30:00,ARKMUSDT,swing_long,Ranging,0.2656,13.5140
2025-01-02 10:45:00,2025-01-04 00:00:00,ZECUSDT,diplong,Bull,0.1004,2.6245
2025-01-02 19:00:00,2025-01-04 00:30:00,TWTUSDT,diplong,Bull,0.0000,2.0126
2025-01-02 19:00:00,2025-01-04 06:30:00,KAVAUSDT,diplong,Bull,0.1079,21.0616
2025-01-02 22:45:00,2025-01-04 08:45:00,NEOUSDT,diplong,Bull,0.2536,9.4683
2025-01-02 23:30:00,2025-01-04 00:30:00,WAVESUSDT,diplong,Bull,0.1676,2.7020
2025-01-03 12:30:00,2025-01-04 08:45:00,SUPERUSDT,swing_long,Bull,0.1423,2.6149
2025-01-03 15:30:00,2025-01-04 08:30:00,HIGHUSDT,swing_long,Bull,0.1141,2.0971
2025-01-03 15:45:00,2025-01-04 01:00:00,NEOUSDT,swing_long,Bull,0.2226,2.1612
2025-01-04 10:45:00,2025-01-06 21:15:00,TRBUSDT,diplong,Bull,0.1688,-0.3744
2025-01-04 10:45:00,2025-01-06 21:30:00,NEOUSDT,diplong,Bull,0.2694,2.7304
2025-01-04 12:00:00,2025-01-06 17:00:00,WOOUSDT,swing_long,Bull,0.1738,2.2680
2025-01-04 12:30:00,2025-01-07 00:15:00,KAVAUSDT,swing_long,Bull,0.2033,-1.0011
2025-01-04 13:00:00,2025-01-07 00:45:00,HIGHUSDT,swing_long,Bull,0.1212,-1.6436
2025-01-04 16:15:00,2025-01-07 02:30:00,PEOPLEUSDT,diplong,Bull,0.1800,-2.2105
2025-01-04 16:15:00,2025-01-07 04:15:00,MINAUSDT,swing_long,Bull,0.1903,-0.8232
2025-01-04 17:00:00,2025-01-07 03:15:00,KAVAUSDT,diplong,Bull,0.1090,-0.8556
2025-01-04 20:30:00,2025-01-06 17:00:00,WOOUSDT,diplong,Bull,0.1562,2.3411
2025-01-05 06:15:00,2025-01-06 17:30:00,MINAUSDT,diplong,Bull,0.1398,1.9738
2025-01-05 06:45:00,2025-01-06 17:30:00,MASKUSDT,diplong,Bull,0.1065,1.5407
2025-01-05 11:00:00,2025-01-06 17:30:00,HIGHUSDT,diplong,Bull,0.1961,2.0864
2025-01-06 00:30:00,2025-01-06 16:00:00,SSVUSDT,ripshort,Bull,0.0000,-5.9355
2025-01-06 19:30:00,2025-01-07 12:30:00,BLURUSDT,grid,Bull,0.2594,0.9047
2025-01-06 20:45:00,2025-01-09 20:30:00,NEOUSDT,swing,Bull,0.4974,13.3469
2025-01-06 23:15:00,2025-01-09 00:45:00,KNCUSDT,swing,Bull,0.2401,5.6903
2025-01-07 00:15:00,2025-01-09 23:30:00,FLOWUSDT,swing,Bull,0.4973,13.0379
2025-01-07 09:30:00,2025-01-07 12:30:00,ALICEUSDT,grid,Bull,0.0104,1.0739
2025-01-07 09:45:00,2025-01-07 10:45:00,HIGHUSDT,grid,Bull,0.0104,-1.0618
2025-01-07 10:15:00,2025-01-07 11:15:00,MINAUSDT,grid,Bull,0.1674,-0.6972
2025-01-07 23:45:00,2025-01-14 13:30:00,TWTUSDT,ripshort,Bear,0.0000,1.0177
2025-01-08 01:15:00,2025-01-14 09:15:00,CAKEUSDT,ripshort,Bear,0.0000,8.2486
2025-01-08 01:15:00,2025-01-14 09:30:00,CELOUSDT,ripshort,Bear,0.0000,7.4952
2025-01-08 09:45:00,2025-01-14 09:30:00,ALICEUSDT,ripshort,Bear,0.0000,4.2195
2025-01-08 09:45:00,2025-01-14 17:15:00,KAVAUSDT,ripshort,Bear,0.0000,2.4863
2025-01-08 15:30:00,2025-01-14 09:15:00,MINAUSDT,ripshort,Bear,0.0000,3.6809
2025-01-08 15:30:00,2025-01-14 09:30:00,IDUSDT,ripshort,Bear,0.0000,2.3990
2025-01-08 15:30:00,2025-01-14 09:30:00,HIGHUSDT,ripshort,Bear,0.0000,1.9507
2025-01-12 18:15:00,2025-01-14 20:00:00,TWTUSDT,swing_long,Ranging,0.0000,1.5381
2025-01-13 22:30:00,2025-01-15 11:15:00,THETAUSDT,swing_long,Bear,0.2108,2.5982
2025-01-13 22:30:00,2025-01-16 10:15:00,EGLDUSDT,swing_long,Bear,0.1427,10.2111
2025-01-13 23:00:00,2025-01-14 12:15:00,SUPERUSDT,swing_long,Bear,0.1512,2.5936
2025-01-13 23:00:00,2025-01-16 10:30:00,NEOUSDT,swing_long,Bear,0.2246,10.8887
2025-01-14 02:15:00,2025-01-15 09:45:00,PEOPLEUSDT,swing_long,Bear,0.0451,2.5949
2025-01-14 02:15:00,2025-01-16 14:15:00,TRBUSDT,swing_long,Bear,0.1528,6.6735
2025-01-14 02:30:00,2025-01-15 11:15:00,ZECUSDT,swing_long,Bear,0.1774,2.6199
2025-01-14 05:15:00,2025-01-16 16:00:00,WAVESUSDT,diplong,Bear,0.1684,2.0332
2025-01-14 10:15:00,2025-01-14 13:30:00,MASKUSDT,ripshort,Bull,0.0000,-1.0676
2025-01-14 10:15:00,2025-01-14 13:30:00,MINAUSDT,ripshort,Bull,0.0000,-1.2526
2025-01-14 10:15:00,2025-01-14 18:30:00,ALICEUSDT,ripshort,Bull,0.0000,-2.2791
2025-01-14 10:15:00,2025-01-14 22:15:00,IDUSDT,ripshort,Bull,0.0000,-2.0914
2025-01-14 10:15:00,2025-01-15 13:30:00,CELOUSDT,ripshort,Bull,0.0000,-2.9174
2025-01-14 10:15:00,2025-01-15 13:45:00,BLURUSDT,ripshort,Bull,0.0000,-2.7914
2025-01-14 13:30:00,2025-01-15 16:15:00,SUPERUSDT,ripshort,Bull,0.0000,-8.3749
2025-01-14 14:15:00,2025-01-14 22:45:00,MASKUSDT,ripshort,Bull,0.0000,-2.7151
2025-01-14 14:15:00,2025-01-15 13:30:00,MINAUSDT,ripshort,Bull,0.0000,-3.4965
2025-01-14 14:30:00,2025-01-16 08:45:00,KAVAUSDT,swing_long,Bull,0.2033,2.5936
2025-01-14 19:15:00,2025-01-15 13:45:00,KAVAUSDT,ripshort,Bull,0.0000,-2.9001
2025-01-14 22:15:00,2025-01-16 08:15:00,SSVUSDT,swing_long,Bull,0.1928,2.6346
2025-01-15 02:45:00,2025-01-17 13:45:00,KNCUSDT,diplong,Bull,0.1244,-0.5390
2025-01-15 04:00:00,2025-01-17 14:30:00,XTZUSDT,diplong,Bull,0.1442,10.2045
2025-01-15 04:00:00,2025-01-17 14:30:00,FLOWUSDT,diplong,Bull,0.2693,8.5023
2025-01-15 04:00:00,2025-01-17 14:30:00,NEOUSDT,diplong,Bull,0.2693,12.1953
2025-01-15 04:30:00,2025-01-15 14:00:00,IDUSDT,ripshort,Bull,0.0000,-3.1544
2025-01-15 04:45:00,2025-01-15 13:45:00,ARKMUSDT,ripshort,Bull,0.0000,-5.1706
2025-01-15 05:45:00,2025-01-16 08:30:00,TRBUSDT,diplong,Bull,0.1688,2.3254
2025-01-15 05:45:00,2025-01-16 08:45:00,PEOPLEUSDT,diplong,Bull,0.1800,2.6801
2025-01-15 05:45:00,2025-01-16 08:45:00,MINAUSDT,diplong,Bull,0.1398,2.6278
2025-01-15 06:15:00,2025-01-15 13:45:00,EGLDUSDT,ripshort,Bull,0.0000,-3.0759
2025-01-15 14:00:00,2025-01-16 00:30:00,ZECUSDT,swing_long,Bull,0.1775,2.6686
2025-01-15 14:45:00,2025-01-16 00:15:00,THETAUSDT,swing_long,Bull,0.2109,2.5982
2025-01-15 16:15:00,2025-01-17 04:45:00,SUPERUSDT,swing_long,Bull,0.1512,2.5939
2025-01-16 09:45:00,2025-01-18 05:30:00,CELOUSDT,diplong,Bull,0.1048,2.2596
2025-01-16 10:00:00,2025-01-17 15:15:00,ZECUSDT,diplong,Bull,0.1007,2.6939
2025-01-16 10:00:00,2025-01-18 05:00:00,PEOPLEUSDT,diplong,Bull,0.1798,2.6753
2025-01-16 23:15:00,2025-01-19 08:00:00,WAVESUSDT,diplong,Bull,0.1682,-6.3431
2025-01-17 06:00:00,2025-01-19 17:30:00,DASHUSDT,swing_long,Bull,0.2330,-10.6599
2025-01-17 07:45:00,2025-01-17 08:45:00,KNCUSDT,grid,Bull,0.0104,0.8714
2025-01-17 08:00:00,2025-01-17 09:00:00,TWTUSDT,grid,Bull,0.0104,0.7735
2025-01-17 08:30:00,2025-01-19 20:15:00,SUPERUSDT,swing_long,Bull,0.1417,-9.5406
2025-01-17 12:45:00,2025-01-17 13:45:00,KNCUSDT,grid,Bull,0.0104,0.7329
2025-01-17 13:00:00,2025-01-17 14:00:00,TWTUSDT,grid,Bull,0.0104,0.7195
2025-01-17 16:15:00,2025-01-19 08:45:00,WOOUSDT,swing_long,Bull,0.1736,-14.4688
2025-01-17 16:15:00,2025-01-19 09:00:00,NEOUSDT,diplong,Bull,0.2688,-11.6561
2025-01-17 16:30:00,2025-01-19 05:00:00,ZECUSDT,diplong,Bull,0.1009,-9.6234
2025-01-17 18:45:00,2025-01-19 08:15:00,XTZUSDT,diplong,Bull,0.1440,-9.0531
2025-01-17 22:15:00,2025-01-19 08:45:00,IDUSDT,swing_long,Bull,0.1116,-11.5728
2025-01-18 02:15:00,2025-01-18 16:30:00,FLOWUSDT,diplong,Bull,0.2693,-7.4470
2025-01-18 02:45:00,2025-01-21 02:30:00,DASHUSDT,swing,Bull,0.4973,19.3003
2025-01-18 04:45:00,2025-01-18 16:30:00,THETAUSDT,diplong,Bull,0.1313,-7.0665
2025-01-18 06:30:00,2025-01-19 08:00:00,DASHUSDT,diplong,Bull,0.1631,-7.1099
2025-01-18 06:30:00,2025-01-19 08:00:00,IDUSDT,diplong,Bull,0.0130,-4.7571
2025-01-18 12:45:00,2025-01-19 15:00:00,MASKUSDT,ripshort,Bull,0.0000,1.2188
2025-01-18 14:30:00,2025-01-19 18:45:00,YGGUSDT,ripshort,Bull,0.0000,2.0954
2025-01-19 02:00:00,2025-01-19 09:15:00,SSVUSDT,swing_long,Bull,0.1924,-8.0105
2025-01-19 02:30:00,2025-01-19 08:00:00,MINAUSDT,swing_long,Bull,0.1901,-5.8162
2025-01-19 02:30:00,2025-01-19 08:00:00,YGGUSDT,swing_long,Bull,0.1646,-6.5640
2025-01-19 02:30:00,2025-01-19 08:00:00,KAVAUSDT,swing_long,Bull,0.2031,-6.1508
2025-01-19 03:15:00,2025-01-19 15:00:00,SSVUSDT,ripshort,Bull,0.0000,-3.1162
2025-01-19 06:30:00,2025-01-19 19:45:00,PEOPLEUSDT,ripshort,Bull,0.0000,0.9265
2025-01-24 09:45:00,2025-01-27 09:15:00,MINAUSDT,swing,Bull,0.4974,10.6170
2025-01-24 11:45:00,2025-01-27 11:15:00,WOOUSDT,swing,Bull,0.4974,15.6365
2025-01-24 12:15:00,2025-01-27 12:00:00,CELOUSDT,swing,Bull,0.4973,10.2839
2025-01-24 12:30:00,2025-01-27 12:15:00,EGLDUSDT,swing,Bull,0.3975,13.1989
2025-01-24 15:45:00,2025-01-27 15:30:00,XTZUSDT,swing,Bull,0.4972,7.7525
2025-01-24 18:45:00,2025-01-27 18:30:00,FLOWUSDT,swing,Bull,0.4973,11.3032
2025-01-24 19:45:00,2025-01-27 19:30:00,ARKMUSDT,swing,Bull,0.0199,11.6977
2025-01-25 13:30:00,2025-01-27 21:00:00,SSVUSDT,swing,Ranging,0.4495,2.7138
2025-01-27 09:45:00,2025-01-30 09:30:00,SSVUSDT,ripshort,Bear,0.0000,-6.9508
2025-01-27 13:45:00,2025-01-30 14:00:00,CAKEUSDT,ripshort,Bear,0.0000,-6.7833
2025-01-27 14:00:00,2025-01-30 09:30:00,ZECUSDT,ripshort,Bear,0.0000,-7.4543
2025-01-27 14:00:00,2025-01-30 09:30:00,WAVESUSDT,ripshort,Bear,0.0000,-7.2220
2025-01-27 14:00:00,2025-01-30 14:45:00,MASKUSDT,ripshort,Bear,0.0000,-6.1708
2025-01-27 14:00:00,2025-01-30 15:30:00,ALICEUSDT,ripshort,Bear,0.0000,-6.8713
2025-01-27 14:00:00,2025-01-30 16:15:00,HIGHUSDT,ripshort,Bear,0.0000,-6.7368
2025-01-27 14:00:00,2025-01-30 17:45:00,TRBUSDT,ripshort,Bear,0.0000,-6.5669
2025-01-28 00:15:00,2025-01-30 12:00:00,CAKEUSDT,swing_long,Bear,0.2210,1.3822
2025-01-28 02:45:00,2025-01-30 14:00:00,WAVESUSDT,swing_long,Bear,0.1845,1.2966
2025-01-28 02:45:00,2025-01-30 14:30:00,PEOPLEUSDT,swing_long,Bear,0.0451,0.4163
2025-01-28 03:30:00,2025-01-30 15:15:00,SSVUSDT,swing_long,Bear,0.1928,0.4798
2025-01-28 03:30:00,2025-01-30 15:15:00,WOOUSDT,swing_long,Bear,0.1738,-0.2172
2025-01-28 03:30:00,2025-01-30 15:15:00,SUPERUSDT,swing_long,Bear,0.1512,5.1015
2025-01-28 04:30:00,2025-01-30 16:15:00,THETAUSDT,swing_long,Bear,0.2109,3.6644
2025-01-28 04:45:00,2025-01-30 16:30:00,XTZUSDT,swing_long,Bear,0.1647,-0.2665
2025-01-30 12:00:00,2025-01-30 14:00:00,WAVESUSDT,grid,Bull,0.1635,0.7195
2025-01-30 18:00:00,2025-01-30 21:00:00,WAVESUSDT,grid,Bull,0.1630,-0.6631
2025-01-30 20:45:00,2025-02-02 20:15:00,MASKUSDT,swing,Bull,0.3401,2.9977
2025-01-30 22:00:00,2025-02-02 21:15:00,SUPERUSDT,swing,Bull,0.4973,26.0226
2025-01-30 22:00:00,2025-02-02 21:30:00,ALICEUSDT,swing,Bull,0.4973,19.8255
2025-01-30 23:45:00,2025-02-02 23:15:00,MINAUSDT,swing,Bull,0.4974,22.8394
2025-01-31 01:30:00,2025-02-03 01:15:00,EGLDUSDT,swing,Bull,0.3975,25.9791
2025-01-31 02:45:00,2025-02-03 02:30:00,DASHUSDT,swing,Bull,0.4974,34.5343
2025-01-31 17:45:00,2025-02-03 15:15:00,WOOUSDT,swing,Bull,0.4974,27.5684
2025-01-31 18:45:00,2025-02-03 12:15:00,IDUSDT,swing,Bull,0.2282,28.4810
2025-02-01 06:30:00,2025-02-03 16:15:00,TRBUSDT,swing,Bear,0.0232,30.3776
2025-02-03 06:15:00,2025-02-04 04:45:00,ZECUSDT,ripshort,Bear,0.0000,-12.7832
2025-02-22 21:00:00,2025-02-25 20:30:00,NEOUSDT,swing,Ranging,0.4974,11.0766
2025-02-23 00:00:00,2025-02-25 20:15:00,CELOUSDT,swing,Ranging,0.4974,10.8414
2025-02-23 00:15:00,2025-02-25 21:45:00,DASHUSDT,swing,Ranging,0.4974,7.9461
2025-02-23 01:30:00,2025-02-26 00:45:00,ZECUSDT,swing,Ranging,0.4974,8.2543
2025-02-23 06:15:00,2025-02-26 06:15:00,MINAUSDT,swing,Ranging,0.4974,13.3368
2025-02-23 10:45:00,2025-02-25 16:45:00,KAVAUSDT,swing,Ranging,0.4974,7.9889
2025-02-24 00:45:00,2025-02-26 04:30:00,SUPERUSDT,swing,Ranging,0.4974,11.0363
2025-02-26 05:00:00,2025-02-27 05:00:00,IDUSDT,swing,Bear,0.2282,-6.1458
2025-02-26 05:00:00,2025-02-28 14:30:00,YGGUSDT,swing,Bear,0.3929,2.6933
2025-02-26 07:45:00,2025-02-28 14:30:00,ALICEUSDT,swing,Bear,0.4974,2.7005
2025-02-26 07:45:00,2025-02-28 18:30:00,TRBUSDT,swing,Bear,0.0232,-7.8594
2025-02-26 10:15:00,2025-02-28 13:30:00,CELOUSDT,swing,Bear,0.4974,2.7567
2025-02-26 11:30:00,2025-02-27 23:00:00,KAVAUSDT,swing,Bear,0.4973,-4.8238
2025-02-26 11:30:00,2025-02-28 13:30:00,MINAUSDT,swing,Bear,0.4974,2.7190
2025-02-27 11:45:00,2025-02-27 22:45:00,XTZUSDT,swing,Bear,0.4973,2.7278
2025-02-27 11:45:00,2025-02-28 15:15:00,NEOUSDT,swing,Bear,0.4974,2.7166
2025-02-27 11:45:00,2025-03-02 15:30:00,NEOUSDT,ripshort,Bear,0.0000,-2.7575
2025-02-27 13:00:00,2025-02-28 15:00:00,FLOWUSDT,swing,Bear,0.4974,2.6373
2025-02-27 13:00:00,2025-02-28 15:15:00,WOOUSDT,swing,Bear,0.4974,2.6423
2025-02-28 00:15:00,2025-02-28 15:00:00,WAVESUSDT,swing,Bear,0.3944,2.6258
2025-02-28 00:15:00,2025-02-28 15:15:00,HIGHUSDT,swing,Bear,0.0199,2.6725
2025-02-28 00:30:00,2025-03-06 05:15:00,IDUSDT,ripshort,Bear,0.0000,9.2119
2025-02-28 07:30:00,2025-03-06 05:15:00,MASKUSDT,ripshort,Bear,0.0000,-0.3580
2025-02-28 12:45:00,2025-03-02 15:30:00,EGLDUSDT,ripshort,Bear,0.0000,-9.1714
2025-03-01 00:00:00,2025-03-03 23:30:00,IDUSDT,swing,Bear,0.2282,9.4946
2025-03-02 14:30:00,2025-03-02 15:30:00,BLURUSDT,grid,Bull,0.2594,4.2667
2025-03-03 02:45:00,2025-03-05 13:15:00,MASKUSDT,diplong,Bull,0.1064,-2.1774
2025-03-03 04:45:00,2025-03-05 16:15:00,YGGUSDT,swing_long,Bull,0.1648,-22.5631
2025-03-03 07:30:00,2025-03-05 14:15:00,EGLDUSDT,diplong,Bull,0.1455,-12.1592
2025-03-03 11:15:00,2025-03-06 04:30:00,MINAUSDT,ripshort,Bull,0.0000,5.2656
2025-03-03 14:30:00,2025-03-05 20:00:00,ARKMUSDT,ripshort,Bull,0.0000,10.1583
2025-03-03 15:00:00,2025-03-05 20:00:00,BLURUSDT,ripshort,Bull,0.0000,5.7361
2025-03-03 15:00:00,2025-03-06 04:45:00,DASHUSDT,ripshort,Bull,0.0000,1.4610
2025-03-03 16:15:00,2025-03-05 18:45:00,CELOUSDT,ripshort,Bull,0.0000,3.9184
2025-03-04 03:30:00,2025-03-05 16:45:00,KAVAUSDT,ripshort,Bear,0.0000,-10.0399
2025-03-06 02:15:00,2025-03-06 03:15:00,MASKUSDT,grid,Bull,0.0104,0.2830
2025-03-07 10:00:00,2025-03-10 09:30:00,FLOWUSDT,swing,Ranging,0.4974,7.2477
2025-03-07 10:00:00,2025-03-10 09:30:00,ALICEUSDT,swing,Ranging,0.4974,9.5692
2025-03-07 10:15:00,2025-03-10 09:45:00,KNCUSDT,swing,Ranging,0.2401,9.5307
2025-03-07 10:30:00,2025-03-10 10:15:00,THETAUSDT,swing,Ranging,0.4973,14.7218
2025-03-07 10:45:00,2025-03-10 10:15:00,MINAUSDT,swing,Ranging,0.4973,10.9100
2025-03-07 11:45:00,2025-03-10 11:15:00,WOOUSDT,swing,Ranging,0.4973,12.4560
2025-03-07 11:45:00,2025-03-10 11:30:00,NEOUSDT,swing,Ranging,0.4973,9.6350
2025-03-07 11:45:00,2025-03-10 11:30:00,XTZUSDT,swing,Ranging,0.4973,8.5203
2025-03-07 12:30:00,2025-03-10 12:00:00,CELOUSDT,swing,Ranging,0.4973,6.1478
2025-03-07 12:45:00,2025-03-10 12:15:00,MASKUSDT,swing,Ranging,0.3402,1.0262
2025-03-10 10:00:00,2025-03-11 06:15:00,ARKMUSDT,swing,Bear,0.0199,2.6179
2025-03-10 13:30:00,2025-03-11 05:00:00,YGGUSDT,swing,Bear,0.3929,2.6314
2025-03-10 17:15:00,2025-03-11 05:00:00,PEOPLEUSDT,swing,Bear,0.4974,2.5560
2025-03-11 20:15:00,2025-03-15 05:15:00,CELOUSDT,ripshort,Bear,0.0000,-3.5107
2025-03-12 12:00:00,2025-03-14 23:30:00,ALICEUSDT,swing_long,Bull,0.2097,3.4853
2025-03-12 12:30:00,2025-03-15 00:15:00,THETAUSDT,swing_long,Bull,0.2106,-1.8277
2025-03-12 12:30:00,2025-03-15 00:15:00,YGGUSDT,swing_long,Bull,0.1645,-5.3256
2025-03-12 15:00:00,2025-03-15 01:30:00,IDUSDT,diplong,Bull,0.0130,3.6853
2025-03-12 17:15:00,2025-03-15 01:30:00,KNCUSDT,swing_long,Bull,0.1924,2.5990
2025-03-12 17:15:00,2025-03-15 04:15:00,YGGUSDT,diplong,Bull,0.1479,-0.1226
2025-03-12 17:15:00,2025-03-15 04:45:00,HIGHUSDT,swing_long,Bull,0.1210,4.4750
2025-03-12 17:30:00,2025-03-15 05:00:00,WAVESUSDT,swing_long,Bull,0.1839,-1.3245
2025-03-13 08:30:00,2025-03-19 21:15:00,MASKUSDT,ripshort,Bull,0.0000,0.0413
2025-03-14 01:15:00,2025-03-15 05:30:00,SUPERUSDT,ripshort,Bear,0.0000,-9.3386
2025-03-17 12:15:00,2025-03-19 22:45:00,KNCUSDT,diplong,Ranging,0.1244,2.5748
2025-03-17 17:15:00,2025-03-20 03:45:00,ZECUSDT,diplong,Ranging,0.1009,-0.2061
2025-03-17 17:15:00,2025-03-20 05:00:00,TWTUSDT,swing_long,Ranging,0.0000,-0.5430
2025-03-17 17:45:00,2025-03-20 05:30:00,IDUSDT,swing_long,Ranging,0.1118,-9.2789
2025-03-18 02:15:00,2025-03-20 10:00:00,BLURUSDT,diplong,Ranging,0.0582,2.2202
2025-03-18 02:15:00,2025-03-20 12:30:00,PEOPLEUSDT,diplong,Ranging,0.1799,0.9352
2025-03-18 02:15:00,2025-03-20 12:30:00,FLOWUSDT,diplong,Ranging,0.2692,2.9908
2025-03-18 02:15:00,2025-03-20 12:30:00,ALICEUSDT,diplong,Ranging,0.1641,-0.4096
2025-03-18 02:15:00,2025-03-20 12:30:00,NEOUSDT,diplong,Ranging,0.2692,3.3715
2025-03-18 02:15:00,2025-03-20 12:30:00,DASHUSDT,diplong,Ranging,0.1632,3.7839
2025-03-18 08:00:00,2025-03-19 23:00:00,ARKMUSDT,ripshort,Ranging,0.0000,-9.6833
2025-03-18 09:30:00,2025-03-20 00:00:00,EGLDUSDT,ripshort,Ranging,0.0000,-4.4326
2025-03-18 21:00:00,2025-03-20 10:00:00,SSVUSDT,swing_long,Bear,0.1928,2.6638
2025-03-19 00:15:00,2025-03-20 05:30:00,BLURUSDT,swing_long,Bear,0.1845,2.1075
2025-03-19 23:30:00,2025-03-20 01:30:00,IDUSDT,grid,Bull,0.2594,-0.7028
2025-03-20 10:00:00,2025-03-20 12:00:00,TWTUSDT,grid,Bull,0.0104,0.7260
2025-03-20 17:00:00,2025-03-24 19:30:00,HIGHUSDT,ripshort,Bull,0.0000,-5.7922
2025-03-21 12:45:00,2025-03-24 06:45:00,FLOWUSDT,ripshort,Ranging,0.0000,-4.8933
2025-03-21 14:15:00,2025-03-24 23:30:00,TWTUSDT,ripshort,Ranging,0.0000,-4.2098
2025-03-21 15:45:00,2025-03-24 06:15:00,THETAUSDT,ripshort,Ranging,0.0000,-7.3060
2025-03-21 20:45:00,2025-03-25 06:15:00,ZECUSDT,ripshort,Ranging,0.0000,-6.3393
2025-03-22 04:00:00,2025-03-24 14:45:00,CAKEUSDT,diplong,Ranging,0.2053,-3.1883
2025-03-22 05:45:00,2025-03-24 17:30:00,PEOPLEUSDT,swing_long,Ranging,0.0451,4.6742
2025-03-22 05:45:00,2025-03-24 17:30:00,ALICEUSDT,swing_long,Ranging,0.2106,1.7530
2025-03-22 07:15:00,2025-03-24 19:00:00,CAKEUSDT,swing_long,Ranging,0.2210,-2.1665
2025-03-22 09:30:00,2025-03-24 21:15:00,WOOUSDT,swing_long,Ranging,0.1738,5.7955
2025-03-22 10:00:00,2025-03-24 21:15:00,TRBUSDT,swing_long,Ranging,0.1528,2.3934
2025-03-22 15:15:00,2025-03-25 02:00:00,TWTUSDT,diplong,Ranging,0.0000,1.8052
2025-03-22 16:00:00,2025-03-25 02:30:00,HIGHUSDT,swing_long,Ranging,0.1212,2.0896
2025-03-22 17:15:00,2025-03-25 03:45:00,KNCUSDT,diplong,Ranging,0.1244,4.2403
2025-03-22 22:15:00,2025-03-25 03:00:00,HIGHUSDT,diplong,Ranging,0.1961,2.1544
2025-03-23 03:15:00,2025-03-24 08:00:00,SUPERUSDT,ripshort,Ranging,0.0000,-6.7641
2025-03-23 03:30:00,2025-03-24 14:45:00,YGGUSDT,swing_long,Ranging,0.1648,1.5998
2025-03-23 10:30:00,2025-03-24 09:45:00,ZECUSDT,swing_long,Ranging,0.1775,2.5102
2025-03-23 12:00:00,2025-03-24 14:15:00,ALICEUSDT,ripshort,Ranging,0.0000,-3.3667
2025-03-23 13:30:00,2025-03-24 13:00:00,MINAUSDT,diplong,Ranging,0.1398,2.0759
2025-03-23 13:30:00,2025-03-25 01:15:00,YGGUSDT,diplong,Ranging,0.1481,2.0236
2025-03-23 13:30:00,2025-03-25 02:30:00,ARKMUSDT,diplong,Ranging,0.2196,2.6766
2025-03-23 15:15:00,2025-03-24 12:15:00,CELOUSDT,diplong,Ranging,0.1049,1.3801
2025-03-24 00:15:00,2025-03-24 06:00:00,KNCUSDT,ripshort,Bull,0.0000,-4.3698
2025-03-27 01:45:00,2025-04-02 17:00:00,CAKEUSDT,ripshort,Ranging,0.0000,17.1470
2025-03-30 11:15:00,2025-04-01 23:15:00,WOOUSDT,swing_long,Bear,0.1736,-3.1770
2025-03-31 13:00:00,2025-04-02 00:45:00,TRBUSDT,swing_long,Bear,0.1524,-5.1941
2025-04-01 10:00:00,2025-04-02 02:00:00,TWTUSDT,swing_long,Bull,0.0000,-4.8301
2025-04-01 19:00:00,2025-04-02 20:15:00,XTZUSDT,ripshort,Bull,0.0000,-3.9032
2025-04-02 20:45:00,2025-04-03 00:30:00,THETAUSDT,swing,Bull,0.4955,2.6851
2025-04-02 20:45:00,2025-04-03 00:45:00,SSVUSDT,swing,Bull,0.4955,2.6917
2025-04-04 02:00:00,2025-04-07 01:30:00,ARKMUSDT,swing,Bear,0.0199,8.3539
2025-04-04 04:15:00,2025-04-07 04:15:00,KAVAUSDT,swing,Bear,0.4974,-0.8019
2025-04-04 07:00:00,2025-04-07 06:30:00,FLOWUSDT,swing,Bear,0.4974,15.8068
2025-04-04 09:15:00,2025-04-07 08:30:00,BLURUSDT,swing,Bear,0.0199,14.5715
2025-04-04 09:15:00,2025-04-07 09:15:00,THETAUSDT,swing,Bear,0.4974,14.6897
2025-04-04 09:45:00,2025-04-07 09:30:00,DASHUSDT,swing,Bear,0.4974,12.3217
2025-04-04 10:15:00,2025-04-07 09:30:00,XTZUSDT,swing,Bear,0.4974,12.3276
2025-04-04 15:45:00,2025-04-07 15:30:00,ALICEUSDT,swing,Ranging,0.4974,9.9715
2025-04-04 16:30:00,2025-04-07 16:15:00,YGGUSDT,swing,Ranging,0.3929,10.3486
2025-04-04 18:30:00,2025-04-07 18:15:00,MINAUSDT,swing,Ranging,0.4974,12.3021
2025-04-07 15:15:00,2025-04-10 03:15:00,SUPERUSDT,swing_long,Bear,0.1472,7.2088
2025-04-07 21:00:00,2025-04-10 03:30:00,ZECUSDT,swing_long,Bear,0.1728,5.6136
2025-04-07 21:30:00,2025-04-11 16:30:00,TRBUSDT,ripshort,Bear,0.0000,-5.5057
2025-04-07 22:00:00,2025-04-10 09:15:00,KAVAUSDT,swing_long,Bear,0.2033,0.0407
2025-04-07 22:00:00,2025-04-10 09:30:00,XTZUSDT,swing_long,Bear,0.1647,-4.1044
2025-04-07 22:45:00,2025-04-10 10:30:00,BLURUSDT,swing_long,Bear,0.1845,0.3733
2025-04-08 01:45:00,2025-04-10 12:15:00,KAVAUSDT,diplong,Bear,0.1090,-0.9630
2025-04-08 02:00:00,2025-04-10 13:45:00,HIGHUSDT,swing_long,Bear,0.1212,-1.6706
2025-04-08 02:00:00,2025-04-10 13:45:00,KNCUSDT,swing_long,Bear,0.1926,3.4230
2025-04-08 02:15:00,2025-04-10 14:00:00,CELOUSDT,swing_long,Bear,0.2111,1.9061
2025-04-08 07:15:00,2025-04-09 01:45:00,TWTUSDT,swing,Bear,0.0199,2.7077
2025-04-08 12:30:00,2025-04-09 04:30:00,DASHUSDT,swing,Bear,0.4973,2.7030
2025-04-08 12:30:00,2025-04-09 05:45:00,CELOUSDT,swing,Bear,0.4970,2.6425
2025-04-08 12:30:00,2025-04-09 08:30:00,TRBUSDT,swing,Bear,0.0160,2.6501
2025-04-08 12:45:00,2025-04-09 06:00:00,BLURUSDT,swing,Bear,0.0198,2.6067
2025-04-08 12:45:00,2025-04-09 07:00:00,SUPERUSDT,swing,Bear,0.4677,2.5591
2025-04-08 12:45:00,2025-04-09 07:30:00,ARKMUSDT,swing,Bear,0.0187,2.6324
2025-04-08 14:30:00,2025-04-09 04:00:00,EGLDUSDT,swing,Bear,0.3975,2.5308
2025-04-08 14:30:00,2025-04-09 04:30:00,ALICEUSDT,swing,Bear,0.4973,2.6314
2025-04-08 14:45:00,2025-04-09 05:15:00,XTZUSDT,swing,Bear,0.4970,2.5083
2025-04-08 23:00:00,2025-04-10 16:15:00,NEOUSDT,diplong,Bear,0.2530,2.9370
2025-04-09 07:00:00,2025-04-09 17:30:00,ALICEUSDT,swing,Bear,0.4971,-7.0974
2025-04-09 08:00:00,2025-04-09 17:45:00,SUPERUSDT,swing,Bear,0.4971,-8.3897
2025-04-09 08:00:00,2025-04-09 17:45:00,DASHUSDT,swing,Bear,0.4971,-5.0972
2025-04-09 08:00:00,2025-04-09 17:45:00,EGLDUSDT,swing,Bear,0.3973,-6.6609
2025-04-09 08:15:00,2025-04-09 17:45:00,PEOPLEUSDT,swing,Bear,0.4971,-7.2690
2025-04-09 09:30:00,2025-04-09 17:45:00,CELOUSDT,swing,Bear,0.4971,-6.2994
2025-04-09 11:15:00,2025-04-09 17:15:00,FLOWUSDT,swing,Bear,0.4971,-5.9674
2025-04-10 01:00:00,2025-04-12 11:45:00,ZECUSDT,diplong,Bull,0.1009,-1.5391
2025-04-10 03:45:00,2025-04-12 14:15:00,THETAUSDT,diplong,Bull,0.1313,0.1388
2025-04-10 04:15:00,2025-04-12 14:30:00,BLURUSDT,diplong,Bull,0.0582,7.1732
2025-04-10 05:00:00,2025-04-12 15:15:00,TRBUSDT,diplong,Bull,0.1688,8.0486
2025-04-10 05:00:00,2025-04-12 15:15:00,MASKUSDT,diplong,Bull,0.1065,4.5093
2025-04-10 05:00:00,2025-04-12 15:30:00,ARKMUSDT,diplong,Bull,0.2196,7.5929
2025-04-10 05:30:00,2025-04-12 01:00:00,SUPERUSDT,swing_long,Bull,0.1512,3.1692
2025-04-10 05:45:00,2025-04-12 17:30:00,FLOWUSDT,swing_long,Bull,0.2694,4.9267
2025-04-10 11:15:00,2025-04-12 14:30:00,HIGHUSDT,ripshort,Bull,0.0000,-7.2115
2025-04-10 14:30:00,2025-04-13 00:45:00,KNCUSDT,diplong,Bull,0.1244,7.2182
2025-04-10 16:45:00,2025-04-12 16:45:00,SUPERUSDT,diplong,Bull,0.1700,22.8709
2025-04-10 18:15:00,2025-04-11 23:30:00,ZECUSDT,swing_long,Bull,0.1775,2.8238
2025-04-10 19:00:00,2025-04-12 15:15:00,DASHUSDT,ripshort,Bull,0.0000,-6.7608
2025-04-10 19:45:00,2025-04-12 01:45:00,ARKMUSDT,ripshort,Bull,0.0000,-8.3477
2025-04-10 23:15:00,2025-04-12 04:45:00,MASKUSDT,ripshort,Bull,0.0000,-10.4582
2025-04-10 23:15:00,2025-04-12 10:30:00,CELOUSDT,ripshort,Bull,0.0000,-6.8427
2025-04-11 04:15:00,2025-04-13 13:15:00,KNCUSDT,swing_long,Bull,0.1837,2.6299
2025-04-11 04:45:00,2025-04-13 00:00:00,NEOUSDT,ripshort,Bull,0.0000,-10.6249
2025-04-11 10:30:00,2025-04-13 05:00:00,CELOUSDT,swing_long,Bull,0.2111,2.6821
2025-04-11 10:30:00,2025-04-13 05:00:00,TRBUSDT,swing_long,Bull,0.1528,2.6146
2025-04-11 14:15:00,2025-04-11 16:15:00,WOOUSDT,grid,Bull,0.0104,0.9456
2025-04-11 18:45:00,2025-04-13 01:45:00,MINAUSDT,swing_long,Bull,0.1903,2.7164
2025-04-11 22:30:00,2025-04-13 04:30:00,BLURUSDT,swing_long,Bull,0.1845,2.6718
2025-04-12 09:00:00,2025-04-12 17:00:00,SUPERUSDT,swing_long,Bull,0.1512,2.6655
2025-04-12 11:30:00,2025-04-13 01:45:00,YGGUSDT,swing_long,Bull,0.1648,2.6730
2025-04-12 20:30:00,2025-04-13 07:30:00,MASKUSDT,diplong,Bull,0.1065,2.7658
2025-04-12 22:00:00,2025-04-13 13:45:00,XTZUSDT,swing_long,Bull,0.1571,-5.1239
2025-04-18 23:45:00,2025-04-21 10:30:00,DASHUSDT,diplong,Ranging,0.1633,2.8187
2025-04-18 23:45:00,2025-04-21 10:45:00,KNCUSDT,diplong,Ranging,0.1244,2.4864
2025-04-19 03:45:00,2025-04-22 18:00:00,KAVAUSDT,ripshort,Ranging,0.0000,-2.8085
2025-04-19 08:30:00,2025-04-21 20:15:00,THETAUSDT,swing_long,Ranging,0.2109,-5.1877
2025-04-19 11:45:00,2025-04-21 11:15:00,MASKUSDT,swing_long,Bull,0.1989,2.2416
2025-04-19 14:45:00,2025-04-22 02:15:00,YGGUSDT,swing_long,Bull,0.1648,10.6413
2025-04-19 15:30:00,2025-04-21 17:00:00,TRBUSDT,swing_long,Bull,0.1528,2.3362
2025-04-19 22:15:00,2025-04-21 11:15:00,TWTUSDT,swing_long,Bull,0.0000,1.0013
2025-04-19 22:30:00,2025-04-22 09:45:00,HIGHUSDT,swing_long,Bull,0.1212,-19.2707
2025-04-20 01:15:00,2025-04-21 17:00:00,BLURUSDT,diplong,Bull,0.0582,2.1052
2025-04-20 02:45:00,2025-04-21 16:45:00,TWTUSDT,diplong,Bull,0.0000,0.9711
2025-04-20 03:15:00,2025-04-21 11:00:00,CAKEUSDT,diplong,Bull,0.2053,1.9228
2025-04-20 04:30:00,2025-04-22 00:30:00,THETAUSDT,diplong,Bull,0.1313,-7.8110
2025-04-20 05:15:00,2025-04-22 08:45:00,HIGHUSDT,diplong,Bull,0.1961,-18.1531
2025-04-20 08:00:00,2025-04-22 18:15:00,EGLDUSDT,diplong,Ranging,0.1456,1.7921
2025-04-20 20:15:00,2025-04-21 21:45:00,ALICEUSDT,swing_long,Ranging,0.2105,2.6427
2025-04-21 14:15:00,2025-04-22 06:30:00,DASHUSDT,diplong,Bull,0.1633,-3.7821
2025-04-21 17:30:00,2025-04-24 03:45:00,KNCUSDT,diplong,Bull,0.1244,1.9420
2025-04-21 17:30:00,2025-04-24 03:45:00,ZECUSDT,diplong,Bull,0.1009,2.0295
2025-04-21 18:00:00,2025-04-24 05:00:00,CELOUSDT,diplong,Bull,0.1049,5.1162
2025-04-21 18:45:00,2025-04-24 05:15:00,TRBUSDT,diplong,Bull,0.1688,6.3270
2025-04-22 02:30:00,2025-04-22 13:30:00,EGLDUSDT,ripshort,Bull,0.0000,-5.2616
2025-04-22 06:15:00,2025-04-22 15:00:00,XTZUSDT,ripshort,Bull,0.0000,-4.9169
2025-04-22 07:45:00,2025-04-24 03:30:00,ALICEUSDT,diplong,Bull,0.1642,2.6127
2025-04-22 08:30:00,2025-04-22 20:45:00,NEOUSDT,ripshort,Bull,0.0000,-6.7745
2025-04-22 15:15:00,2025-04-24 02:45:00,ZECUSDT,swing_long,Bull,0.1775,1.8713
2025-04-22 18:45:00,2025-04-24 03:45:00,DASHUSDT,swing_long,Bull,0.2367,1.3588
2025-04-22 23:00:00,2025-04-24 03:30:00,MASKUSDT,swing_long,Bull,0.1989,2.2457
2025-04-23 03:45:00,2025-04-25 15:00:00,WAVESUSDT,swing_long,Bull,0.1843,-0.0311
2025-04-23 09:15:00,2025-04-25 19:00:00,MINAUSDT,swing_long,Bull,0.1903,1.7698
2025-04-23 12:15:00,2025-04-25 23:00:00,TWTUSDT,diplong,Bull,0.0000,-0.5481
2025-04-23 12:15:00,2025-04-26 00:15:00,SSVUSDT,swing_long,Bull,0.1927,-1.9363
2025-04-23 13:15:00,2025-04-25 16:00:00,CELOUSDT,swing_long,Bull,0.2111,1.7324
2025-04-23 13:15:00,2025-04-25 16:00:00,XTZUSDT,swing_long,Bull,0.1647,1.6292
2025-04-23 15:45:00,2025-04-26 02:15:00,THETAUSDT,diplong,Bull,0.1312,12.2571
2025-04-23 15:45:00,2025-04-26 02:30:00,DASHUSDT,diplong,Bull,0.1632,2.1350
2025-04-24 10:45:00,2025-04-26 02:45:00,ARKMUSDT,diplong,Bull,0.2194,16.8474
2025-04-25 18:30:00,2025-04-26 02:45:00,WAVESUSDT,diplong,Bull,0.1682,8.8644
2025-04-25 23:30:00,2025-04-26 00:30:00,DASHUSDT,grid,Bull,0.0104,0.5763
2025-04-29 14:15:00,2025-05-02 01:15:00,YGGUSDT,diplong,Bull,0.1470,-0.9557
2025-04-29 14:45:00,2025-05-02 01:15:00,MASKUSDT,diplong,Bull,0.1056,1.5674
2025-04-29 16:30:00,2025-05-02 03:15:00,SSVUSDT,diplong,Bull,0.1977,-1.5027
2025-04-30 20:30:00,2025-05-02 04:00:00,MASKUSDT,swing_long,Ranging,0.1984,2.2836
2025-05-01 05:15:00,2025-05-02 01:00:00,ZECUSDT,diplong,Ranging,0.1001,2.7054
2025-05-01 21:00:00,2025-05-02 01:00:00,ZECUSDT,swing_long,Bull,0.1761,2.6309
2025-05-01 22:00:00,2025-05-02 01:00:00,CELOUSDT,grid,Bull,0.0102,0.7749
2025-05-01 23:00:00,2025-05-02 01:00:00,WAVESUSDT,grid,Bull,0.1614,0.2123
2025-05-02 01:30:00,2025-05-02 02:30:00,BLURUSDT,grid,Bull,0.2589,0.6409
2025-05-02 03:00:00,2025-05-02 04:00:00,CELOUSDT,grid,Bull,0.0103,0.7273
2025-05-02 03:15:00,2025-05-02 04:15:00,MINAUSDT,grid,Bull,0.1667,-0.3924
2025-05-02 04:30:00,2025-05-02 05:30:00,BLURUSDT,grid,Bull,0.2554,-0.4375
2025-05-03 14:45:00,2025-05-08 03:00:00,CAKEUSDT,ripshort,Bull,0.0000,-4.2020
2025-05-03 20:15:00,2025-05-08 15:15:00,KNCUSDT,ripshort,Ranging,0.0000,-3.9133
2025-05-03 20:30:00,2025-05-08 02:30:00,THETAUSDT,ripshort,Ranging,0.0000,-5.1165
2025-05-03 20:45:00,2025-05-08 02:15:00,FLOWUSDT,ripshort,Ranging,0.0000,2.3067
2025-05-04 02:45:00,2025-05-08 03:30:00,IDUSDT,ripshort,Ranging,0.0000,1.2900
2025-05-04 02:45:00,2025-05-08 10:45:00,ARKMUSDT,ripshort,Ranging,0.0000,-4.6055
2025-05-04 02:45:00,2025-05-08 15:00:00,PEOPLEUSDT,ripshort,Ranging,0.0000,-4.3294
2025-05-04 02:45:00,2025-05-08 15:15:00,MASKUSDT,ripshort,Ranging,0.0000,-3.8088
2025-05-05 16:30:00,2025-05-08 03:15:00,KAVAUSDT,diplong,Bear,0.1090,1.3038
2025-05-07 23:15:00,2025-05-10 10:45:00,HIGHUSDT,swing_long,Bull,0.1212,0.8030
2025-05-08 02:15:00,2025-05-10 00:00:00,SSVUSDT,swing_long,Bull,0.1928,37.7499
2025-05-08 02:30:00,2025-05-10 06:15:00,THETAUSDT,swing_long,Bull,0.2109,24.5255
2025-05-08 02:30:00,2025-05-10 08:00:00,ARKMUSDT,swing_long,Bull,0.2694,28.0723
2025-05-08 02:30:00,2025-05-10 14:15:00,KAVAUSDT,swing_long,Bull,0.2033,9.4683
2025-05-08 03:15:00,2025-05-10 00:00:00,CAKEUSDT,swing_long,Bull,0.2210,18.7661
2025-05-08 03:15:00,2025-05-10 00:15:00,BLURUSDT,swing_long,Bull,0.1845,22.3014
2025-05-08 03:15:00,2025-05-10 08:00:00,CELOUSDT,swing_long,Bull,0.2111,26.6816
2025-05-09 13:15:00,2025-05-11 00:15:00,EGLDUSDT,diplong,Bull,0.1479,2.5877
2025-05-09 16:00:00,2025-05-11 00:15:00,SSVUSDT,diplong,Bull,0.1978,25.8834
2025-05-09 17:30:00,2025-05-10 09:00:00,TWTUSDT,diplong,Bull,0.0000,1.6737
2025-05-09 17:30:00,2025-05-10 17:45:00,WAVESUSDT,diplong,Bull,0.1683,1.9981
2025-05-09 22:30:00,2025-05-10 00:30:00,ARKMUSDT,diplong,Bull,0.2196,2.7223
2025-05-10 01:30:00,2025-05-11 05:45:00,BLURUSDT,swing_long,Bull,0.1823,2.3318
2025-05-10 04:45:00,2025-05-11 00:15:00,MASKUSDT,diplong,Bull,0.1065,15.8081
2025-05-10 12:15:00,2025-05-11 00:15:00,KNCUSDT,diplong,Bull,0.1244,1.8440
2025-05-10 12:15:00,2025-05-11 00:15:00,TWTUSDT,diplong,Bull,0.0000,1.8167
2025-05-10 13:15:00,2025-05-11 00:15:00,FLOWUSDT,diplong,Bull,0.2693,1.9144
2025-05-10 13:15:00,2025-05-11 05:45:00,THETAUSDT,diplong,Bull,0.1297,12.6272
2025-05-10 21:45:00,2025-05-11 00:15:00,MINAUSDT,swing_long,Bull,0.1903,2.2355
2025-05-15 13:45:00,2025-05-21 16:30:00,TRBUSDT,ripshort,Bear,0.0000,-1.9416
2025-05-15 13:45:00,2025-05-22 04:30:00,KNCUSDT,ripshort,Bear,0.0000,-0.2505
2025-05-15 13:45:00,2025-05-22 05:15:00,HIGHUSDT,ripshort,Bear,0.0000,-0.8555
2025-05-15 16:30:00,2025-05-21 16:30:00,FLOWUSDT,ripshort,Ranging,0.0000,1.8534
2025-05-15 18:45:00,2025-05-21 15:30:00,DASHUSDT,ripshort,Ranging,0.0000,-1.5337
2025-05-15 18:45:00,2025-05-22 08:00:00,IDUSDT,ripshort,Ranging,0.0000,-0.4210
2025-05-15 18:45:00,2025-05-22 10:30:00,BLURUSDT,ripshort,Ranging,0.0000,0.9201
2025-05-15 20:15:00,2025-05-21 16:30:00,TWTUSDT,ripshort,Ranging,0.0000,-2.1473
2025-05-19 14:45:00,2025-05-22 02:00:00,WAVESUSDT,swing_long,Ranging,0.1845,2.1696
2025-05-19 15:45:00,2025-05-21 17:15:00,THETAUSDT,swing_long,Bull,0.2047,2.5793
2025-05-19 17:00:00,2025-05-22 04:30:00,NEOUSDT,swing_long,Bull,0.2242,4.5728
2025-05-19 17:00:00,2025-05-22 04:30:00,XTZUSDT,swing_long,Bull,0.1645,4.7852
2025-05-19 17:15:00,2025-05-22 05:00:00,CAKEUSDT,swing_long,Bull,0.2209,14.2576
2025-05-19 17:15:00,2025-05-22 05:00:00,CELOUSDT,swing_long,Bull,0.2110,4.8070
2025-05-19 17:30:00,2025-05-22 05:15:00,YGGUSDT,swing_long,Bull,0.1647,6.0471
2025-05-20 01:30:00,2025-05-22 13:30:00,FLOWUSDT,swing_long,Bull,0.2694,5.4597
2025-05-20 07:00:00,2025-05-22 11:00:00,KAVAUSDT,diplong,Bull,0.1090,2.3348
2025-05-21 02:45:00,2025-05-22 21:15:00,IDUSDT,diplong,Bull,0.0130,2.6744
2025-05-21 07:15:00,2025-05-21 15:15:00,YGGUSDT,grid,Bull,0.0104,1.1548
2025-05-21 10:15:00,2025-05-22 18:45:00,ZECUSDT,diplong,Bull,0.1009,19.4946
2025-05-21 14:30:00,2025-05-21 15:30:00,BLURUSDT,grid,Bull,0.2594,2.6466
2025-05-21 22:00:00,2025-05-21 23:00:00,CELOUSDT,grid,Bull,0.0104,1.3220
2025-05-21 22:15:00,2025-05-21 23:15:00,MINAUSDT,grid,Bull,0.1674,1.1598
2025-05-22 03:45:00,2025-05-22 21:00:00,DASHUSDT,swing_long,Bull,0.2367,1.9152
2025-05-22 07:15:00,2025-05-23 06:45:00,MINAUSDT,swing_long,Bull,0.1903,2.5323
2025-05-22 08:15:00,2025-05-23 04:30:00,CELOUSDT,swing_long,Bull,0.2111,2.6787
2025-06-04 20:00:00,2025-06-09 17:45:00,ALICEUSDT,ripshort,Ranging,0.0000,-3.2692
2025-06-05 01:30:00,2025-06-09 21:00:00,THETAUSDT,ripshort,Ranging,0.0000,-4.3702
2025-06-05 03:15:00,2025-06-09 21:00:00,PEOPLEUSDT,ripshort,Ranging,0.0000,-4.0393
2025-06-05 09:45:00,2025-06-09 21:30:00,WOOUSDT,ripshort,Ranging,0.0000,-4.3274
2025-06-05 10:30:00,2025-06-10 11:15:00,TWTUSDT,ripshort,Ranging,0.0000,-3.6321
2025-06-05 11:15:00,2025-06-10 11:15:00,ZECUSDT,ripshort,Ranging,0.0000,-4.1754
2025-06-06 05:00:00,2025-06-09 19:15:00,CAKEUSDT,ripshort,Bear,0.0000,-6.0378
2025-06-06 06:45:00,2025-06-09 21:00:00,HIGHUSDT,ripshort,Bear,0.0000,-7.2907
2025-06-07 06:45:00,2025-06-09 18:15:00,YGGUSDT,swing_long,Bull,0.1638,3.2792
2025-06-07 07:00:00,2025-06-09 18:15:00,MINAUSDT,swing_long,Bull,0.1891,0.5425
2025-06-07 08:30:00,2025-06-09 20:30:00,PEOPLEUSDT,swing_long,Bull,0.0451,4.5105
2025-06-07 10:30:00,2025-06-09 22:30:00,ALICEUSDT,swing_long,Bull,0.2106,4.5276
2025-06-07 11:00:00,2025-06-09 22:45:00,HIGHUSDT,swing_long,Bull,0.1212,4.1186
2025-06-07 11:30:00,2025-06-09 23:15:00,WOOUSDT,swing_long,Bull,0.1738,7.6902
2025-06-07 12:15:00,2025-06-09 23:30:00,IDUSDT,swing_long,Bull,0.1118,4.5296
2025-06-07 16:15:00,2025-06-10 03:15:00,THETAUSDT,diplong,Bull,0.1313,2.9927
2025-06-07 18:15:00,2025-06-10 04:30:00,ALICEUSDT,diplong,Bull,0.1642,6.3639
2025-06-07 18:15:00,2025-06-10 04:30:00,DASHUSDT,diplong,Bull,0.1633,2.2693
2025-06-07 18:15:00,2025-06-10 04:30:00,NEOUSDT,diplong,Bull,0.2694,4.0687
2025-06-07 18:15:00,2025-06-10 04:45:00,KNCUSDT,diplong,Bull,0.1244,3.9292
2025-06-07 21:45:00,2025-06-10 08:15:00,SUPERUSDT,diplong,Bull,0.1700,9.5451
2025-06-08 01:30:00,2025-06-10 04:15:00,TRBUSDT,diplong,Bull,0.1688,2.5634
2025-06-08 04:45:00,2025-06-10 15:45:00,HIGHUSDT,diplong,Bull,0.1961,7.6511
2025-06-08 13:45:00,2025-06-10 05:30:00,TWTUSDT,swing_long,Bull,0.0000,1.1927
2025-06-09 21:30:00,2025-06-10 13:30:00,SUPERUSDT,swing_long,Bull,0.1512,2.6233
2025-06-10 00:15:00,2025-06-10 01:30:00,HIGHUSDT,swing_long,Bull,0.1212,2.1392
2025-06-10 00:30:00,2025-06-11 01:15:00,WOOUSDT,swing_long,Bull,0.1721,2.0972
2025-06-10 04:30:00,2025-06-13 04:00:00,WAVESUSDT,swing,Bull,0.3943,8.6402
2025-06-10 05:00:00,2025-06-11 01:30:00,SSVUSDT,diplong,Bull,0.1960,16.2961
2025-06-10 05:15:00,2025-06-10 13:30:00,CELOUSDT,diplong,Bull,0.1049,1.7683
2025-06-10 06:30:00,2025-06-10 13:30:00,YGGUSDT,diplong,Bull,0.1481,2.0148
2025-06-10 06:30:00,2025-06-10 13:30:00,EGLDUSDT,diplong,Bull,0.1480,1.5099
2025-06-10 06:30:00,2025-06-11 00:45:00,WAVESUSDT,diplong,Bull,0.1679,1.3240
2025-06-10 06:45:00,2025-06-10 13:15:00,ZECUSDT,diplong,Bull,0.1009,2.4089
2025-06-10 09:15:00,2025-06-10 13:30:00,NEOUSDT,diplong,Bull,0.2694,1.7065
2025-06-12 15:15:00,2025-06-16 19:15:00,IDUSDT,ripshort,Bear,0.0000,3.8810
2025-06-12 15:30:00,2025-06-16 20:30:00,THETAUSDT,ripshort,Bear,0.0000,3.4049
2025-06-15 03:30:00,2025-06-16 22:30:00,TRBUSDT,swing_long,Ranging,0.1525,2.5937
2025-06-15 19:15:00,2025-06-16 22:30:00,KAVAUSDT,swing_long,Ranging,0.2030,1.7902
2025-06-15 22:30:00,2025-06-16 22:30:00,YGGUSDT,swing_long,Ranging,0.1645,2.3370
2025-06-15 23:30:00,2025-06-16 22:30:00,HIGHUSDT,swing_long,Ranging,0.1210,2.5056
2025-06-19 19:45:00,2025-06-22 19:30:00,DASHUSDT,swing,Ranging,0.4299,9.5831
2025-06-22 04:15:00,2025-06-24 16:15:00,KAVAUSDT,swing_long,Bear,0.2033,2.8721
2025-06-23 00:45:00,2025-06-25 12:30:00,PEOPLEUSDT,swing_long,Bear,0.0451,9.6795
2025-06-23 04:30:00,2025-06-24 19:00:00,TRBUSDT,swing_long,Bear,0.1528,2.6126
2025-06-23 07:00:00,2025-06-25 18:15:00,SUPERUSDT,swing_long,Bear,0.1512,12.4765
2025-06-23 07:00:00,2025-06-25 18:15:00,EGLDUSDT,swing_long,Bear,0.1427,6.4490
2025-06-23 08:15:00,2025-06-25 19:45:00,HIGHUSDT,swing_long,Bear,0.1212,6.3710
2025-06-23 14:15:00,2025-06-26 01:45:00,KNCUSDT,swing_long,Bear,0.1926,3.1480
2025-06-23 14:15:00,2025-06-26 02:00:00,WAVESUSDT,swing_long,Bear,0.1845,6.4249
2025-06-23 21:45:00,2025-06-23 22:15:00,WAVESUSDT,ripshort,Bull,0.0000,-1.4797
2025-06-24 20:30:00,2025-06-25 14:15:00,WAVESUSDT,diplong,Bull,0.1684,1.7433
2025-06-25 04:00:00,2025-06-25 06:00:00,TWTUSDT,grid,Bull,0.0104,-0.3814
2025-06-25 21:30:00,2025-06-25 22:30:00,FLOWUSDT,grid,Bull,0.0104,0.0288
2025-06-25 23:30:00,2025-06-26 00:30:00,FLOWUSDT,grid,Bull,0.0104,0.5232
2025-06-30 13:30:00,2025-07-03 00:15:00,THETAUSDT,diplong,Bull,0.1280,5.0296
2025-06-30 13:30:00,2025-07-03 00:15:00,YGGUSDT,diplong,Bull,0.1444,2.5974
2025-06-30 13:30:00,2025-07-03 00:30:00,PEOPLEUSDT,diplong,Bull,0.1755,4.7133
2025-06-30 13:30:00,2025-07-03 00:30:00,IDUSDT,diplong,Bull,0.0127,4.1680
2025-06-30 14:45:00,2025-07-03 01:30:00,ALICEUSDT,diplong,Bull,0.1526,7.3953
2025-06-30 18:45:00,2025-07-03 06:30:00,MINAUSDT,ripshort,Ranging,0.0000,-7.8845
2025-07-01 12:00:00,2025-07-03 05:30:00,DASHUSDT,ripshort,Ranging,0.0000,-4.9677
2025-07-02 15:00:00,2025-07-03 11:15:00,BLURUSDT,swing_long,Bull,0.1842,2.0601
2025-07-03 00:15:00,2025-07-03 12:30:00,SUPERUSDT,diplong,Bull,0.1685,2.7202
2025-07-09 12:15:00,2025-07-10 14:15:00,TWTUSDT,swing_long,Ranging,0.0000,1.0111
2025-07-09 18:15:00,2025-07-10 13:30:00,WAVESUSDT,diplong,Bull,0.1682,1.8068
2025-07-09 19:30:00,2025-07-12 06:30:00,ALICEUSDT,diplong,Bull,0.1642,9.2487
2025-07-09 21:00:00,2025-07-12 08:15:00,TRBUSDT,swing_long,Bull,0.1528,4.5784
2025-07-09 23:30:00,2025-07-12 11:30:00,PEOPLEUSDT,swing_long,Bull,0.0451,7.5173
2025-07-10 01:15:00,2025-07-12 13:15:00,SSVUSDT,swing_long,Bull,0.1928,7.1026
2025-07-10 04:00:00,2025-07-12 15:15:00,MASKUSDT,swing_long,Bull,0.1989,1.4883
2025-07-10 15:00:00,2025-07-10 18:30:00,XTZUSDT,diplong,Bull,0.1442,1.2016
2025-07-10 16:15:00,2025-07-12 15:00:00,TWTUSDT,diplong,Bull,0.0000,1.6600
2025-07-10 20:15:00,2025-07-12 13:15:00,YGGUSDT,swing_long,Bull,0.1648,1.6861
2025-07-10 21:30:00,2025-07-12 15:00:00,WOOUSDT,swing_long,Bull,0.1738,1.6847
2025-07-11 06:30:00,2025-07-12 12:30:00,XTZUSDT,swing_long,Bull,0.1647,1.1607
2025-07-11 16:30:00,2025-07-12 19:00:00,CAKEUSDT,diplong,Bull,0.2040,-8.0953
2025-07-11 16:30:00,2025-07-14 03:15:00,YGGUSDT,diplong,Bull,0.1481,0.2418
2025-07-11 23:15:00,2025-07-12 04:45:00,KNCUSDT,diplong,Bull,0.1244,26.9577
2025-07-11 23:15:00,2025-07-12 08:45:00,FLOWUSDT,diplong,Bull,0.2694,1.6162
2025-07-11 23:15:00,2025-07-12 09:15:00,KAVAUSDT,diplong,Bull,0.1090,1.8293
2025-07-11 23:15:00,2025-07-12 13:15:00,XTZUSDT,diplong,Bull,0.1442,1.5631
2025-07-12 05:30:00,2025-07-14 14:15:00,CELOUSDT,diplong,Bull,0.1049,2.6680
2025-07-12 09:45:00,2025-07-14 20:00:00,ALICEUSDT,diplong,Bull,0.1642,-4.1648
2025-07-12 14:15:00,2025-07-14 14:30:00,KAVAUSDT,diplong,Bull,0.1090,2.2023
2025-07-12 18:15:00,2025-07-14 14:30:00,TWTUSDT,diplong,Bull,0.0000,2.1245
2025-07-13 22:45:00,2025-07-14 06:00:00,THETAUSDT,diplong,Bull,0.1313,2.4338
2025-07-13 22:45:00,2025-07-14 11:45:00,SUPERUSDT,diplong,Bull,0.1700,2.6976
2025-07-13 23:45:00,2025-07-14 06:30:00,DASHUSDT,diplong,Bull,0.1633,2.1211
2025-08-08 16:15:00,2025-08-11 02:30:00,FLOWUSDT,diplong,Bull,0.2694,6.7250
2025-08-08 16:15:00,2025-08-11 03:15:00,SUPERUSDT,diplong,Bull,0.1700,10.8586
2025-08-08 17:30:00,2025-08-11 05:15:00,MASKUSDT,swing_long,Bull,0.1989,7.2849
2025-08-08 17:45:00,2025-08-11 05:15:00,SUPERUSDT,swing_long,Bull,0.1512,8.0005
2025-08-09 04:45:00,2025-08-11 15:00:00,IDUSDT,diplong,Bull,0.0130,-3.3068
2025-08-09 14:45:00,2025-08-11 12:30:00,TWTUSDT,diplong,Bull,0.0000,-5.3217
2025-08-09 19:15:00,2025-08-11 12:00:00,KAVAUSDT,diplong,Bull,0.1090,-4.4218
2025-08-10 03:30:00,2025-08-11 12:30:00,YGGUSDT,diplong,Bull,0.1481,-6.4712
2025-08-10 07:00:00,2025-08-11 13:15:00,EGLDUSDT,diplong,Bull,0.1480,-5.8042
2025-08-10 07:15:00,2025-08-11 11:45:00,SSVUSDT,diplong,Bull,0.1979,2.6957
2025-08-11 02:30:00,2025-08-11 11:00:00,KAVAUSDT,swing_long,Bull,0.2033,-2.7074
2025-08-11 13:00:00,2025-08-13 23:15:00,SSVUSDT,diplong,Bull,0.1979,2.2578
2025-08-12 02:00:00,2025-08-14 01:30:00,ALICEUSDT,ripshort,Bull,0.0000,-8.7047
2025-08-12 03:15:00,2025-08-14 02:45:00,MASKUSDT,ripshort,Bull,0.0000,-8.9601
2025-08-12 13:30:00,2025-08-14 08:30:00,HIGHUSDT,swing_long,Ranging,0.1212,2.5543
2025-08-12 13:30:00,2025-08-14 08:30:00,SUPERUSDT,swing_long,Ranging,0.1511,2.5227
2025-08-12 14:15:00,2025-08-14 08:30:00,DASHUSDT,swing_long,Ranging,0.2366,2.0163
2025-08-12 15:45:00,2025-08-14 08:00:00,BLURUSDT,swing_long,Ranging,0.1844,2.4997
2025-08-12 16:00:00,2025-08-14 06:15:00,KNCUSDT,swing_long,Ranging,0.1926,2.2574
2025-08-12 16:15:00,2025-08-14 08:30:00,CAKEUSDT,swing_long,Ranging,0.2209,1.8038
2025-08-12 17:00:00,2025-08-14 08:30:00,WOOUSDT,swing_long,Ranging,0.1737,2.5509
2025-08-12 18:15:00,2025-08-14 05:30:00,THETAUSDT,swing_long,Bull,0.2109,2.4710
2025-08-13 02:45:00,2025-08-14 01:00:00,IDUSDT,diplong,Bull,0.0130,2.7286
2025-08-13 02:45:00,2025-08-14 06:00:00,DASHUSDT,diplong,Bull,0.1633,2.1786
2025-08-13 03:00:00,2025-08-14 08:30:00,WAVESUSDT,diplong,Bull,0.1683,2.1487
2025-08-13 07:00:00,2025-08-14 08:00:00,WOOUSDT,diplong,Bull,0.1561,2.5940
2025-08-13 07:30:00,2025-08-14 05:30:00,BLURUSDT,diplong,Bull,0.0582,2.5517
2025-08-13 21:00:00,2025-08-14 19:15:00,XTZUSDT,swing,Bull,0.2971,2.6793
2025-08-18 13:15:00,2025-08-22 21:30:00,KNCUSDT,ripshort,Bear,0.0000,-4.4046
2025-08-18 13:45:00,2025-08-22 21:00:00,ARKMUSDT,ripshort,Bear,0.0000,-4.6496
2025-08-19 03:30:00,2025-08-23 00:00:00,KAVAUSDT,ripshort,Bear,0.0000,-2.2980
2025-08-20 08:15:00,2025-08-22 20:15:00,YGGUSDT,swing_long,Bear,0.1648,16.4070
2025-08-20 08:30:00,2025-08-22 20:15:00,SSVUSDT,swing_long,Bear,0.1928,22.6485
2025-08-20 09:45:00,2025-08-22 21:15:00,MASKUSDT,swing_long,Bear,0.1989,6.8389
2025-08-20 11:15:00,2025-08-22 15:15:00,YGGUSDT,swing,Bear,0.1997,-4.4002
2025-08-20 15:00:00,2025-08-23 02:45:00,ZECUSDT,swing_long,Bear,0.1772,12.3112
2025-08-20 15:30:00,2025-08-23 03:15:00,EGLDUSDT,swing_long,Bear,0.1422,5.7132
2025-08-20 16:30:00,2025-08-23 04:30:00,DASHUSDT,swing_long,Bear,0.2363,5.4605
2025-08-20 16:30:00,2025-08-23 04:30:00,FLOWUSDT,swing_long,Bear,0.2688,6.8345
2025-08-21 03:15:00,2025-08-23 02:15:00,HIGHUSDT,diplong,Bear,0.1959,2.6573
2025-08-21 09:45:00,2025-08-23 01:15:00,TRBUSDT,diplong,Ranging,0.1687,2.4333
2025-08-21 22:45:00,2025-08-22 15:30:00,KAVAUSDT,swing,Bear,0.2528,-1.9650
2025-08-22 15:00:00,2025-08-23 02:15:00,ARKMUSDT,swing_long,Bear,0.2690,2.2897
2025-08-23 05:15:00,2025-08-26 05:00:00,WAVESUSDT,swing,Bull,0.2663,12.0711
2025-09-08 16:15:00,2025-09-11 04:00:00,WAVESUSDT,swing_long,Bull,0.1803,0.2870
2025-09-08 21:15:00,2025-09-11 07:30:00,NEOUSDT,diplong,Bull,0.2693,1.0461
2025-09-08 22:00:00,2025-09-11 08:15:00,SUPERUSDT,diplong,Bull,0.1698,0.1253
2025-09-09 03:45:00,2025-09-11 13:30:00,DASHUSDT,diplong,Bull,0.1619,-3.2156
2025-09-09 04:30:00,2025-09-11 13:45:00,ZECUSDT,diplong,Bull,0.1000,-3.3732
2025-09-09 13:30:00,2025-09-11 13:00:00,MASKUSDT,diplong,Bull,0.1055,1.1148
2025-09-09 17:00:00,2025-09-11 09:45:00,IDUSDT,diplong,Bull,0.0130,1.5279
2025-09-09 19:15:00,2025-09-11 12:45:00,ARKMUSDT,diplong,Bull,0.2173,2.5710
2025-09-09 19:45:00,2025-09-12 07:30:00,ARKMUSDT,swing_long,Ranging,0.2541,5.3819
2025-09-09 20:30:00,2025-09-11 04:45:00,WOOUSDT,ripshort,Ranging,0.0000,-7.0554
2025-09-09 21:00:00,2025-09-12 07:45:00,KNCUSDT,diplong,Ranging,0.1174,2.2232
2025-09-10 02:00:00,2025-09-11 06:45:00,YGGUSDT,ripshort,Ranging,0.0000,-6.1240
2025-09-10 13:15:00,2025-09-11 09:00:00,HIGHUSDT,swing_long,Bull,0.1209,1.4085
2025-09-10 22:15:00,2025-09-11 08:30:00,ALICEUSDT,swing_long,Bull,0.2103,2.2001
2025-09-10 22:15:00,2025-09-11 10:00:00,YGGUSDT,swing_long,Bull,0.1640,7.7300
2025-09-11 04:15:00,2025-09-11 06:15:00,KAVAUSDT,grid,Bull,0.1804,0.2564
2025-09-11 04:45:00,2025-09-11 11:30:00,MASKUSDT,swing_long,Bull,0.1987,1.2528
2025-09-11 05:15:00,2025-09-11 06:15:00,EGLDUSDT,grid,Bull,0.2592,0.4251
2025-09-11 09:15:00,2025-09-11 12:15:00,KAVAUSDT,grid,Bull,0.1773,-1.5784
2025-09-11 10:15:00,2025-09-11 11:15:00,EGLDUSDT,grid,Bull,0.2590,-0.2272
2025-09-11 13:45:00,2025-09-12 06:00:00,YGGUSDT,diplong,Bull,0.1457,41.4437
2025-09-11 19:30:00,2025-09-12 05:45:00,YGGUSDT,swing_long,Bull,0.1635,35.8124
2025-09-22 22:15:00,2025-09-29 13:30:00,NEOUSDT,ripshort,Bear,0.0000,4.6059
2025-09-22 22:15:00,2025-09-29 13:30:00,IDUSDT,ripshort,Bear,0.0000,6.6874
2025-09-22 22:15:00,2025-09-29 14:00:00,WAVESUSDT,ripshort,Bear,0.0000,4.6158
2025-09-22 22:45:00,2025-09-29 14:45:00,KNCUSDT,ripshort,Bear,0.0000,1.8725
2025-09-25 23:30:00,2025-10-01 19:15:00,KAVAUSDT,ripshort,Bear,0.0000,-1.6839
2025-09-26 09:45:00,2025-10-01 14:30:00,MINAUSDT,ripshort,Bear,0.0000,-2.8842
2025-09-26 18:45:00,2025-09-29 14:45:00,FLOWUSDT,ripshort,Bear,0.0000,-1.5958
2025-09-26 18:45:00,2025-10-01 09:15:00,XTZUSDT,ripshort,Bear,0.0000,-2.2159
2025-09-26 22:15:00,2025-09-29 09:45:00,KNCUSDT,swing_long,Bear,0.1923,-1.2850
2025-09-26 23:30:00,2025-09-29 11:30:00,DASHUSDT,swing_long,Bear,0.2367,8.8470
2025-09-27 01:15:00,2025-09-29 13:00:00,TWTUSDT,swing_long,Bear,0.0000,0.1485
2025-09-27 04:45:00,2025-09-29 15:15:00,MASKUSDT,diplong,Bear,0.1065,-0.9905
2025-09-27 09:45:00,2025-09-29 20:15:00,EGLDUSDT,diplong,Bear,0.1480,0.0568
2025-09-27 13:45:00,2025-09-30 00:00:00,TWTUSDT,diplong,Bear,0.0000,4.7525
2025-09-27 22:00:00,2025-09-30 09:15:00,KAVAUSDT,swing_long,Ranging,0.2033,-0.1099
2025-09-28 02:30:00,2025-09-29 16:00:00,WOOUSDT,diplong,Ranging,0.1562,2.6687
2025-09-28 22:15:00,2025-10-01 10:15:00,SSVUSDT,swing_long,Bull,0.1928,4.8693
2025-09-28 23:15:00,2025-10-01 10:45:00,HIGHUSDT,swing_long,Bull,0.1212,0.0187
2025-09-28 23:30:00,2025-09-30 09:30:00,CAKEUSDT,swing_long,Bull,0.2210,-4.7537
2025-09-28 23:45:00,2025-10-01 11:30:00,IDUSDT,swing_long,Bull,0.1118,1.8480
2025-09-29 06:00:00,2025-10-01 16:30:00,NEOUSDT,diplong,Bull,0.2694,4.0391
2025-09-29 07:45:00,2025-10-01 18:30:00,FLOWUSDT,diplong,Bull,0.2694,4.5450
2025-09-29 10:15:00,2025-10-01 22:15:00,YGGUSDT,swing_long,Bull,0.1648,3.2352
2025-09-29 11:30:00,2025-10-01 23:15:00,SUPERUSDT,swing_long,Bull,0.1512,-27.9507
2025-09-29 12:15:00,2025-09-29 22:00:00,YGGUSDT,diplong,Bull,0.1481,2.6991
2025-09-29 14:00:00,2025-10-02 00:15:00,KAVAUSDT,diplong,Bull,0.1090,1.7563
2025-09-29 14:30:00,2025-09-30 09:30:00,MINAUSDT,swing_long,Bull,0.1903,-3.8124
2025-09-29 15:15:00,2025-09-30 11:15:00,WAVESUSDT,ripshort,Bull,0.0000,-5.0300
2025-09-29 15:15:00,2025-10-02 17:00:00,CAKEUSDT,ripshort,Bull,0.0000,-4.5509
2025-09-29 16:00:00,2025-10-02 01:30:00,KNCUSDT,ripshort,Bull,0.0000,-3.9866
2025-09-29 16:45:00,2025-10-02 01:45:00,IDUSDT,ripshort,Bull,0.0000,-5.0539
2025-09-29 18:15:00,2025-10-01 18:30:00,EGLDUSDT,ripshort,Bull,0.0000,-4.4728
2025-09-29 19:30:00,2025-10-02 02:15:00,SUPERUSDT,diplong,Bull,0.1700,-11.6867
2025-09-30 00:45:00,2025-10-02 11:15:00,WOOUSDT,diplong,Bull,0.1562,0.7007
2025-09-30 04:30:00,2025-10-02 15:15:00,YGGUSDT,diplong,Bull,0.1481,8.0029
2025-09-30 06:45:00,2025-10-01 09:45:00,ZECUSDT,diplong,Bull,0.0999,36.0164
2025-09-30 10:15:00,2025-09-30 12:15:00,KAVAUSDT,grid,Bull,0.1798,0.2916
2025-09-30 12:15:00,2025-10-03 00:00:00,WAVESUSDT,ripshort,Bull,0.0000,-8.0017
2025-09-30 20:45:00,2025-10-03 08:30:00,PEOPLEUSDT,swing_long,Bull,0.0451,6.9041
2025-09-30 21:00:00,2025-10-03 08:30:00,FLOWUSDT,swing_long,Bull,0.2694,6.2345
2025-09-30 21:00:00,2025-10-03 08:45:00,KNCUSDT,swing_long,Bull,0.1926,4.5267
2025-10-01 14:45:00,2025-10-04 02:30:00,NEOUSDT,swing_long,Bull,0.2246,6.0327
2025-10-01 15:45:00,2025-10-02 13:30:00,ARKMUSDT,swing_long,Bull,0.2694,2.1226
2025-10-01 17:30:00,2025-10-02 14:00:00,MINAUSDT,swing_long,Bull,0.1903,1.8630
2025-10-02 02:45:00,2025-10-03 01:00:00,SUPERUSDT,diplong,Bull,0.1700,3.2011
2025-10-02 02:45:00,2025-10-03 17:45:00,EGLDUSDT,swing_long,Bull,0.1427,1.3089
2025-10-02 03:30:00,2025-10-04 15:15:00,WOOUSDT,swing_long,Bull,0.1727,6.0358
2025-10-02 05:15:00,2025-10-02 19:30:00,TWTUSDT,diplong,Bull,0.0000,2.7239
2025-10-02 09:30:00,2025-10-03 17:15:00,THETAUSDT,diplong,Bull,0.1313,1.7191
2025-10-02 14:00:00,2025-10-03 17:00:00,MASKUSDT,diplong,Bull,0.1065,1.3434
2025-10-02 14:00:00,2025-10-03 17:15:00,XTZUSDT,diplong,Bull,0.1442,1.6788
2025-10-02 15:00:00,2025-10-03 01:15:00,WOOUSDT,diplong,Bull,0.1562,2.7083
2025-10-02 15:15:00,2025-10-03 00:00:00,TRBUSDT,diplong,Bull,0.1688,1.7099
2025-10-02 15:15:00,2025-10-03 00:45:00,WAVESUSDT,diplong,Bull,0.1684,1.4777
2025-10-02 17:15:00,2025-10-03 01:15:00,SSVUSDT,swing_long,Bull,0.1928,2.0648
2025-10-02 17:15:00,2025-10-03 03:15:00,CAKEUSDT,swing_long,Bull,0.2210,17.6613
2025-10-02 21:15:00,2025-10-03 17:45:00,TWTUSDT,diplong,Bull,0.0000,2.7052
2025-10-03 02:15:00,2025-10-03 16:45:00,EGLDUSDT,diplong,Bull,0.1480,1.6323
2025-10-03 02:15:00,2025-10-05 10:15:00,ALICEUSDT,diplong,Bull,0.1642,2.4505
2025-10-03 02:15:00,2025-10-05 13:15:00,TRBUSDT,diplong,Bull,0.1679,-0.6384
2025-10-03 02:30:00,2025-10-03 17:45:00,MINAUSDT,diplong,Bull,0.1398,1.8700
2025-10-03 03:45:00,2025-10-03 07:00:00,CAKEUSDT,swing_long,Bull,0.2210,2.2597
2025-10-04 02:45:00,2025-10-05 09:30:00,MASKUSDT,diplong,Bull,0.1064,1.4768
2025-10-04 04:30:00,2025-10-05 14:30:00,TWTUSDT,diplong,Bull,0.0000,2.7376
2025-10-04 10:00:00,2025-10-05 04:15:00,ALICEUSDT,ripshort,Bull,0.0000,-6.5387
2025-10-04 21:00:00,2025-10-05 07:00:00,XTZUSDT,ripshort,Bull,0.0000,-6.2669
2025-10-05 03:45:00,2025-10-05 12:30:00,XTZUSDT,swing_long,Bull,0.1644,1.6915
2025-10-08 18:30:00,2025-10-10 21:30:00,SUPERUSDT,swing,Bull,0.4974,41.5055
2025-10-08 21:30:00,2025-10-10 23:15:00,CAKEUSDT,swing,Bull,0.0199,30.1192
2025-10-10 08:15:00,2025-10-10 23:30:00,CELOUSDT,swing,Ranging,0.4974,31.4166
2025-10-14 02:30:00,2025-10-20 18:15:00,MASKUSDT,ripshort,Bull,0.0000,9.6997
2025-10-14 03:00:00,2025-10-20 18:30:00,FLOWUSDT,ripshort,Bull,0.0000,7.2833
2025-10-14 15:15:00,2025-10-20 05:45:00,WAVESUSDT,ripshort,Bear,0.0000,-3.5225
2025-10-14 17:00:00,2025-10-17 15:45:00,WAVESUSDT,swing,Bear,0.3944,1.8800
2025-10-14 17:00:00,2025-10-17 16:30:00,XTZUSDT,swing,Bear,0.4973,6.7122
2025-10-14 18:45:00,2025-10-17 18:15:00,SSVUSDT,swing,Bear,0.4973,7.6060
2025-10-14 19:45:00,2025-10-17 19:00:00,CAKEUSDT,swing,Bear,0.0199,17.5773
2025-10-15 01:15:00,2025-10-21 17:00:00,CELOUSDT,ripshort,Bear,0.0000,16.5343
2025-10-16 09:45:00,2025-10-17 21:15:00,DASHUSDT,swing,Bear,0.4739,2.3846
2025-10-17 13:00:00,2025-10-21 16:00:00,YGGUSDT,ripshort,Bear,0.0000,-5.6275
2025-10-17 21:15:00,2025-10-20 08:45:00,ZECUSDT,swing_long,Bear,0.1775,4.6593
2025-10-18 03:00:00,2025-10-20 14:30:00,ALICEUSDT,swing_long,Bear,0.2106,-6.3624
2025-10-18 03:00:00,2025-10-21 15:45:00,KAVAUSDT,ripshort,Bear,0.0000,-7.0815
2025-10-18 07:15:00,2025-10-20 19:00:00,CAKEUSDT,swing_long,Bear,0.2210,-3.4301
2025-10-18 10:45:00,2025-10-20 22:15:00,MASKUSDT,swing_long,Bear,0.1989,1.7399
2025-10-18 11:15:00,2025-10-20 22:45:00,KNCUSDT,swing_long,Bear,0.1926,14.4990
2025-10-18 11:45:00,2025-10-20 23:15:00,WOOUSDT,swing_long,Bear,0.1735,2.0192
2025-10-18 12:00:00,2025-10-20 23:15:00,EGLDUSDT,swing_long,Bear,0.1424,2.1454
2025-10-20 01:15:00,2025-10-20 12:30:00,KNCUSDT,diplong,Bull,0.1244,9.4345
2025-10-20 02:45:00,2025-10-20 16:00:00,TRBUSDT,diplong,Bull,0.1688,2.6860
2025-10-20 02:45:00,2025-10-21 16:45:00,PEOPLEUSDT,diplong,Bull,0.1693,2.6895
2025-10-20 15:15:00,2025-10-27 06:30:00,ALICEUSDT,ripshort,Bull,0.0000,7.4847
2025-10-21 13:00:00,2025-10-21 15:00:00,FLOWUSDT,ripshort,Ranging,0.0000,-4.9218
2025-10-21 13:00:00,2025-10-21 15:00:00,PEOPLEUSDT,ripshort,Ranging,0.0000,-6.0302
2025-10-21 13:00:00,2025-10-21 15:00:00,WOOUSDT,ripshort,Ranging,0.0000,-6.4790
2025-10-21 13:00:00,2025-10-21 15:15:00,MASKUSDT,ripshort,Ranging,0.0000,-4.8599
2025-10-21 20:30:00,2025-10-27 05:15:00,MINAUSDT,ripshort,Bull,0.0000,-3.0503
2025-10-21 21:30:00,2025-10-27 00:30:00,MASKUSDT,ripshort,Bull,0.0000,-3.0727
2025-10-21 22:15:00,2025-10-27 00:30:00,FLOWUSDT,ripshort,Bull,0.0000,-3.1476
2025-10-22 03:15:00,2025-10-27 01:45:00,THETAUSDT,ripshort,Bull,0.0000,-3.4387
2025-10-22 05:15:00,2025-10-26 22:00:00,BLURUSDT,ripshort,Bear,0.0000,-3.7935
2025-10-22 05:15:00,2025-10-26 22:45:00,SSVUSDT,ripshort,Bear,0.0000,-3.8338
2025-10-22 05:15:00,2025-10-27 02:00:00,TWTUSDT,ripshort,Bear,0.0000,-3.4991
2025-10-24 09:30:00,2025-10-26 21:15:00,WOOUSDT,swing_long,Bull,0.1624,0.2333
2025-10-24 10:00:00,2025-10-26 21:45:00,ZECUSDT,swing_long,Bull,0.1658,31.2790
2025-10-24 11:30:00,2025-10-26 22:00:00,CELOUSDT,diplong,Bull,0.1049,7.8185
2025-10-24 12:00:00,2025-10-26 22:15:00,SSVUSDT,diplong,Bull,0.1978,2.6662
2025-10-24 12:00:00,2025-10-26 22:30:00,PEOPLEUSDT,diplong,Bull,0.1800,5.2606
2025-10-24 12:00:00,2025-10-26 22:30:00,FLOWUSDT,diplong,Bull,0.2693,2.6483
2025-10-24 12:45:00,2025-10-26 23:15:00,THETAUSDT,diplong,Bull,0.1313,1.1727
2025-10-24 12:45:00,2025-10-26 23:45:00,KNCUSDT,diplong,Bull,0.1244,0.5550
2025-10-24 15:00:00,2025-10-27 01:15:00,EGLDUSDT,diplong,Bull,0.1480,2.6422
2025-10-24 17:00:00,2025-10-26 23:15:00,ZECUSDT,diplong,Bull,0.1009,32.1697
2025-10-24 22:30:00,2025-10-27 10:15:00,YGGUSDT,swing_long,Bull,0.1648,-4.6291
2025-10-25 19:45:00,2025-10-27 08:15:00,FLOWUSDT,swing_long,Bull,0.2694,1.5440
2025-10-26 00:30:00,2025-10-27 09:00:00,NEOUSDT,swing_long,Bull,0.2246,1.7217
2025-10-26 09:30:00,2025-10-27 00:00:00,CELOUSDT,swing_long,Bull,0.2111,2.3856
2025-10-26 10:15:00,2025-10-27 07:15:00,WAVESUSDT,swing_long,Bull,0.1845,1.2969
2025-10-26 13:00:00,2025-10-27 18:15:00,DASHUSDT,swing_long,Bull,0.2367,2.5904
2025-10-27 00:15:00,2025-10-27 05:45:00,ZECUSDT,diplong,Bull,0.1009,2.6368
2025-10-27 10:15:00,2025-10-27 18:15:00,TRBUSDT,diplong,Bull,0.1688,2.0216
2025-11-01 08:30:00,2025-11-04 08:15:00,THETAUSDT,swing,Ranging,0.4964,16.9367
2025-11-01 08:45:00,2025-11-04 08:00:00,CAKEUSDT,swing,Ranging,0.0199,12.2496
2025-11-01 13:00:00,2025-11-04 12:15:00,YGGUSDT,swing,Ranging,0.3929,13.1792
2025-11-01 13:00:00,2025-11-04 13:00:00,WAVESUSDT,swing,Ranging,0.3944,13.4087
2025-11-01 13:45:00,2025-11-04 13:15:00,SUPERUSDT,swing,Ranging,0.4973,19.2923
2025-11-01 14:15:00,2025-11-04 13:45:00,HIGHUSDT,swing,Ranging,0.0199,15.1226
2025-11-01 22:00:00,2025-11-04 21:30:00,IDUSDT,swing,Ranging,0.2282,18.1160
2025-11-02 01:45:00,2025-11-05 01:15:00,MASKUSDT,swing,Ranging,0.3402,16.7680
2025-11-02 02:15:00,2025-11-05 01:45:00,KNCUSDT,swing,Ranging,0.2401,7.2686
2025-11-02 06:45:00,2025-11-05 06:30:00,XTZUSDT,swing,Ranging,0.4974,9.7090
2025-11-07 15:00:00,2025-11-10 02:45:00,ZECUSDT,swing_long,Bear,0.1775,-8.0454
2025-11-07 17:30:00,2025-11-10 05:15:00,MASKUSDT,swing_long,Bear,0.1989,-1.9349
2025-11-08 01:15:00,2025-11-10 11:45:00,ZECUSDT,diplong,Bear,0.1009,-1.8799
2025-11-08 02:45:00,2025-11-10 14:30:00,PEOPLEUSDT,swing_long,Ranging,0.0451,-15.2698
2025-11-08 04:45:00,2025-11-10 15:30:00,ARKMUSDT,diplong,Ranging,0.2196,0.1191
2025-11-08 06:45:00,2025-11-10 17:15:00,MASKUSDT,diplong,Ranging,0.1065,-1.6934
2025-11-08 06:45:00,2025-11-10 17:15:00,SSVUSDT,diplong,Ranging,0.1979,-1.3401
2025-11-08 06:45:00,2025-11-10 17:15:00,YGGUSDT,diplong,Ranging,0.1481,-1.5793
2025-11-08 06:45:00,2025-11-10 17:15:00,SUPERUSDT,diplong,Ranging,0.1700,-0.0778
2025-11-08 06:45:00,2025-11-10 17:30:00,BLURUSDT,diplong,Ranging,0.0582,0.1806
2025-11-08 06:45:00,2025-11-10 17:30:00,IDUSDT,diplong,Ranging,0.0130,0.0283
2025-11-09 17:15:00,2025-11-10 03:15:00,MINAUSDT,grid,Bull,0.1674,2.2527
2025-11-10 02:30:00,2025-11-10 08:30:00,IDUSDT,grid,Bull,0.2594,-0.2284
2025-11-10 05:00:00,2025-11-10 09:00:00,CELOUSDT,grid,Bull,0.0104,1.2123
2025-11-10 07:15:00,2025-11-10 09:15:00,TRBUSDT,grid,Bull,0.0000,1.0179
2025-11-10 10:15:00,2025-11-10 13:15:00,TRBUSDT,grid,Bull,0.0000,1.0016
2025-11-10 13:00:00,2025-11-10 15:00:00,CELOUSDT,grid,Bull,0.0104,1.1600
2025-11-10 14:15:00,2025-11-10 15:15:00,MINAUSDT,grid,Bull,0.1674,2.2108
2025-11-10 17:45:00,2025-11-11 03:30:00,SSVUSDT,diplong,Bull,0.1976,2.6707
2025-11-10 18:30:00,2025-11-10 19:30:00,IDUSDT,grid,Bull,0.2594,0.9942
2025-11-10 22:15:00,2025-11-10 23:15:00,TRBUSDT,grid,Bull,0.0000,0.7903
2025-11-11 05:15:00,2025-11-14 04:45:00,HIGHUSDT,swing,Bull,0.0180,14.8233
2025-11-12 06:45:00,2025-11-15 06:15:00,THETAUSDT,swing,Bear,0.4973,9.7149
2025-11-12 09:30:00,2025-11-15 09:00:00,TWTUSDT,swing,Bear,0.0199,6.8743
2025-11-12 12:45:00,2025-11-15 12:00:00,CAKEUSDT,swing,Bear,0.0198,6.7049
2025-11-12 14:30:00,2025-11-15 14:15:00,SSVUSDT,swing,Ranging,0.2603,12.7967
2025-11-13 09:45:00,2025-11-14 08:45:00,TRBUSDT,swing,Bear,0.0232,-5.8823
2025-11-13 13:00:00,2025-11-14 15:15:00,ZECUSDT,swing,Bear,0.4974,-14.6635
2025-11-14 19:45:00,2025-11-15 01:30:00,DASHUSDT,swing,Bear,0.4974,-11.5435
2025-11-17 08:15:00,2025-11-18 15:15:00,WAVESUSDT,swing,Bear,0.3942,2.5019
2025-11-17 08:45:00,2025-11-18 02:15:00,IDUSDT,swing,Bear,0.2282,2.6513
2025-11-17 08:45:00,2025-11-18 03:30:00,THETAUSDT,swing,Bear,0.4974,2.6723
2025-11-17 12:00:00,2025-11-18 05:00:00,BLURUSDT,swing,Bear,0.0199,2.6823
2025-11-17 12:30:00,2025-11-18 04:45:00,HIGHUSDT,swing,Bear,0.0199,2.6927
2025-11-20 01:00:00,2025-11-20 21:30:00,XTZUSDT,swing,Bear,0.4973,2.6966
2025-11-20 14:15:00,2025-11-20 19:15:00,WAVESUSDT,swing,Bear,0.3944,2.3442
2025-11-20 15:15:00,2025-11-20 22:00:00,SSVUSDT,swing,Bear,0.4974,2.6626
2025-11-20 18:00:00,2025-11-26 23:30:00,DASHUSDT,ripshort,Bear,0.0000,9.6008
2025-11-20 20:15:00,2025-11-27 10:30:00,BLURUSDT,ripshort,Bear,0.0000,-0.2735
2025-11-20 23:15:00,2025-11-27 14:30:00,ARKMUSDT,ripshort,Bear,0.0000,6.3082
2025-11-20 23:45:00,2025-11-27 15:30:00,FLOWUSDT,ripshort,Bear,0.0000,8.0436
2025-11-21 19:45:00,2025-11-28 11:15:00,YGGUSDT,ripshort,Bear,0.0000,3.8530
2025-11-22 02:15:00,2025-11-27 03:00:00,SUPERUSDT,ripshort,Bear,0.0000,-5.7880
2025-11-24 16:45:00,2025-11-27 04:00:00,CAKEUSDT,swing_long,Bull,0.2210,5.5764
2025-11-24 18:45:00,2025-11-27 06:30:00,NEOUSDT,swing_long,Bull,0.2246,0.0571
2025-11-24 18:45:00,2025-11-27 06:30:00,ARKMUSDT,swing_long,Bull,0.2694,-1.7481
2025-11-24 19:15:00,2025-11-27 06:30:00,IDUSDT,swing_long,Bull,0.1118,-0.6151
2025-11-24 21:00:00,2025-11-27 08:45:00,KNCUSDT,swing_long,Bull,0.1926,-0.3923
2025-11-24 22:15:00,2025-11-27 09:30:00,PEOPLEUSDT,swing_long,Bull,0.0451,-0.1000
2025-11-25 02:45:00,2025-11-27 13:30:00,PEOPLEUSDT,diplong,Bull,0.1800,0.9151
2025-11-25 03:00:00,2025-11-27 12:15:00,SSVUSDT,diplong,Bull,0.1979,-3.6770
2025-11-25 03:00:00,2025-11-27 13:15:00,MASKUSDT,diplong,Bull,0.1065,10.7461
2025-11-25 03:00:00,2025-11-27 13:15:00,THETAUSDT,diplong,Bull,0.1313,0.3151
2025-11-25 03:00:00,2025-11-27 13:15:00,WOOUSDT,diplong,Bull,0.1562,1.1747
2025-11-25 03:00:00,2025-11-27 13:30:00,BLURUSDT,diplong,Bull,0.0582,0.8928
2025-11-25 03:00:00,2025-11-27 13:30:00,IDUSDT,diplong,Bull,0.0130,-0.2750
2025-11-25 08:30:00,2025-11-27 11:45:00,EGLDUSDT,diplong,Bull,0.1480,2.2809
2025-11-25 13:00:00,2025-11-28 00:45:00,HIGHUSDT,swing_long,Bull,0.1212,3.7794
2025-11-26 01:45:00,2025-11-28 01:45:00,ZECUSDT,swing_long,Ranging,0.1774,-9.4300
2025-11-26 11:30:00,2025-11-27 17:00:00,TRBUSDT,ripshort,Ranging,0.0000,-4.5450
2025-11-26 15:45:00,2025-11-27 16:00:00,NEOUSDT,ripshort,Ranging,0.0000,-4.3542
2025-11-27 08:00:00,2025-11-27 09:00:00,TWTUSDT,grid,Bull,0.0104,0.3770
2025-11-27 08:15:00,2025-11-27 09:15:00,KAVAUSDT,grid,Bull,0.1805,0.7935
2025-11-27 10:00:00,2025-11-27 12:00:00,TWTUSDT,grid,Bull,0.0104,-0.7054
2025-11-27 12:30:00,2025-11-27 15:30:00,FLOWUSDT,grid,Bull,0.0104,0.4167
2025-11-28 04:45:00,2025-11-28 09:30:00,KAVAUSDT,diplong,Bull,0.1076,2.2886
2025-11-28 11:15:00,2025-12-01 10:30:00,NEOUSDT,swing,Bull,0.4973,8.7813
2025-11-28 16:00:00,2025-12-01 15:15:00,WOOUSDT,swing,Bull,0.4974,14.2819
2025-11-29 01:45:00,2025-12-02 01:15:00,MASKUSDT,swing,Bull,0.3401,10.4393
2025-11-29 03:30:00,2025-12-02 03:30:00,PEOPLEUSDT,swing,Bull,0.4855,11.2276
2025-11-29 23:15:00,2025-12-02 15:45:00,KAVAUSDT,swing,Ranging,0.4956,2.2374
2025-11-30 06:00:00,2025-12-02 15:30:00,WAVESUSDT,swing,Ranging,0.3930,2.2611
2025-11-30 07:45:00,2025-12-02 15:30:00,FLOWUSDT,swing,Ranging,0.4956,2.7572
2025-11-30 10:45:00,2025-12-02 15:00:00,ARKMUSDT,swing,Ranging,0.0198,5.2405
2025-11-30 12:00:00,2025-12-02 14:45:00,KNCUSDT,swing,Ranging,0.1222,1.2993
2025-11-30 20:30:00,2025-12-02 15:30:00,CELOUSDT,swing,Bull,0.4956,2.0764
2025-12-01 15:15:00,2025-12-04 02:45:00,HIGHUSDT,swing_long,Bear,0.1212,2.6697
2025-12-02 17:30:00,2025-12-04 13:00:00,XTZUSDT,swing_long,Bull,0.1645,1.6599
2025-12-03 02:15:00,2025-12-03 18:45:00,ALICEUSDT,swing_long,Bull,0.2106,2.6285
2025-12-03 02:15:00,2025-12-04 07:00:00,TWTUSDT,swing_long,Bull,0.0000,2.1010
2025-12-05 11:00:00,2025-12-10 01:30:00,DASHUSDT,ripshort,Bull,0.0000,-5.3004
2025-12-05 11:00:00,2025-12-10 05:15:00,XTZUSDT,ripshort,Bull,0.0000,-3.9263
2025-12-07 08:15:00,2025-12-09 18:30:00,ALICEUSDT,diplong,Ranging,0.1642,1.7876
2025-12-07 08:45:00,2025-12-09 18:45:00,CELOUSDT,diplong,Ranging,0.1049,2.7010
2025-12-07 17:30:00,2025-12-10 05:30:00,PEOPLEUSDT,swing_long,Bear,0.0442,6.5485
2025-12-07 18:30:00,2025-12-09 19:00:00,MINAUSDT,swing_long,Bear,0.1901,2.2364
2025-12-07 19:30:00,2025-12-10 07:00:00,WAVESUSDT,swing_long,Bear,0.1824,1.2109
2025-12-08 16:30:00,2025-12-10 07:15:00,CAKEUSDT,diplong,Bull,0.2030,1.3638
2025-12-08 16:30:00,2025-12-10 07:30:00,TRBUSDT,diplong,Bull,0.1669,2.4302
2025-12-08 18:00:00,2025-12-10 07:30:00,SSVUSDT,diplong,Bull,0.1956,2.4974
2025-12-08 19:45:00,2025-12-09 21:45:00,EGLDUSDT,diplong,Bull,0.1468,3.1017
2025-12-08 20:00:00,2025-12-10 07:15:00,PEOPLEUSDT,diplong,Bull,0.1780,2.7023
2025-12-08 20:45:00,2025-12-09 20:30:00,WOOUSDT,diplong,Bull,0.1561,2.7115
2025-12-09 15:45:00,2025-12-09 19:00:00,BLURUSDT,swing_long,Bull,0.1843,1.8514
2025-12-09 15:45:00,2025-12-09 20:15:00,NEOUSDT,swing_long,Bull,0.2245,1.3853
2025-12-13 05:15:00,2025-12-16 04:30:00,IDUSDT,swing,Bear,0.2282,12.2713
2025-12-29 16:00:00,2026-01-02 17:00:00,KAVAUSDT,ripshort,Bull,0.0000,-4.8027
2025-12-29 16:00:00,2026-01-02 18:00:00,ARKMUSDT,ripshort,Bull,0.0000,-4.9014
2025-12-29 17:30:00,2026-01-02 22:45:00,MINAUSDT,ripshort,Bull,0.0000,-4.7113
2025-12-29 18:45:00,2026-01-02 22:30:00,BLURUSDT,ripshort,Ranging,0.0000,-5.0711
2025-12-31 09:15:00,2026-01-02 21:00:00,WAVESUSDT,swing_long,Bull,0.1839,0.6598
2025-12-31 13:45:00,2026-01-03 03:30:00,NEOUSDT,ripshort,Bull,0.0000,-6.9311
2025-12-31 15:45:00,2026-01-03 03:30:00,IDUSDT,swing_long,Bull,0.1108,-5.4289
2025-12-31 22:15:00,2026-01-02 21:45:00,WAVESUSDT,ripshort,Ranging,0.0000,-3.6048
2026-01-01 19:15:00,2026-01-04 07:15:00,SUPERUSDT,swing_long,Ranging,0.1489,7.6438
2026-01-01 23:00:00,2026-01-04 08:15:00,WOOUSDT,diplong,Ranging,0.1560,-3.9299
2026-01-01 23:15:00,2026-01-04 11:00:00,CELOUSDT,swing_long,Ranging,0.2110,9.3024
2026-01-02 03:15:00,2026-01-04 13:30:00,ALICEUSDT,diplong,Ranging,0.1640,5.1238
2026-01-02 12:45:00,2026-01-03 01:00:00,TWTUSDT,diplong,Bull,0.0000,1.0177
2026-01-02 16:30:00,2026-01-05 03:00:00,CELOUSDT,diplong,Bull,0.1049,9.1999
2026-01-02 21:45:00,2026-01-05 09:00:00,WAVESUSDT,swing_long,Bull,0.1845,-0.3349
2026-01-02 22:45:00,2026-01-05 03:15:00,MASKUSDT,swing_long,Bull,0.1989,1.7378
2026-01-03 00:00:00,2026-01-05 11:15:00,WOOUSDT,swing_long,Bull,0.1738,-3.7654
2026-01-03 02:45:00,2026-01-05 03:15:00,PEOPLEUSDT,swing_long,Bull,0.0451,2.6473
2026-01-03 07:45:00,2026-01-05 18:00:00,WAVESUSDT,diplong,Bull,0.1684,1.2350
2026-01-03 08:30:00,2026-01-04 07:00:00,KNCUSDT,diplong,Bull,0.1226,1.0105
2026-01-03 08:30:00,2026-01-05 06:15:00,YGGUSDT,diplong,Bull,0.1481,1.9218
2026-01-03 08:45:00,2026-01-04 13:15:00,THETAUSDT,diplong,Bull,0.1311,1.8981
2026-01-03 08:45:00,2026-01-04 14:30:00,CAKEUSDT,diplong,Bull,0.2048,1.2852
2026-01-03 10:45:00,2026-01-04 07:00:00,KNCUSDT,swing_long,Bull,0.1898,0.9925
2026-01-03 12:45:00,2026-01-06 00:30:00,IDUSDT,swing_long,Bull,0.1118,-0.0196
2026-01-04 07:45:00,2026-01-04 13:00:00,TRBUSDT,diplong,Bull,0.1685,1.7026
2026-01-04 13:45:00,2026-01-06 07:30:00,SUPERUSDT,swing_long,Bull,0.1511,1.5634
2026-01-04 20:00:00,2026-01-05 19:30:00,MINAUSDT,diplong,Bull,0.1398,13.2654
2026-01-04 20:15:00,2026-01-05 14:00:00,WOOUSDT,diplong,Bull,0.1562,2.7191
2026-01-04 20:15:00,2026-01-06 00:30:00,KAVAUSDT,diplong,Bull,0.1090,1.6195
2026-01-04 20:15:00,2026-01-06 00:30:00,TRBUSDT,diplong,Bull,0.1688,1.7710
2026-01-04 20:15:00,2026-01-06 07:30:00,THETAUSDT,diplong,Bull,0.1312,8.2813
2026-01-04 21:15:00,2026-01-05 20:45:00,TWTUSDT,swing_long,Bull,0.0000,1.0877
2026-01-05 05:00:00,2026-01-06 00:30:00,ARKMUSDT,diplong,Bull,0.2196,2.4391
2026-01-05 15:15:00,2026-01-06 12:30:00,ZECUSDT,ripshort,Bull,0.0000,-5.8636
2026-01-05 23:45:00,2026-01-06 14:45:00,DASHUSDT,swing_long,Bull,0.2352,2.1329
2026-01-06 01:15:00,2026-01-06 14:45:00,TWTUSDT,diplong,Bull,0.0000,1.2399
2026-01-06 10:15:00,2026-01-06 14:45:00,SUPERUSDT,diplong,Bull,0.1689,1.6945
2026-01-08 03:30:00,2026-01-14 03:45:00,SUPERUSDT,ripshort,Bear,0.0000,-1.5145
2026-01-08 16:15:00,2026-01-14 16:00:00,ZECUSDT,ripshort,Bear,0.0000,-1.4129
2026-01-08 16:30:00,2026-01-13 19:15:00,YGGUSDT,ripshort,Bear,0.0000,-2.8740
2026-01-08 17:30:00,2026-01-13 22:00:00,HIGHUSDT,ripshort,Bear,0.0000,-3.8371
2026-01-10 05:15:00,2026-01-13 23:00:00,TWTUSDT,ripshort,Ranging,0.0000,-2.8690
2026-01-11 08:45:00,2026-01-13 19:00:00,CAKEUSDT,diplong,Ranging,0.2048,-1.4099
2026-01-11 12:15:00,2026-01-13 23:45:00,ZECUSDT,swing_long,Ranging,0.1775,2.5772
2026-01-11 13:00:00,2026-01-13 23:15:00,KAVAUSDT,diplong,Ranging,0.1090,-1.4104
2026-01-11 14:15:00,2026-01-13 23:15:00,WOOUSDT,diplong,Ranging,0.1562,15.5735
2026-01-12 01:45:00,2026-01-13 20:45:00,WOOUSDT,ripshort,Ranging,0.0000,-9.2380
2026-01-12 05:15:00,2026-01-14 06:00:00,TWTUSDT,swing_long,Bull,0.0000,1.1768
2026-01-12 05:45:00,2026-01-13 22:00:00,NEOUSDT,ripshort,Bull,0.0000,-5.2860
2026-01-12 13:00:00,2026-01-13 20:00:00,BLURUSDT,ripshort,Ranging,0.0000,-5.9447
2026-01-12 16:45:00,2026-01-14 05:30:00,XTZUSDT,swing_long,Bull,0.1647,2.1271
2026-01-13 05:30:00,2026-01-15 03:15:00,YGGUSDT,swing_long,Bull,0.1648,2.4750
2026-01-13 05:30:00,2026-01-15 17:15:00,SSVUSDT,swing_long,Bull,0.1908,3.0496
2026-01-13 06:15:00,2026-01-15 17:30:00,ARKMUSDT,swing_long,Bull,0.2665,3.9564
2026-01-13 07:15:00,2026-01-14 02:45:00,WAVESUSDT,swing_long,Bull,0.1845,1.6838
2026-01-13 08:00:00,2026-01-15 03:45:00,PEOPLEUSDT,swing_long,Bull,0.0451,3.3117
2026-01-14 01:00:00,2026-01-15 03:15:00,ZECUSDT,swing_long,Bull,0.1775,2.6654
2026-01-14 07:15:00,2026-01-14 17:45:00,TWTUSDT,diplong,Bull,0.0000,1.4089
2026-01-14 19:30:00,2026-01-15 11:15:00,KAVAUSDT,diplong,Bull,0.1090,2.3441
2026-01-15 04:30:00,2026-01-15 08:15:00,DASHUSDT,diplong,Bull,0.1633,2.6902
2026-01-18 12:45:00,2026-01-21 12:15:00,WOOUSDT,swing,Ranging,0.4971,19.2456
2026-01-18 21:45:00,2026-01-21 21:30:00,DASHUSDT,swing,Ranging,0.4357,13.7279
2026-01-26 15:45:00,2026-01-29 15:15:00,EGLDUSDT,swing,Bear,0.2325,7.6416
2026-01-26 15:45:00,2026-01-29 15:30:00,BLURUSDT,swing,Bear,0.0116,10.9762
2026-01-26 17:30:00,2026-01-29 17:30:00,PEOPLEUSDT,swing,Bear,0.4974,6.0434
2026-01-26 23:15:00,2026-01-29 22:30:00,NEOUSDT,swing,Ranging,0.4973,4.8936
2026-01-26 23:15:00,2026-01-29 22:45:00,KNCUSDT,swing,Ranging,0.2401,6.6525
2026-01-27 00:00:00,2026-01-29 23:15:00,TRBUSDT,swing,Ranging,0.0232,8.0575
2026-01-27 03:15:00,2026-01-30 02:30:00,ALICEUSDT,swing,Ranging,0.4974,7.6715
2026-01-27 04:45:00,2026-01-30 04:30:00,DASHUSDT,swing,Ranging,0.4974,13.6408
2026-01-27 17:00:00,2026-01-30 16:30:00,XTZUSDT,swing,Ranging,0.4974,9.9040
2026-01-27 21:30:00,2026-01-30 20:45:00,HIGHUSDT,swing,Bull,0.0199,8.6190
2026-01-30 15:45:00,2026-02-02 15:30:00,FLOWUSDT,swing,Bear,0.4973,13.9887
2026-02-01 10:45:00,2026-02-02 03:45:00,MASKUSDT,swing,Bear,0.3402,2.6539
2026-02-02 14:15:00,2026-02-05 13:30:00,PEOPLEUSDT,swing,Bear,0.4974,6.7099
2026-02-02 16:15:00,2026-02-05 15:30:00,ALICEUSDT,swing,Bear,0.4974,10.6063
2026-02-02 16:45:00,2026-02-04 04:00:00,IDUSDT,swing,Bear,0.1157,-5.1592
2026-02-02 17:00:00,2026-02-03 21:00:00,SUPERUSDT,swing,Bear,0.4972,2.6355
2026-02-02 17:45:00,2026-02-03 20:30:00,DASHUSDT,swing,Bear,0.4968,2.5941
2026-02-02 17:45:00,2026-02-05 17:30:00,ARKMUSDT,swing,Bear,0.0199,9.9851
2026-02-02 18:30:00,2026-02-03 19:00:00,MASKUSDT,swing,Bear,0.3402,2.6688
2026-02-02 18:30:00,2026-02-05 18:15:00,KAVAUSDT,swing,Bear,0.4974,13.6204
2026-02-02 19:30:00,2026-02-05 19:15:00,MINAUSDT,swing,Bear,0.4974,13.8480
2026-02-02 20:00:00,2026-02-03 19:45:00,WOOUSDT,swing,Bear,0.4973,2.6393
2026-02-03 21:30:00,2026-02-04 18:30:00,MASKUSDT,swing,Bear,0.3402,2.6903
2026-02-03 21:30:00,2026-02-04 18:30:00,CAKEUSDT,swing,Bear,0.0199,2.6894
2026-02-03 21:30:00,2026-02-04 19:45:00,CELOUSDT,swing,Bear,0.4974,2.6852
2026-02-03 21:30:00,2026-02-06 16:45:00,SUPERUSDT,swing,Bear,0.4974,12.2402
2026-02-04 05:00:00,2026-02-06 16:15:00,WOOUSDT,swing,Bear,0.4974,9.2885
2026-02-04 20:45:00,2026-02-06 14:30:00,YGGUSDT,swing,Bear,0.3929,9.5830
2026-02-04 20:45:00,2026-02-06 14:45:00,TRBUSDT,swing,Bear,0.0232,8.0860
2026-02-04 21:15:00,2026-02-07 21:00:00,TWTUSDT,swing,Bear,0.0163,25.5887
2026-02-07 07:00:00,2026-02-07 22:15:00,EGLDUSDT,swing,Bear,0.2654,-7.6151
2026-02-07 09:00:00,2026-02-09 05:45:00,FLOWUSDT,ripshort,Bear,0.0000,-17.5661
2026-02-08 07:30:00,2026-02-14 03:00:00,YGGUSDT,ripshort,Bear,0.0000,-1.9594
2026-02-11 02:15:00,2026-02-13 16:00:00,ZECUSDT,swing,Bear,0.2616,-6.2917
2026-02-11 21:30:00,2026-02-14 09:15:00,YGGUSDT,swing_long,Bear,0.1648,7.4457
2026-02-11 22:15:00,2026-02-14 09:30:00,PEOPLEUSDT,swing_long,Bear,0.0451,5.9759
2026-02-12 01:30:00,2026-02-14 12:45:00,ZECUSDT,swing_long,Bear,0.1775,16.6128
2026-02-12 01:30:00,2026-02-14 13:00:00,TWTUSDT,swing_long,Bear,0.0000,8.9196
2026-02-12 01:30:00,2026-02-14 13:15:00,KAVAUSDT,swing_long,Bear,0.2033,5.6755
2026-02-12 02:45:00,2026-02-14 14:45:00,LITUSDT,swing_long,Bear,0.0108,9.6015
2026-02-12 04:00:00,2026-02-14 14:45:00,ZECUSDT,diplong,Bear,0.1009,17.8407
2026-02-12 05:45:00,2026-02-14 17:00:00,CELOUSDT,swing_long,Bear,0.2111,8.1075
2026-02-12 06:30:00,2026-02-14 18:15:00,SSVUSDT,swing_long,Bear,0.1928,10.7290
2026-02-12 07:45:00,2026-02-13 17:30:00,WAVESUSDT,swing,Bear,0.3167,-4.3295
2026-02-12 12:15:00,2026-02-13 17:15:00,CELOUSDT,swing,Bear,0.3994,-4.3871
2026-02-12 12:45:00,2026-02-13 16:00:00,NEOUSDT,swing,Bear,0.2616,-4.2353
2026-02-12 12:45:00,2026-02-13 16:45:00,DASHUSDT,swing,Bear,0.2616,-6.2637
2026-02-12 13:15:00,2026-02-14 23:30:00,PEOPLEUSDT,diplong,Bear,0.1800,12.9371
2026-02-12 13:30:00,2026-02-13 17:00:00,MASKUSDT,swing,Bear,0.2732,-4.5822
2026-02-12 13:45:00,2026-02-15 00:15:00,MINAUSDT,diplong,Bear,0.1398,0.0778
2026-02-12 14:00:00,2026-02-15 00:30:00,BLURUSDT,diplong,Bear,0.0582,8.2123
2026-02-12 15:30:00,2026-02-15 01:15:00,EGLDUSDT,diplong,Bear,0.1479,10.8952
2026-02-12 15:30:00,2026-02-15 01:45:00,HIGHUSDT,diplong,Bear,0.1961,1.5484
2026-02-12 15:30:00,2026-02-15 02:15:00,SUPERUSDT,diplong,Bear,0.1698,5.3148
2026-02-12 16:45:00,2026-02-15 03:15:00,THETAUSDT,diplong,Bear,0.1313,4.6207
2026-02-13 00:15:00,2026-02-14 06:45:00,XTZUSDT,ripshort,Bear,0.0000,-3.5675
2026-02-13 12:15:00,2026-02-14 00:00:00,ARKMUSDT,ripshort,Bear,0.0000,-5.6958
2026-02-13 18:15:00,2026-02-14 08:00:00,CAKEUSDT,ripshort,Bear,0.0000,-2.4820
2026-02-14 12:15:00,2026-02-15 12:45:00,PEOPLEUSDT,swing_long,Bull,0.0443,2.1729
2026-02-14 19:30:00,2026-02-15 08:15:00,ZECUSDT,swing_long,Bull,0.1775,2.6442
2026-02-14 23:15:00,2026-02-15 01:30:00,WAVESUSDT,swing_long,Bull,0.1844,2.3240
2026-02-15 02:00:00,2026-02-15 08:00:00,WAVESUSDT,swing_long,Bull,0.1845,2.9327
2026-02-19 13:45:00,2026-02-26 05:45:00,ZECUSDT,ripshort,Bear,0.0000,3.2154
2026-02-21 03:15:00,2026-02-24 03:00:00,WAVESUSDT,swing,Bull,0.3942,8.1258
2026-02-21 03:45:00,2026-02-24 03:15:00,SSVUSDT,swing,Bull,0.4971,8.0870
2026-02-21 06:45:00,2026-02-24 06:30:00,IDUSDT,swing,Bull,0.2282,12.6281
2026-02-21 09:15:00,2026-02-24 08:45:00,ZECUSDT,swing,Bull,0.4974,11.3584
2026-02-21 11:00:00,2026-02-24 10:30:00,XTZUSDT,swing,Bull,0.4974,6.8294
2026-02-21 11:45:00,2026-02-24 11:00:00,TWTUSDT,swing,Bull,0.0199,6.7127
2026-02-21 12:30:00,2026-02-24 12:15:00,EGLDUSDT,swing,Bull,0.3975,9.0864
2026-02-21 13:45:00,2026-02-24 13:15:00,TRBUSDT,swing,Bull,0.0232,10.5056
2026-02-21 14:45:00,2026-02-24 14:30:00,NEOUSDT,swing,Bull,0.4973,6.1815
2026-02-21 15:00:00,2026-02-24 14:15:00,KAVAUSDT,swing,Bull,0.4973,13.3152
2026-02-22 08:15:00,2026-02-25 15:30:00,KNCUSDT,ripshort,Bull,0.0000,1.9201
2026-02-22 10:45:00,2026-02-25 15:30:00,MINAUSDT,ripshort,Ranging,0.0000,2.4048
2026-02-22 14:15:00,2026-02-25 15:30:00,HIGHUSDT,ripshort,Ranging,0.0000,2.0857
2026-02-22 19:00:00,2026-02-25 16:15:00,SSVUSDT,ripshort,Ranging,0.0000,-6.5446
2026-02-22 21:00:00,2026-02-25 15:00:00,ARKMUSDT,ripshort,Ranging,0.0000,-6.4209
2026-02-22 23:15:00,2026-02-25 15:45:00,DASHUSDT,ripshort,Ranging,0.0000,-5.9932
2026-02-23 00:45:00,2026-02-25 16:00:00,CELOUSDT,ripshort,Bear,0.0000,-5.2357
2026-02-24 16:15:00,2026-02-26 16:45:00,PEOPLEUSDT,swing_long,Bear,0.0451,2.1137
2026-02-24 17:00:00,2026-02-26 15:15:00,TRBUSDT,swing_long,Bear,0.1528,2.0447
2026-02-24 19:00:00,2026-02-26 15:15:00,KNCUSDT,swing_long,Bear,0.1926,1.5301
2026-02-25 01:30:00,2026-02-26 14:30:00,KAVAUSDT,swing_long,Bear,0.2033,1.8724
2026-02-25 02:30:00,2026-02-26 16:30:00,EGLDUSDT,swing_long,Bear,0.1427,1.5618
2026-02-25 13:30:00,2026-02-26 07:45:00,WAVESUSDT,swing_long,Bull,0.1842,1.8767
2026-02-25 20:00:00,2026-02-26 16:45:00,TWTUSDT,swing_long,Bull,0.0000,-8.6633
2026-02-26 20:30:00,2026-03-04 08:45:00,TRBUSDT,ripshort,Bull,0.0000,-2.7910
2026-02-27 06:30:00,2026-03-01 02:00:00,SSVUSDT,swing,Bull,0.4640,2.6663
2026-02-27 19:00:00,2026-03-02 15:00:00,CAKEUSDT,ripshort,Bear,0.0000,-5.0186
2026-02-28 00:30:00,2026-03-04 08:45:00,THETAUSDT,ripshort,Bear,0.0000,-4.9244
2026-02-28 18:45:00,2026-03-03 05:30:00,ALICEUSDT,diplong,Bear,0.1642,13.2623
2026-02-28 20:15:00,2026-03-03 07:45:00,HIGHUSDT,swing_long,Bear,0.1212,3.2897
2026-02-28 20:15:00,2026-03-03 08:00:00,CAKEUSDT,swing_long,Bear,0.2209,2.3434
2026-02-28 20:30:00,2026-03-03 08:00:00,WAVESUSDT,swing_long,Bear,0.1844,-2.7333
2026-02-28 20:30:00,2026-03-03 08:15:00,TRBUSDT,swing_long,Bear,0.1528,0.2290
2026-02-28 20:30:00,2026-03-03 08:15:00,MINAUSDT,swing_long,Bear,0.1902,-2.3870
2026-02-28 21:00:00,2026-03-02 23:00:00,MASKUSDT,swing_long,Bear,0.1989,2.5442
2026-02-28 21:00:00,2026-03-03 08:15:00,DASHUSDT,swing_long,Bear,0.2366,2.5963
2026-02-28 21:00:00,2026-03-03 08:30:00,IDUSDT,swing_long,Bear,0.1117,-4.6700
2026-03-01 09:30:00,2026-03-02 19:30:00,CAKEUSDT,diplong,Bull,0.2051,2.0351
2026-03-01 09:45:00,2026-03-04 08:30:00,PEOPLEUSDT,ripshort,Bull,0.0000,-7.6233
2026-03-01 14:00:00,2026-03-03 08:45:00,WOOUSDT,diplong,Bull,0.1561,2.6949
2026-03-03 07:00:00,2026-03-05 18:00:00,CAKEUSDT,diplong,Bull,0.2053,2.6003
2026-03-03 12:45:00,2026-03-10 04:15:00,YGGUSDT,ripshort,Bull,0.0000,1.4743
2026-03-03 19:00:00,2026-03-10 10:45:00,KNCUSDT,ripshort,Bull,0.0000,5.5232
2026-03-07 07:45:00,2026-03-13 13:00:00,WAVESUSDT,ripshort,Bear,0.0000,-0.8587
2026-03-07 21:00:00,2026-03-10 07:15:00,KAVAUSDT,diplong,Bear,0.1090,7.0849
2026-03-08 04:45:00,2026-03-10 07:45:00,FLOWUSDT,swing_long,Bear,0.2694,45.3899
2026-03-08 08:15:00,2026-03-10 04:30:00,XTZUSDT,ripshort,Bear,0.0000,-2.9871
2026-03-08 09:30:00,2026-03-10 19:00:00,SUPERUSDT,swing_long,Bear,0.1512,2.1026
2026-03-08 10:30:00,2026-03-10 22:30:00,XTZUSDT,swing_long,Bear,0.1647,-1.9438
2026-03-08 12:30:00,2026-03-10 23:45:00,HIGHUSDT,swing_long,Bear,0.1212,-0.3684
2026-03-08 15:00:00,2026-03-10 05:45:00,FLOWUSDT,diplong,Bear,0.2694,44.6101
2026-03-08 18:15:00,2026-03-10 02:30:00,CELOUSDT,ripshort,Bear,0.0000,-3.1664
2026-03-09 05:45:00,2026-03-10 05:30:00,DASHUSDT,swing_long,Bear,0.2367,2.3925
2026-03-10 00:30:00,2026-03-10 15:00:00,WOOUSDT,diplong,Bull,0.1562,2.3155
2026-03-10 01:30:00,2026-03-10 18:00:00,PEOPLEUSDT,swing_long,Bull,0.0451,2.6946
2026-03-10 08:30:00,2026-03-13 12:45:00,XTZUSDT,ripshort,Bull,0.0000,-3.4759
2026-03-11 06:15:00,2026-03-13 16:30:00,PEOPLEUSDT,diplong,Bull,0.1800,1.4420
2026-03-11 17:30:00,2026-03-13 14:45:00,SUPERUSDT,swing_long,Bull,0.1512,1.8052
2026-03-11 18:15:00,2026-03-13 14:45:00,DASHUSDT,swing_long,Bull,0.2367,2.3402
2026-03-11 22:30:00,2026-03-13 12:00:00,ZECUSDT,ripshort,Bull,0.0000,-5.4448
2026-03-12 00:45:00,2026-03-13 20:30:00,NEOUSDT,diplong,Bull,0.2578,1.7439
2026-03-12 03:45:00,2026-03-13 15:45:00,SSVUSDT,diplong,Bull,0.1979,2.3289
2026-03-12 11:45:00,2026-03-13 12:00:00,LITUSDT,swing_long,Bull,0.0108,2.6465
2026-03-12 13:30:00,2026-03-13 20:30:00,ALICEUSDT,ripshort,Bull,0.0000,-4.5492
2026-03-12 15:00:00,2026-03-13 16:15:00,WOOUSDT,diplong,Bull,0.1562,2.1050
2026-03-12 20:30:00,2026-03-16 20:15:00,THETAUSDT,ripshort,Bull,0.0000,-5.7455
2026-03-13 08:45:00,2026-03-13 17:30:00,MINAUSDT,diplong,Bull,0.1398,1.6599
2026-03-13 15:15:00,2026-03-16 03:15:00,SUPERUSDT,swing_long,Bull,0.1404,3.4326
2026-03-13 16:45:00,2026-03-16 03:15:00,SSVUSDT,diplong,Bull,0.1838,0.7155
2026-03-13 16:45:00,2026-03-16 03:15:00,SUPERUSDT,diplong,Bull,0.1579,3.8190
2026-03-13 16:45:00,2026-03-16 03:30:00,BLURUSDT,diplong,Bull,0.0541,2.2715
2026-03-13 16:45:00,2026-03-16 03:30:00,ARKMUSDT,diplong,Bull,0.2040,0.7424
2026-03-13 16:45:00,2026-03-16 03:30:00,DASHUSDT,diplong,Bull,0.1517,3.0059
2026-03-13 16:45:00,2026-03-16 03:45:00,ZECUSDT,diplong,Bull,0.0937,9.1154
2026-03-13 19:45:00,2026-03-16 06:30:00,XTZUSDT,diplong,Bull,0.1442,5.8902
2026-03-13 20:30:00,2026-03-16 07:15:00,WOOUSDT,diplong,Bull,0.1562,4.3553
2026-03-14 03:45:00,2026-03-17 02:30:00,IDUSDT,ripshort,Bull,0.0000,-3.9318
2026-03-14 05:30:00,2026-03-16 16:45:00,LITUSDT,swing_long,Bull,0.0108,-0.2689
2026-03-14 08:00:00,2026-03-16 17:45:00,HIGHUSDT,ripshort,Bull,0.0000,-8.5153
2026-03-14 08:45:00,2026-03-16 03:00:00,KNCUSDT,ripshort,Bull,0.0000,-4.3350
2026-03-14 10:00:00,2026-03-16 04:00:00,DASHUSDT,ripshort,Bull,0.0000,-7.4848
2026-03-14 10:00:00,2026-03-16 06:45:00,SSVUSDT,ripshort,Bull,0.0000,-8.0410
2026-03-14 15:45:00,2026-03-16 08:00:00,PEOPLEUSDT,ripshort,Ranging,0.0000,-8.0157
2026-03-14 16:15:00,2026-03-16 17:45:00,LITUSDT,ripshort,Ranging,0.0197,-6.8396
2026-03-15 02:30:00,2026-03-17 14:15:00,WOOUSDT,swing_long,Ranging,0.1732,5.9064
2026-03-15 06:45:00,2026-03-17 00:00:00,ARKMUSDT,swing_long,Bull,0.2693,2.4376
2026-03-15 08:00:00,2026-03-17 19:15:00,YGGUSDT,swing_long,Bull,0.1623,1.4704
2026-03-15 09:15:00,2026-03-17 20:30:00,BLURUSDT,swing_long,Bull,0.1715,7.6608
2026-03-15 20:45:00,2026-03-17 03:15:00,EGLDUSDT,swing_long,Bull,0.1427,1.4463
2026-03-16 02:00:00,2026-03-16 04:30:00,KNCUSDT,swing_long,Bull,0.1926,1.0138
2026-03-16 03:30:00,2026-03-17 02:00:00,TWTUSDT,swing_long,Bull,0.0000,1.5979
2026-03-16 05:00:00,2026-03-16 10:15:00,PEOPLEUSDT,swing_long,Bull,0.0451,1.9042
2026-03-16 09:30:00,2026-03-16 23:45:00,ZECUSDT,diplong,Bull,0.1009,18.6269
2026-03-16 12:15:00,2026-03-19 11:30:00,ALICEUSDT,swing,Bull,0.2660,9.2348
2026-03-16 14:15:00,2026-03-16 19:00:00,HIGHUSDT,swing_long,Bull,0.1212,1.5089
2026-03-16 15:00:00,2026-03-17 00:30:00,XTZUSDT,diplong,Bull,0.1442,1.4492
2026-03-16 16:30:00,2026-03-17 03:30:00,THETAUSDT,diplong,Bull,0.1313,1.7081
2026-03-16 16:30:00,2026-03-17 13:15:00,SUPERUSDT,diplong,Bull,0.1696,1.4989
2026-03-17 05:15:00,2026-03-17 10:30:00,IDUSDT,diplong,Bull,0.0130,1.2333
2026-03-17 06:15:00,2026-03-17 13:00:00,MASKUSDT,diplong,Bull,0.1063,1.4471
2026-03-17 07:15:00,2026-03-17 12:15:00,XTZUSDT,diplong,Bull,0.1441,1.4260
2026-03-20 23:00:00,2026-03-23 14:45:00,SUPERUSDT,swing,Bear,0.4973,3.2043
2026-03-21 07:45:00,2026-03-23 12:30:00,EGLDUSDT,swing,Ranging,0.2145,1.8264
2026-03-21 13:30:00,2026-03-24 01:00:00,CELOUSDT,swing_long,Ranging,0.2021,-5.2614
2026-03-22 23:30:00,2026-03-23 13:30:00,CAKEUSDT,swing,Bear,0.0199,-2.4178
2026-03-23 00:00:00,2026-03-24 06:30:00,XTZUSDT,ripshort,Bear,0.0000,-5.1127
2026-03-23 06:15:00,2026-03-23 13:45:00,ZECUSDT,swing,Bear,0.4973,-4.9509
2026-03-23 13:45:00,2026-03-24 00:30:00,SUPERUSDT,swing_long,Bear,0.1488,1.5011
2026-03-23 16:30:00,2026-03-23 21:00:00,SUPERUSDT,ripshort,Bear,0.0000,-2.9313
2026-03-25 02:00:00,2026-03-28 01:30:00,IDUSDT,swing,Bull,0.2282,11.2922
2026-03-25 06:15:00,2026-03-28 05:30:00,NEOUSDT,swing,Bull,0.4973,6.0389
2026-03-25 08:00:00,2026-03-28 07:45:00,ZECUSDT,swing,Bull,0.4971,6.4518
2026-03-25 11:15:00,2026-03-28 11:15:00,MASKUSDT,swing,Bull,0.2188,9.6266
2026-03-25 23:45:00,2026-03-27 19:30:00,PEOPLEUSDT,swing,Bull,0.4974,2.1223
2026-04-02 15:30:00,2026-04-06 09:15:00,WOOUSDT,ripshort,Bear,0.0000,-5.6960
2026-04-03 01:45:00,2026-04-06 15:15:00,IDUSDT,ripshort,Bear,0.0000,4.9032
2026-04-03 14:30:00,2026-04-06 01:15:00,SSVUSDT,diplong,Ranging,0.1936,-1.9894
2026-04-03 14:45:00,2026-04-06 10:15:00,SUPERUSDT,ripshort,Ranging,0.0000,0.5325
2026-04-03 15:15:00,2026-04-06 03:00:00,CAKEUSDT,swing_long,Ranging,0.2210,6.3299
2026-04-03 16:00:00,2026-04-06 03:15:00,WOOUSDT,swing_long,Ranging,0.1738,-2.3802
2026-04-03 16:15:00,2026-04-06 03:00:00,TWTUSDT,diplong,Ranging,0.0000,-3.2716
2026-04-03 16:30:00,2026-04-06 03:00:00,ALICEUSDT,diplong,Ranging,0.1642,-3.0844
2026-04-03 18:00:00,2026-04-06 04:15:00,EGLDUSDT,diplong,Ranging,0.1480,-1.5420
2026-04-03 20:15:00,2026-04-06 06:45:00,LITUSDT,diplong,Ranging,0.0108,2.2392
2026-04-03 21:15:00,2026-04-06 07:30:00,XTZUSDT,diplong,Ranging,0.1442,0.0111
2026-04-04 01:00:00,2026-04-06 11:30:00,NEOUSDT,diplong,Ranging,0.2694,0.1093
2026-04-04 03:30:00,2026-04-06 14:45:00,HIGHUSDT,swing_long,Ranging,0.1212,-2.4206
2026-04-04 06:45:00,2026-04-06 07:45:00,YGGUSDT,diplong,Ranging,0.1481,1.9568
2026-04-04 08:15:00,2026-04-06 19:30:00,PEOPLEUSDT,swing_long,Ranging,0.0451,-0.8103
2026-04-04 11:00:00,2026-04-06 22:45:00,ZECUSDT,swing_long,Ranging,0.1775,2.4176
2026-04-04 13:15:00,2026-04-06 14:30:00,DASHUSDT,swing_long,Ranging,0.2367,1.7104
2026-04-04 13:30:00,2026-04-07 01:00:00,WAVESUSDT,swing_long,Ranging,0.1842,-1.7682
2026-04-05 12:45:00,2026-04-06 09:30:00,SSVUSDT,ripshort,Ranging,0.0000,-5.4927
2026-04-05 14:45:00,2026-04-08 06:30:00,FLOWUSDT,ripshort,Ranging,0.0000,-7.0109
2026-04-05 16:30:00,2026-04-08 21:15:00,BLURUSDT,ripshort,Ranging,0.0000,-8.2331
2026-04-06 00:15:00,2026-04-06 14:30:00,XTZUSDT,swing_long,Bull,0.1647,1.2378
2026-04-06 03:45:00,2026-04-08 13:15:00,MASKUSDT,diplong,Bull,0.1065,-5.0643
2026-04-06 03:45:00,2026-04-08 15:30:00,NEOUSDT,swing_long,Bull,0.2246,-2.7162
2026-04-06 07:30:00,2026-04-06 21:30:00,LITUSDT,diplong,Bull,0.0108,2.6546
2026-04-06 07:30:00,2026-04-08 14:45:00,FLOWUSDT,swing_long,Bull,0.2694,1.2791
2026-04-06 14:00:00,2026-04-09 00:30:00,FLOWUSDT,diplong,Bull,0.2693,2.2728
2026-04-06 14:15:00,2026-04-09 00:30:00,NEOUSDT,diplong,Bull,0.2693,-2.3101
2026-04-06 15:45:00,2026-04-08 14:30:00,XTZUSDT,diplong,Bull,0.1442,1.3770
2026-04-06 18:00:00,2026-04-08 12:15:00,WOOUSDT,diplong,Bull,0.1562,7.7397
2026-04-06 19:45:00,2026-04-08 04:45:00,IDUSDT,ripshort,Bull,0.0000,-3.7549
2026-04-06 19:45:00,2026-04-10 20:45:00,SSVUSDT,ripshort,Bull,0.0000,-5.5322
2026-04-06 20:00:00,2026-04-08 14:15:00,EGLDUSDT,diplong,Bull,0.1480,1.2110
2026-04-06 22:00:00,2026-04-06 23:00:00,WAVESUSDT,grid,Bull,0.1634,-0.4847
2026-04-06 22:15:00,2026-04-08 04:00:00,LITUSDT,diplong,Bull,0.0107,2.6249
2026-04-06 22:15:00,2026-04-08 23:15:00,ARKMUSDT,diplong,Bull,0.2196,1.7953
2026-04-07 03:15:00,2026-04-08 14:45:00,WAVESUSDT,swing_long,Bull,0.1845,1.0113
2026-04-07 07:45:00,2026-04-08 23:15:00,ARKMUSDT,swing_long,Bull,0.2694,1.7180
2026-04-07 08:45:00,2026-04-13 22:30:00,CELOUSDT,ripshort,Bull,0.0000,-0.4182
2026-04-07 19:15:00,2026-04-08 23:00:00,PEOPLEUSDT,swing_long,Ranging,0.0451,1.9139
2026-04-07 21:15:00,2026-04-08 14:30:00,EGLDUSDT,swing_long,Bull,0.1427,1.3764
2026-04-07 21:45:00,2026-04-08 11:30:00,SSVUSDT,swing_long,Bull,0.1928,2.1291
2026-04-07 22:45:00,2026-04-08 08:45:00,KAVAUSDT,swing_long,Bull,0.2033,1.7898
2026-04-08 07:15:00,2026-04-10 17:45:00,LITUSDT,diplong,Bull,0.0108,6.4278
2026-04-08 12:15:00,2026-04-11 00:00:00,CAKEUSDT,swing_long,Bull,0.2208,-0.0634
2026-04-08 13:15:00,2026-04-10 23:00:00,PEOPLEUSDT,diplong,Bull,0.1799,2.1242
2026-04-08 15:30:00,2026-04-10 17:15:00,WAVESUSDT,diplong,Bull,0.1682,0.9918
2026-04-08 15:30:00,2026-04-10 21:45:00,TRBUSDT,diplong,Bull,0.1688,7.0339
2026-04-08 15:30:00,2026-04-11 01:15:00,WOOUSDT,diplong,Bull,0.1561,-3.3212
2026-04-08 17:00:00,2026-04-11 04:30:00,FLOWUSDT,swing_long,Bull,0.2676,-3.2861
2026-04-08 22:30:00,2026-04-10 17:30:00,TRBUSDT,ripshort,Bull,0.0000,-5.2015
2026-04-09 09:45:00,2026-04-11 06:45:00,IDUSDT,ripshort,Bull,0.0000,-6.3613
2026-04-10 04:00:00,2026-04-10 16:15:00,NEOUSDT,swing_long,Bull,0.2184,1.6610
2026-04-10 07:30:00,2026-04-11 04:45:00,LITUSDT,swing_long,Bull,0.0107,2.5937
2026-04-10 17:15:00,2026-04-10 18:15:00,WOOUSDT,grid,Bull,0.0104,0.7153
2026-04-10 17:15:00,2026-04-10 18:15:00,SUPERUSDT,grid,Bull,0.0104,0.9115
2026-04-10 18:30:00,2026-04-11 03:45:00,SSVUSDT,swing_long,Bull,0.1920,1.8837
2026-04-10 19:15:00,2026-04-10 21:15:00,WOOUSDT,grid,Bull,0.0104,0.6599
2026-04-10 21:15:00,2026-04-11 00:15:00,SUPERUSDT,grid,Bull,0.0104,0.8341
2026-04-11 13:45:00,2026-04-14 01:45:00,LITUSDT,swing_long,Bull,0.0108,-5.4564
2026-04-11 21:45:00,2026-04-14 08:15:00,TRBUSDT,diplong,Bull,0.1688,-2.3071
2026-04-12 02:15:00,2026-04-14 12:00:00,TWTUSDT,diplong,Bull,0.0000,1.7794
2026-04-12 02:45:00,2026-04-14 12:45:00,LITUSDT,diplong,Bull,0.0108,-4.4426
2026-04-12 06:30:00,2026-04-14 15:45:00,DASHUSDT,diplong,Bull,0.1633,-6.0367
2026-04-12 09:00:00,2026-04-13 22:30:00,WOOUSDT,ripshort,Bull,0.0000,-7.4751
2026-04-12 09:45:00,2026-04-14 00:00:00,ARKMUSDT,ripshort,Bull,0.0000,-6.4692
2026-04-12 10:45:00,2026-04-14 18:45:00,BLURUSDT,diplong,Bull,0.0582,-9.0487
2026-04-12 18:00:00,2026-04-14 02:45:00,SUPERUSDT,ripshort,Bear,0.0000,-6.2239
2026-04-12 19:00:00,2026-04-14 09:45:00,PEOPLEUSDT,ripshort,Bear,0.0000,-7.6161
2026-04-13 00:00:00,2026-04-13 22:00:00,TRBUSDT,ripshort,Bear,0.0000,-4.3004
2026-04-13 01:15:00,2026-04-13 22:15:00,NEOUSDT,ripshort,Bear,0.0000,-4.6814
2026-04-13 04:00:00,2026-04-14 09:00:00,TWTUSDT,ripshort,Bear,0.0000,-4.5798
2026-04-13 14:45:00,2026-04-14 05:30:00,NEOUSDT,swing_long,Bear,0.2246,1.5946
2026-04-13 19:45:00,2026-04-14 01:00:00,PEOPLEUSDT,swing_long,Bull,0.0451,1.9430
2026-04-13 20:45:00,2026-04-14 05:30:00,EGLDUSDT,swing_long,Bull,0.1427,1.3653
2026-04-13 21:00:00,2026-04-14 12:15:00,FLOWUSDT,swing_long,Bull,0.2694,1.3454
2026-04-13 21:15:00,2026-04-14 11:30:00,SUPERUSDT,swing_long,Bull,0.1512,2.6260
2026-04-14 04:30:00,2026-04-14 05:30:00,BLURUSDT,grid,Bull,0.2594,1.1547
2026-04-14 06:15:00,2026-04-14 18:45:00,CAKEUSDT,diplong,Bull,0.2053,1.3986
2026-04-14 06:30:00,2026-04-14 08:30:00,BLURUSDT,grid,Bull,0.2594,1.1427
2026-04-14 07:15:00,2026-04-14 15:00:00,PEOPLEUSDT,diplong,Bull,0.1800,2.1458
2026-04-14 09:30:00,2026-04-14 10:30:00,BLURUSDT,grid,Bull,0.2594,1.1720
2026-04-14 15:45:00,2026-04-15 06:00:00,PEOPLEUSDT,diplong,Bull,0.1684,2.5074
2026-04-15 02:45:00,2026-04-17 13:45:00,LITUSDT,ripshort,Bull,0.0197,-9.4177
2026-04-15 15:00:00,2026-04-18 03:00:00,TWTUSDT,swing_long,Bull,0.0000,4.5446
2026-04-15 18:00:00,2026-04-17 21:30:00,EGLDUSDT,swing_long,Bull,0.1427,15.6427
2026-04-15 18:15:00,2026-04-17 17:00:00,CAKEUSDT,diplong,Bull,0.2053,1.6248
2026-04-16 06:15:00,2026-04-18 10:00:00,SUPERUSDT,swing_long,Bull,0.1509,2.5557
2026-04-16 10:00:00,2026-04-18 11:00:00,BLURUSDT,diplong,Bull,0.0574,2.9859
2026-04-16 15:15:00,2026-04-18 04:15:00,ALICEUSDT,diplong,Bull,0.1642,12.4514
2026-04-16 15:45:00,2026-04-18 00:30:00,WOOUSDT,diplong,Bull,0.1562,2.0456
2026-04-16 16:30:00,2026-04-18 01:30:00,SSVUSDT,swing_long,Bull,0.1928,2.1993
2026-04-17 03:15:00,2026-04-17 15:30:00,KNCUSDT,diplong,Bull,0.1244,7.9782
2026-04-17 03:45:00,2026-04-18 09:00:00,EGLDUSDT,diplong,Bull,0.1479,1.7811
2026-04-17 05:45:00,2026-04-18 03:30:00,XTZUSDT,diplong,Bull,0.1442,1.7236
2026-04-17 05:45:00,2026-04-18 06:00:00,THETAUSDT,diplong,Bull,0.1313,25.8471
2026-04-17 07:30:00,2026-04-18 11:00:00,YGGUSDT,swing_long,Bull,0.1624,2.1563
2026-04-17 10:45:00,2026-04-18 00:45:00,ALICEUSDT,swing_long,Bull,0.2106,2.1580
2026-04-17 12:00:00,2026-04-17 17:15:00,KNCUSDT,swing_long,Bull,0.1926,1.1420
2026-04-18 03:15:00,2026-04-18 03:30:00,HIGHUSDT,swing_long,Bull,0.1212,2.6378
2026-04-18 06:45:00,2026-04-18 07:15:00,HIGHUSDT,swing_long,Bull,0.1212,25.1212
2026-04-18 06:45:00,2026-04-18 07:45:00,ALICEUSDT,swing_long,Bull,0.2106,25.4122
2026-04-18 07:30:00,2026-04-18 08:30:00,DASHUSDT,grid,Bull,0.0104,-1.2351
2026-04-19 10:15:00,2026-04-22 05:15:00,CELOUSDT,ripshort,Bear,0.0000,-5.4710
2026-04-19 19:45:00,2026-04-22 16:00:00,NEOUSDT,ripshort,Bear,0.0000,-3.9067
2026-04-20 01:30:00,2026-04-22 05:15:00,CAKEUSDT,ripshort,Bear,0.0000,-3.5832
2026-04-20 08:45:00,2026-04-22 12:00:00,WAVESUSDT,ripshort,Bear,0.0000,-4.3386
2026-04-20 10:15:00,2026-04-22 21:15:00,MASKUSDT,diplong,Bear,0.1065,3.1489
2026-04-20 13:30:00,2026-04-23 00:45:00,KNCUSDT,swing_long,Bear,0.1926,0.6508
2026-04-20 14:00:00,2026-04-22 18:45:00,HIGHUSDT,diplong,Bear,0.1961,-19.9147
2026-04-20 15:30:00,2026-04-22 19:30:00,XTZUSDT,swing_long,Bear,0.1647,1.5727
2026-04-20 15:30:00,2026-04-23 03:15:00,EGLDUSDT,swing_long,Bear,0.1427,-2.2349
2026-04-20 15:45:00,2026-04-23 00:00:00,SUPERUSDT,diplong,Bear,0.1700,-7.9262
2026-04-20 16:15:00,2026-04-23 04:00:00,TWTUSDT,swing_long,Bear,0.0000,-3.2275
2026-04-20 18:00:00,2026-04-23 00:00:00,SSVUSDT,swing_long,Bear,0.1928,2.7044
2026-04-20 18:45:00,2026-04-23 03:15:00,FLOWUSDT,swing_long,Bull,0.2693,1.1017
2026-04-20 18:45:00,2026-04-23 06:15:00,WOOUSDT,swing_long,Bull,0.1733,-3.2619
2026-04-21 01:00:00,2026-04-22 23:30:00,XTZUSDT,diplong,Bull,0.1442,1.6018
2026-04-21 01:45:00,2026-04-22 15:00:00,CAKEUSDT,swing_long,Bull,0.2210,1.3461
2026-04-21 03:30:00,2026-04-23 03:15:00,KAVAUSDT,diplong,Bull,0.1090,1.9295
2026-04-21 04:45:00,2026-04-23 02:15:00,FLOWUSDT,diplong,Bull,0.2693,1.8658
2026-04-21 12:30:00,2026-04-23 02:00:00,BLURUSDT,diplong,Bull,0.0582,2.6042
2026-04-25 23:00:00,2026-05-02 06:30:00,ARKMUSDT,ripshort,Ranging,0.0000,1.3101
2026-04-27 20:45:00,2026-05-01 16:30:00,DASHUSDT,ripshort,Bear,0.0000,-6.1778
2026-04-27 21:00:00,2026-05-01 22:30:00,PEOPLEUSDT,ripshort,Bear,0.0000,-4.9426
2026-04-29 10:45:00,2026-05-02 01:15:00,KNCUSDT,ripshort,Bull,0.0000,-1.9688
2026-04-29 16:45:00,2026-05-02 04:30:00,FLOWUSDT,swing_long,Ranging,0.2684,5.0065
2026-04-29 22:00:00,2026-05-04 08:00:00,WOOUSDT,ripshort,Bear,0.0000,-4.3038
2026-04-29 22:00:00,2026-05-05 20:45:00,EGLDUSDT,ripshort,Bear,0.0000,-1.8577
2026-04-29 22:30:00,2026-05-02 05:15:00,CELOUSDT,ripshort,Bear,0.0000,-5.4646
2026-04-29 22:45:00,2026-05-02 00:00:00,KAVAUSDT,ripshort,Bear,0.0000,-5.1438
2026-05-01 03:00:00,2026-05-01 19:00:00,ZECUSDT,diplong,Ranging,0.1009,10.6723
2026-05-01 19:00:00,2026-05-04 06:15:00,NEOUSDT,swing_long,Bull,0.2220,1.2015
2026-05-01 19:15:00,2026-05-04 07:15:00,WOOUSDT,swing_long,Bull,0.1728,1.7873
2026-05-01 21:15:00,2026-05-01 23:15:00,MINAUSDT,grid,Bull,0.1673,-0.9742
2026-05-01 21:45:00,2026-05-04 07:15:00,MASKUSDT,diplong,Bull,0.1058,-3.8083
2026-05-02 04:15:00,2026-05-02 04:45:00,KNCUSDT,swing_long,Bull,0.1919,1.3869
2026-05-02 19:15:00,2026-05-05 07:00:00,CAKEUSDT,swing_long,Bull,0.2209,2.4566
2026-05-02 21:45:00,2026-05-05 09:45:00,ZECUSDT,swing_long,Bull,0.1774,6.9505
2026-05-03 00:15:00,2026-05-05 04:45:00,KNCUSDT,diplong,Bull,0.1228,-17.4873
2026-05-03 01:00:00,2026-05-05 12:45:00,KNCUSDT,swing_long,Bull,0.1926,-16.1344
2026-05-03 02:45:00,2026-05-05 13:00:00,CELOUSDT,diplong,Bull,0.1049,1.9791
2026-05-03 03:45:00,2026-05-04 06:00:00,SUPERUSDT,diplong,Bull,0.1680,1.4880
2026-05-03 04:45:00,2026-05-05 15:30:00,ARKMUSDT,diplong,Bull,0.2196,2.0632
2026-05-03 05:15:00,2026-05-04 08:30:00,PEOPLEUSDT,diplong,Bull,0.1790,2.3905
2026-05-03 07:00:00,2026-05-05 19:00:00,CELOUSDT,swing_long,Bull,0.2111,-1.0856
2026-05-03 08:45:00,2026-05-04 21:30:00,IDUSDT,ripshort,Bull,0.0000,-4.4461
2026-05-03 09:00:00,2026-05-05 14:45:00,BLURUSDT,ripshort,Bull,0.0000,-7.3119
2026-05-03 13:30:00,2026-05-05 06:15:00,ALICEUSDT,ripshort,Bull,0.0000,-4.0443
2026-05-03 14:15:00,2026-05-06 02:00:00,TWTUSDT,swing_long,Bull,0.0000,0.6589
2026-05-03 21:00:00,2026-05-04 06:30:00,HIGHUSDT,ripshort,Bull,0.0000,-3.8184
2026-05-03 22:15:00,2026-05-06 09:15:00,TRBUSDT,diplong,Bull,0.1592,2.0657
2026-05-04 00:45:00,2026-05-04 06:15:00,CAKEUSDT,diplong,Bull,0.2030,0.9116
2026-05-04 03:30:00,2026-05-05 06:30:00,MINAUSDT,swing_long,Bull,0.1903,1.2124
2026-05-04 07:00:00,2026-05-06 04:15:00,HIGHUSDT,swing_long,Bull,0.1165,-8.9928
2026-05-04 08:15:00,2026-05-06 13:15:00,WOOUSDT,swing_long,Bull,0.1680,1.5366
2026-05-04 08:30:00,2026-05-05 06:15:00,SSVUSDT,diplong,Bull,0.1978,2.0814
2026-05-04 12:00:00,2026-05-05 14:30:00,CAKEUSDT,diplong,Bull,0.2053,0.9751
2026-05-04 12:15:00,2026-05-05 16:45:00,LITUSDT,diplong,Bull,0.0108,2.3510
2026-05-04 13:00:00,2026-05-05 21:00:00,NEOUSDT,ripshort,Bull,0.0000,-3.4121
2026-05-04 13:30:00,2026-05-05 12:45:00,SUPERUSDT,diplong,Bull,0.1700,1.5089
2026-05-04 18:00:00,2026-05-05 23:45:00,HIGHUSDT,ripshort,Bull,0.0000,-7.3113
2026-05-04 20:45:00,2026-05-05 03:30:00,SUPERUSDT,ripshort,Bull,0.0000,-4.9538
2026-05-05 03:30:00,2026-05-05 04:30:00,ALICEUSDT,grid,Bull,0.0102,0.6925
2026-05-05 04:15:00,2026-05-05 05:15:00,YGGUSDT,grid,Bull,0.0104,0.7170
2026-05-05 04:15:00,2026-05-05 13:00:00,LITUSDT,ripshort,Bull,0.0197,-9.4601
2026-05-05 06:15:00,2026-05-05 07:15:00,YGGUSDT,grid,Bull,0.0104,0.6982
2026-05-05 07:00:00,2026-05-06 13:15:00,WAVESUSDT,swing_long,Bull,0.1783,0.7680
2026-05-05 07:30:00,2026-05-06 09:00:00,ZECUSDT,diplong,Bull,0.0951,35.0159
2026-05-05 08:15:00,2026-05-05 11:15:00,YGGUSDT,grid,Bull,0.0104,-0.4792
2026-05-30 13:45:00,2026-06-02 13:30:00,PEOPLEUSDT,swing,Ranging,0.4974,-0.3012
2026-05-30 15:00:00,2026-06-02 14:45:00,KNCUSDT,swing,Ranging,0.2401,4.2358
2026-05-30 15:30:00,2026-06-02 15:15:00,MASKUSDT,swing,Ranging,0.3402,3.7293
2026-05-30 22:00:00,2026-06-02 17:15:00,WOOUSDT,swing,Ranging,0.4974,2.1565
2026-05-30 22:00:00,2026-06-02 21:30:00,BLURUSDT,swing,Ranging,0.0199,5.1416
2026-05-31 12:00:00,2026-06-03 11:15:00,TRBUSDT,swing,Ranging,0.0232,2.6617
2026-06-01 19:00:00,2026-06-03 07:15:00,SUPERUSDT,swing,Bear,0.4974,1.9521
2026-06-03 12:00:00,2026-06-06 11:15:00,SUPERUSDT,swing,Bear,0.4974,18.7268
2026-06-03 15:15:00,2026-06-08 12:45:00,TRBUSDT,ripshort,Bear,0.0000,16.2014
2026-06-06 15:15:00,2026-06-07 09:15:00,CAKEUSDT,swing,Bear,0.0198,-5.5495
2026-06-07 19:00:00,2026-06-08 19:15:00,ZECUSDT,ripshort,Bear,0.0000,-11.1524
2026-06-07 23:00:00,2026-06-08 12:30:00,TWTUSDT,ripshort,Bear,0.0000,-2.0424
2026-06-08 12:00:00,2026-06-15 03:30:00,XTZUSDT,ripshort,Bull,0.0000,2.7017
2026-06-08 13:45:00,2026-06-08 18:15:00,TWTUSDT,ripshort,Bull,0.0000,-3.1515
2026-06-09 06:15:00,2026-06-15 04:00:00,YGGUSDT,ripshort,Bull,0.0000,-1.5755
2026-06-12 18:45:00,2026-06-15 05:15:00,MASKUSDT,diplong,Bull,0.1065,5.1513
2026-06-12 18:45:00,2026-06-15 05:30:00,ALICEUSDT,diplong,Bull,0.1642,5.1407
2026-06-12 18:45:00,2026-06-15 05:30:00,BLURUSDT,diplong,Bull,0.0582,1.7423
2026-06-12 20:15:00,2026-06-15 05:00:00,WAVESUSDT,diplong,Bull,0.1684,-6.5473
2026-06-13 00:00:00,2026-06-15 10:15:00,KAVAUSDT,diplong,Bull,0.1090,2.4626
2026-06-13 03:30:00,2026-06-15 11:00:00,KNCUSDT,ripshort,Bull,0.0000,-3.8212
2026-06-13 07:45:00,2026-06-15 19:30:00,BLURUSDT,swing_long,Bull,0.1845,0.6700
2026-06-13 15:30:00,2026-06-15 15:15:00,SUPERUSDT,swing_long,Bull,0.1512,1.8723
2026-06-13 16:45:00,2026-06-15 19:15:00,THETAUSDT,swing_long,Bull,0.2109,2.1354
2026-06-13 17:00:00,2026-06-15 19:15:00,SSVUSDT,swing_long,Bull,0.1928,2.5143
2026-06-13 19:45:00,2026-06-15 19:15:00,MINAUSDT,diplong,Bull,0.1398,2.2297
2026-06-13 21:45:00,2026-06-16 02:15:00,EGLDUSDT,diplong,Bull,0.1479,1.8542
2026-06-13 21:45:00,2026-06-16 02:15:00,NEOUSDT,diplong,Bull,0.2693,1.6288
2026-06-13 22:30:00,2026-06-16 02:15:00,TRBUSDT,swing_long,Bull,0.1528,1.7803
2026-06-13 23:30:00,2026-06-15 19:15:00,ARKMUSDT,swing_long,Bull,0.2694,2.6038
2026-06-14 07:45:00,2026-06-15 11:15:00,FLOWUSDT,ripshort,Bull,0.0000,-3.8365
2026-06-14 08:45:00,2026-06-15 11:15:00,BLURUSDT,ripshort,Bull,0.0000,-4.8941
2026-06-14 09:30:00,2026-06-15 19:15:00,MASKUSDT,swing_long,Bull,0.1989,1.9518
2026-06-14 21:45:00,2026-06-15 22:15:00,XTZUSDT,swing_long,Bull,0.1647,1.9142
2026-06-15 02:15:00,2026-06-16 01:30:00,WAVESUSDT,ripshort,Bull,0.0000,-5.6682
2026-06-15 10:00:00,2026-06-15 19:15:00,XTZUSDT,diplong,Bull,0.1442,1.9853
2026-06-21 16:30:00,2026-06-24 16:15:00,EGLDUSDT,swing,Bull,0.3186,8.5018
2026-06-24 07:45:00,2026-07-14 00:30:00,DASHUSDT,ripshort,Bear,0.0000,7.2163
2026-06-24 10:30:00,2026-06-24 21:30:00,FLOWUSDT,swing,Bear,0.4959,-2.9525
2026-06-25 01:00:00,2026-07-14 17:30:00,NEOUSDT,ripshort,Bear,0.0000,0.9036
2026-06-25 07:15:00,2026-06-25 15:45:00,ARKMUSDT,swing,Bear,0.0198,2.6616
2026-06-25 08:45:00,2026-06-25 16:00:00,ZECUSDT,swing,Bear,0.4973,2.6799
2026-06-25 12:30:00,2026-06-25 14:30:00,TWTUSDT,swing,Bear,0.0175,2.1529
2026-06-25 20:45:00,2026-07-15 13:30:00,FLOWUSDT,ripshort,Bear,0.0000,10.4931
2026-06-26 18:30:00,2026-07-14 13:15:00,WOOUSDT,ripshort,Bear,0.0000,-2.4785
2026-06-28 02:30:00,2026-07-15 15:45:00,MASKUSDT,ripshort,Ranging,0.0000,-3.9064
2026-06-28 18:00:00,2026-07-14 04:45:00,KNCUSDT,diplong,Ranging,0.1244,-3.7156
2026-06-28 22:15:00,2026-07-14 10:00:00,CAKEUSDT,diplong,Ranging,0.2053,4.2766
2026-06-28 22:45:00,2026-07-14 02:45:00,CELOUSDT,diplong,Bear,0.1049,4.0740
2026-06-29 02:45:00,2026-07-14 15:00:00,CELOUSDT,swing_long,Bear,0.2110,0.8129
2026-06-29 03:30:00,2026-07-14 16:15:00,MASKUSDT,swing_long,Bear,0.1989,2.1626
2026-06-29 13:15:00,2026-07-13 12:30:00,FLOWUSDT,swing_long,Ranging,0.2690,-13.1890
2026-06-29 13:15:00,2026-07-15 01:30:00,DASHUSDT,swing_long,Ranging,0.2366,3.2365
2026-06-29 13:15:00,2026-07-15 02:15:00,KAVAUSDT,swing_long,Ranging,0.2033,2.8517
2026-06-29 18:15:00,2026-07-15 07:00:00,TWTUSDT,swing_long,Ranging,0.0000,-2.1132
2026-06-29 19:30:00,2026-07-14 16:15:00,ZECUSDT,swing_long,Ranging,0.1774,31.4244
2026-06-29 21:15:00,2026-07-15 06:30:00,ALICEUSDT,diplong,Ranging,0.1642,-6.4814
2026-06-30 01:30:00,2026-07-13 12:15:00,BLURUSDT,diplong,Ranging,0.0582,23.1951
2026-06-30 01:30:00,2026-07-13 17:30:00,TRBUSDT,diplong,Ranging,0.1688,10.2288
2026-06-30 01:30:00,2026-07-13 17:45:00,FLOWUSDT,diplong,Ranging,0.2694,-13.0759
2026-06-30 01:30:00,2026-07-15 00:30:00,TWTUSDT,diplong,Ranging,0.0000,1.3164
2026-06-30 06:45:00,2026-07-15 19:30:00,IDUSDT,swing_long,Ranging,0.1118,-2.9381
2026-07-13 15:00:00,2026-07-16 02:15:00,WOOUSDT,swing_long,Bull,0.1736,8.4083
2026-07-13 19:00:00,2026-07-14 20:00:00,WOOUSDT,diplong,Bull,0.1562,10.4250
2026-07-13 19:45:00,2026-07-15 07:15:00,PEOPLEUSDT,diplong,Bull,0.1800,2.7445
2026-07-13 22:15:00,2026-07-15 18:15:00,XTZUSDT,diplong,Bull,0.1442,2.2395
2026-07-14 01:30:00,2026-07-14 19:45:00,TWTUSDT,ripshort,Bull,0.0000,-5.0654
2026-07-14 01:45:00,2026-07-15 06:45:00,DASHUSDT,ripshort,Bull,0.0000,-5.6202
2026-07-14 02:45:00,2026-07-15 16:00:00,THETAUSDT,diplong,Bull,0.1313,2.4466
2026-07-14 11:15:00,2026-07-15 05:00:00,CAKEUSDT,diplong,Bull,0.2053,1.6555
2026-07-14 17:00:00,2026-07-15 19:15:00,ZECUSDT,swing_long,Bull,0.1775,2.6544
2026-07-15 04:15:00,2026-07-15 05:15:00,SSVUSDT,grid,Bull,0.0104,0.4346
2026-07-15 04:15:00,2026-07-15 16:00:00,KNCUSDT,diplong,Bull,0.1244,1.5288
2026-07-15 07:15:00,2026-07-15 09:15:00,SSVUSDT,grid,Bull,0.0104,0.4492
2026-07-15 08:30:00,2026-07-16 03:45:00,PEOPLEUSDT,diplong,Bull,0.1789,2.2920
2026-07-15 08:45:00,2026-07-15 14:15:00,DASHUSDT,diplong,Bull,0.1633,2.0868
2026-07-15 10:15:00,2026-07-15 14:15:00,DASHUSDT,swing_long,Bull,0.2367,2.0327
2026-07-15 10:45:00,2026-07-15 11:45:00,HIGHUSDT,grid,Bull,0.0104,2.3660
2026-07-15 15:45:00,2026-07-15 17:45:00,HIGHUSDT,grid,Bull,0.0104,2.0276
2026-07-15 20:45:00,2026-07-16 01:45:00,HIGHUSDT,grid,Bull,0.0104,1.8151
2026-07-16 01:15:00,2026-07-16 02:15:00,SSVUSDT,grid,Bull,0.0104,0.5544
2026-07-16 21:00:00,2026-07-21 17:45:00,DASHUSDT,ripshort,Bull,0.0000,-3.3284
2026-07-17 13:00:00,2026-07-21 20:30:00,XTZUSDT,ripshort,Bear,0.0000,-4.5556
2026-07-18 14:00:00,2026-07-21 23:45:00,KAVAUSDT,ripshort,Ranging,0.0000,-2.8737
2026-07-18 22:30:00,2026-07-21 09:00:00,WAVESUSDT,diplong,Bull,0.1654,-1.5071
2026-07-19 03:00:00,2026-07-21 14:30:00,BLURUSDT,swing_long,Bull,0.1845,-1.9198
2026-07-19 03:15:00,2026-07-21 14:30:00,DASHUSDT,swing_long,Bull,0.2367,0.2850
2026-07-19 03:15:00,2026-07-21 15:15:00,SUPERUSDT,swing_long,Bull,0.1512,2.1158
2026-07-19 10:30:00,2026-07-21 22:30:00,NEOUSDT,swing_long,Bull,0.2245,-1.4645
2026-07-19 13:00:00,2026-07-21 23:30:00,DASHUSDT,diplong,Bull,0.1633,1.3927
2026-07-19 15:15:00,2026-07-22 01:30:00,XTZUSDT,diplong,Bull,0.1440,0.7677
2026-07-20 20:30:00,2026-07-22 02:00:00,SSVUSDT,diplong,Bull,0.1968,1.2857
2026-07-21 01:15:00,2026-07-22 00:00:00,KAVAUSDT,swing_long,Bull,0.2033,1.2638
2026-07-21 02:15:00,2026-07-21 19:15:00,NEOUSDT,diplong,Bull,0.2693,1.7509
2026-07-21 08:15:00,2026-07-21 13:15:00,EGLDUSDT,grid,Bull,0.2594,0.5612
2026-07-21 09:00:00,2026-07-22 00:15:00,ARKMUSDT,swing_long,Bull,0.2692,1.4986
2026-07-21 11:45:00,2026-07-22 00:00:00,KAVAUSDT,diplong,Bull,0.1090,1.5045
2026-08-18 05:45:00,2026-08-19 14:45:00,KNCUSDT,ripshort,Bull,0.0000,-2.5649
2026-08-19 12:15:00,2026-08-19 14:45:00,TRBUSDT,ripshort,Bull,0.0000,-1.8770
2026-08-21 02:30:00,2026-08-23 03:15:00,CELOUSDT,swing_long,Bull,0.2111,3.4745
2026-08-21 14:45:00,2026-08-24 02:45:00,PEOPLEUSDT,swing_long,Bull,0.0445,-13.1622
2026-08-21 20:15:00,2026-08-24 03:45:00,PEOPLEUSDT,diplong,Bull,0.1686,-8.8589
2026-08-22 04:45:00,2026-08-24 16:45:00,FLOWUSDT,swing_long,Bull,0.2694,-8.2844
2026-08-22 06:00:00,2026-08-24 01:15:00,CELOUSDT,diplong,Bull,0.1045,2.1338
2026-08-22 06:00:00,2026-08-24 15:45:00,FLOWUSDT,diplong,Bull,0.2693,-4.6862
2026-08-22 06:00:00,2026-08-24 16:30:00,MASKUSDT,diplong,Bull,0.1065,-0.8211
2026-08-22 06:00:00,2026-08-24 16:30:00,KAVAUSDT,diplong,Bull,0.1090,1.9793
2026-08-22 06:30:00,2026-08-24 17:15:00,TWTUSDT,diplong,Bull,0.0000,-2.7078
2026-08-22 06:45:00,2026-08-23 22:15:00,ARKMUSDT,diplong,Bull,0.2191,2.5389
2026-08-22 06:45:00,2026-08-24 00:00:00,SUPERUSDT,diplong,Bull,0.1697,9.0853
2026-08-22 08:15:00,2026-08-24 19:30:00,YGGUSDT,swing_long,Bull,0.1648,-4.4093
2026-08-22 12:15:00,2026-08-24 16:45:00,LITUSDT,swing_long,Bull,0.0108,2.4879
2026-08-22 13:15:00,2026-08-25 00:30:00,THETAUSDT,swing_long,Bull,0.2109,-2.9547
2026-08-24 02:30:00,2026-08-25 08:45:00,CELOUSDT,diplong,Bull,0.1049,2.6767
2026-08-24 02:30:00,2026-08-25 11:45:00,ARKMUSDT,diplong,Bull,0.2196,2.6514
2026-08-24 04:00:00,2026-08-24 16:00:00,EGLDUSDT,diplong,Bull,0.1480,2.5832
2026-08-24 04:15:00,2026-08-25 08:00:00,PEOPLEUSDT,diplong,Bull,0.1800,-16.2254
2026-08-24 12:45:00,2026-08-25 20:45:00,WOOUSDT,swing_long,Bull,0.1619,-5.9841
2026-08-24 13:45:00,2026-08-24 14:45:00,PEOPLEUSDT,grid,Bull,0.0104,-4.2613
2026-08-25 05:45:00,2026-08-25 19:30:00,THETAUSDT,swing_long,Bull,0.2100,-7.2430
