date,carry_pnl,carry_gross,grid_pnl,grid_gross,gridshort_pnl,gridshort_gross,trend_pnl,trend_gross
2021-12-22,-0.012211506588384317,1,0,0,0,0,0.007609171867649609,0.9999999999999998
2021-12-23,-0.023344545887091075,1,0,0,0,0,-0.03949726009067963,0.9999999999999998
2021-12-24,0.02054226535987029,1,0.002517071805342425,0,0.0002870166837336683,0,0.008497320595691846,0.9999999999999998
2021-12-25,-0.003702083234260398,1,-0.0006608869052756745,0.15000000000000002,0.0015045466508513527,0.05,-0.00159712648880248,0.9999999999999998
2021-12-26,0.007033603964095902,1,-0.0009872384553362963,0.1,-0.0023906971202740123,0.1,0.00033175218980872027,0.9999999999999998
2021-12-27,-0.013050986252024806,1,-0.0013630123488590016,0.25,0,0.15000000000000002,0.00437131504500231,0.9999999999999998
2021-12-28,0.0007099661733803971,1,0,0,0,0,0.06154956349474084,0.9999999999999998
2021-12-29,-0.006844941933384028,1,0,0,0,0,0.033054580722725116,0.9999999999999998
2021-12-30,0.006291718507292457,1,-0.00022923096949739374,0,0,0,-0.01771255499442526,0.9999999999999998
2021-12-31,-0.0033658198399969803,1,0.0006962862015279825,0.05,0.0005541121135388494,0,0.014220469515537707,0.9999999999999998
2022-01-01,0.0023353690815579213,1,0.004947856346316939,0.05,0.0021287476305113843,0.05,-0.02813815784784797,0.9999999999999998
2022-01-02,0.002377574466534854,1,-0.0004432668794222536,0.3,0.0003812569328331392,0.15000000000000002,-0.0035208827338974362,0.9999999999999998
2022-01-03,-0.021037439464313974,1,-0.0004233387214569575,0.2,0,0.05,0.01735691438158033,0.9999999999999998
2022-01-04,-0.0010825462281987023,1,-0.0005584223404420072,0.05,0,0,0.004260255194052229,0.9999999999999998
2022-01-05,-0.012173929650126505,1,0,0.05,0,0,0.05867460638432289,0.9999999999999998
2022-01-06,-0.012226141484382533,1,0,0,0,0,0.02328052598366784,0.9999999999999998
2022-01-07,-0.010835008402781338,1,0,0,0,0,0.048397989167224126,0.9999999999999998
2022-01-08,0.0064733247094344425,1,0,0,0,0,0.017335818409801616,0.9999999999999998
2022-01-09,-0.0008289001924889675,1,-0.0037168315458092137,0,0,0,-0.01357033409981087,0.9999999999999998
2022-01-10,-0.002085881788404591,1,0,0.15000000000000002,-0.0013572957501154406,0,0.011513368246353389,0.9999999999999998
2022-01-11,-0.010744924907055291,1,0,0,-0.0015060450019353767,0.05,-0.03605008676803941,0.9999999999999998
2022-01-12,0.01703256973496678,1,0,0,0,0.05,-0.03417787991415705,0.9999999999999998
2022-01-13,-0.001255963524441813,1,0.00011096688970337709,0,0,0,0.03480173507402844,0.9999999999999998
2022-01-14,-0.001886268822333396,1,0.0028406042030184155,0.05,-0.00019957652027107996,0,-0.016177472531915878,0.9999999999999998
2022-01-15,-0.0006281990630319363,1,-0.0018379298907163957,0.3,0.0016316625584979648,0.15000000000000002,-0.0029486732960284697,0.9999999999999998
2022-01-16,0.01740940736830841,1,-0.003677565429690503,0.3,7.036442215735406E-05,0.2,-0.0028183973670836086,0.9999999999999998
2022-01-17,-0.029502804364548066,1,0,0.15000000000000002,0,0,0.030694865567366975,0.9999999999999998
2022-01-18,-0.014973622240263253,1,0,0,0,0,0.0062353330673169715,0.9999999999999998
2022-01-19,-0.006698498469398971,1,0,0,0,0,0.020386271831801694,0.9999999999999998
2022-01-20,-0.0059627787314096735,1,0,0,0,0,0.025432724817400193,0.9999999999999998
2022-01-21,-0.02137320451975728,1,0,0,0,0,0.12448063823371475,0.9999999999999998
2022-01-22,0.0031125347988009053,1,0,0,0,0,0.04928820135444395,0.9999999999999998
2022-01-23,0.0005830611698588791,1,0,0,0,0,-0.04301908135787128,0.9999999999999998
2022-01-24,0.007542340197388636,1,-0.0009322003612594472,0,0.00029265805775003176,0,0.014016548003359471,0.9999999999999998
2022-01-25,-0.0027449851987468464,1,0,0.05,-0.001971167958996034,0.05,-0.008092965618475929,0.9999999999999998
2022-01-26,0.01583988719876504,1,0,0,0,0.1,0.0010685068043167726,0.9999999999999998
2022-01-27,-0.011087014694857733,1,0.004150531651934216,0,0.002942199146028884,0,0.002862592807006641,0.9999999999999998
2022-01-28,-0.004913752537408157,1,0.00013972583905592727,0.15000000000000002,-0.0017439206255501177,0.2,-0.03243283670588762,0.9999999999999998
2022-01-29,-0.031422745224518975,1,0.0008013238828821159,0.05,-0.001403032294069476,0.15000000000000002,-0.0170110967434178,0.9999999999999998
2022-01-30,0.015914016941540002,1,0.0009046424754269538,0.1,-0.0015044272440941312,0,0.0038812430312178295,0.9999999999999998
2022-01-31,0.006879165370135805,1,0,0.05,0,0.05,-0.024235202104958983,0.9999999999999998
2022-02-01,-0.0037822303088878664,1,-0.0025935889522916114,0,0.001352418293310052,0,-0.02179465215331763,0.9999999999999998
2022-02-02,-0.008649879872473204,1,0,0.15000000000000002,0,0.05,0.042489193504068164,0.9999999999999998
2022-02-03,0.009673059511399722,1,0.001114814657882789,0,0,0,-0.008722140312126828,0.9999999999999998
2022-02-04,-0.009742686738868125,1,0,0.05,0,0,-0.1125375628060344,0.9999999999999998
2022-02-05,-0.006403457372070411,1,0.0003864421205854569,0,0,0,-0.00032588369223669435,0.9999999999999998
2022-02-06,0.021017231675636166,1,0.0029932985097335632,0.05,-9.585835770735685E-05,0.05,-0.018891848950978146,0.9999999999999998
2022-02-07,0.024268122555132533,1,0,0.05,0,0.05,-0.031058147627036375,0.9999999999999998
2022-02-08,-0.005709297410161994,1,0.0004584783743737262,0,0,0,0.0009127476067438411,0.7142857142857142
2022-02-09,0.061782662308467864,1,0.0005562807943227881,0.05,0,0,-0.010591408795881118,0.42857142857142855
2022-02-10,0.0052276730857588995,1,0,0.05,0,0,0.004887863414710133,0.14285714285714285
2022-02-11,-0.01203752406130879,1,0,0,0,0,0.0052034931057856745,0.14285714285714285
2022-02-12,0.004831856263111455,1,0,0,0,0,0.000524200889471119,0.14285714285714285
2022-02-13,-0.003229664860914641,1,0,0,0,0,0.001458752280693314,0.14285714285714285
2022-02-14,-0.00972971810368788,1,0,0,0,0,-0.0022454657111083427,0.14285714285714285
2022-02-15,-0.007098329843578221,1,0.0015723083503759198,0,0,0,-0.02895101085478218,0.42857142857142855
2022-02-16,-0.0010122397083694734,1,0,0.05,0,0,0.01216435914234926,0.7142857142857142
2022-02-17,0.004173974162093274,1,0,0,0,0,0.05384165130409756,0.7142857142857142
2022-02-18,0.007334095298672142,1,0,0,0,0,0.018640562558955923,0.7142857142857142
2022-02-19,0.0009686896734885073,1,0,0,0,0,0.0012229882140057935,0.7142857142857142
2022-02-20,0.004790309022751792,1,-0.0009790895326658529,0,0,0,0.03345862252865928,0.7142857142857142
2022-02-21,0.0026287747555582795,1,0,0.05,0,0,0.011774315978432493,0.42857142857142855
2022-02-22,-0.0067747078199369235,1,0,0,0,0,-0.004559200767383486,0.14285714285714285
2022-02-23,0.015988052459931658,1,0,0,0,0,-0.0036645904461512988,0.14285714285714285
2022-02-24,0.012862003019494656,1,0,0,0,0,0.0025269036411452884,0.14285714285714285
2022-02-25,-0.002799468487106395,1,0,0,0,0,0.01885735515251017,0.42857142857142855
2022-02-26,0.005474813006366708,1,0,0,0,0,0.0002406837024038039,0.7142857142857142
2022-02-27,0.0007197367692725912,1,0,0,0.00011433784433438632,0,-0.04768533518467518,0.9999999999999998
2022-02-28,0.021761635694643837,1,0,0,0,0.05,0.1305218392573517,0.9999999999999998
2022-03-01,0.01518122202428905,1,0.0026071009506932795,0.05,0.0004421991398023692,0,0.02411147480433095,0.9999999999999998
2022-03-02,-0.005321186059137086,1,-0.0020751787226832904,0.3,0.0036531906514479717,0.1,-0.010820603435683914,0.9999999999999998
2022-03-03,-0.00954600367520382,1,0,0.3,0,0.1,-0.03561463840389905,0.9999999999999998
2022-03-04,0.014548093691957522,1,0,0,0,0,-0.07631216188860011,0.9999999999999998
2022-03-05,0.0008535651006514136,1,0,0,0,0,0.011393311036012151,0.9999999999999998
2022-03-06,0.009828100596679415,1,0,0,0,0,-0.03376209232928517,0.9999999999999998
2022-03-07,0.0051064409663444926,1,0.0037754673476820245,0,0.0023582893205760912,0,-0.012747302173570443,0.7142857142857142
2022-03-08,-0.015363133517594768,1,0.006348289453383927,0.3,-0.003983415034495806,0.15000000000000002,0.011188671131938886,0.42857142857142855
2022-03-09,0.007878537159245943,1,0,0.15000000000000002,0,0.1,0.009809016664316977,0.14285714285714285
2022-03-10,0.0076499089824226384,1,-0.0001392477098861491,0,0,0,0.007142627013763611,0.14285714285714285
2022-03-11,0.0010311017117304588,1,0.0010884417214845144,0.05,0.0008550094880934012,0,0.007542153051549518,0.42857142857142855
2022-03-12,-0.006776707824830795,1,-0.0026420640796137604,0.3,0.000565478232040391,0.1,-0.002611541041280447,0.7142857142857142
2022-03-13,0.004068756289382204,1,0,0.3,0,0.1,0.023306207952330436,0.9999999999999998
2022-03-14,-0.0033325044565838307,1,0,0,-0.00033048505011504405,0,-0.03974012432839931,0.9999999999999998
2022-03-15,-0.0007175132485238735,1,0.0006105328715141241,0,-0.001068171500536323,0.1,-0.00041948480031689855,0.9999999999999998
2022-03-16,-0.010353859602841837,1,0.0012590240858345396,0.05,0.0008338900466216046,0.05,-0.052897509563253405,0.9999999999999998
2022-03-17,0.010248050416976406,1,-0.0024172491582569364,0.2,0.00028659932883363123,0.05,-0.0040845622574224956,0.9999999999999998
2022-03-18,0.00522156789269833,1,0,0.25,0,0.05,-0.032718443481966356,0.9999999999999998
2022-03-19,-0.011243871960469649,1,0,0,0,0,-0.006955182088773724,0.9999999999999998
2022-03-20,-0.00599057220506974,1,0.0007299228564845634,0,0,0,0.018617054056173,0.7142857142857142
2022-03-21,0.0023841974191231145,1,0.0004750528823124114,0.1,-0.0028704366917560262,0.25,-0.001011867066035878,0.42857142857142855
2022-03-22,-0.007634119142043796,1,-0.0001709029199705583,0.1,-4.847487778010873E-05,0.25,-0.004597209819177214,0.14285714285714285
2022-03-23,0.0021213566987136868,1,0.001019316220699693,0.15000000000000002,0,0.05,0.0021703551400424413,0.14285714285714285
2022-03-24,0.0019422591251315891,1,0.0012145443142816247,0.05,-0.0009188694831047997,0.05,0.010516885667016534,0.42857142857142855
2022-03-25,0.014992968982309804,1,0.003597943485268388,0.15000000000000002,0,0.1,0.0013220525204456633,0.7142857142857142
2022-03-26,-0.011822894018942091,1,0.001722413186276981,0.25,0.0013842421441290754,0.1,0.008846720717407185,0.9999999999999998
2022-03-27,-0.002188769854783271,1,0,0.25,-0.0011122213547986347,0.2,0.049970436839035,0.9999999999999998
2022-03-28,0.003770482928088248,1,0,0,0,0,0.008796874552983723,0.9999999999999998
2022-03-29,0.0019065585247415137,1,0.0013909958446031397,0,0,0,0.013457982979731217,0.9999999999999998
2022-03-30,-0.00530508489358911,1,-0.005867897147539793,0.1,0.0015490047880327893,0.05,-0.006029271391603362,0.9999999999999998
2022-03-31,-0.026595344647310313,1,0,0.2,0,0.1,-0.0319477888016168,0.9999999999999998
2022-04-01,-0.0003890545719562878,1,0,0,0,0,0.034959062365741415,0.9999999999999998
2022-04-02,0.003779536174007612,1,0.003863940169124703,0,0.0007166125960289946,0,-0.006758440672368858,0.9999999999999998
2022-04-03,0.01059733394730306,1,-0.003824831031931126,0.2,0.003950939419010865,0.15000000000000002,0.01785270041447284,0.9999999999999998
2022-04-04,-0.013387756093213337,1,0.0007102858168054808,0.3,0.001224319815341687,0.05,0.0015247116849879112,0.9999999999999998
2022-04-05,-0.001109752348551483,1,0,0.05,-0.0018825044202194477,0.05,-0.027606990724730933,0.9999999999999998
2022-04-06,0.003810369661725246,1,0,0,0,0,-0.060572112894938565,0.9999999999999998
2022-04-07,-0.008636272047590928,1,0,0,0,0,0.012430182140618636,0.9999999999999998
2022-04-08,-0.008595821349904933,1,0.0007207427456553433,0,0,0,-0.019114039018422343,0.9999999999999998
2022-04-09,0.0041051817889963885,1,0.00010992294392963232,0.05,0,0,0.01630510927526629,0.9999999999999998
2022-04-10,0.0003874970991010701,1,0,0.25,0,0,-0.015480314921898494,0.9999999999999998
2022-04-11,0.005262171907829464,1,0,0,0,0,-0.06602852639896394,0.9999999999999998
2022-04-12,-0.001183791690631803,1,0,0,0.000603088162108179,0,0.014924682942853536,0.9999999999999998
2022-04-13,0.0014725361957857552,1,0,0,-0.0015651630898454415,0.05,0.028352347960271744,0.9999999999999998
2022-04-14,0.011718324899562737,1,0.001140999489962951,0,0,0.05,-0.03008853203444683,0.9999999999999998
2022-04-15,-0.010574726527995983,1,-0.004657922120321245,0.2,0,0,0.010705916079392305,0.9999999999999998
2022-04-16,-0.002000205536219849,1,-0.0026531052930853323,0.3,0.002832745881000392,0,0.0009444796460865708,0.9999999999999998
2022-04-17,-0.005581727902723906,1,-0.0005658504735171164,0.3,0,0.15000000000000002,-0.020316794134009383,0.9999999999999998
2022-04-18,-0.0031189740073439207,1,0,0,0,0,0.01787491036704445,0.7142857142857142
2022-04-19,-0.005996827000907116,1,0,0,0,0,0.01145543488903912,0.7142857142857142
2022-04-20,-0.0017556603481086734,1,-0.0010259081789324683,0,-0.0012158469181864574,0,-0.004122300661914189,0.7142857142857142
2022-04-21,0.009273133549780698,1,0,0.1,0,0.1,-0.01831848053538591,0.7142857142857142
2022-04-22,0.006903353248021205,1,0.0023682801993976455,0,0,0,-0.005901614899914247,0.42857142857142855
2022-04-23,1.9098629639898324E-05,1,-0.0031575160986001263,0.25,0.0012402483986182916,0.05,-0.0014890022415250644,0.14285714285714285
2022-04-24,0.020933586336589427,1,0,0.25,0,0.05,-5.881761438245638E-05,0.14285714285714285
2022-04-25,0.01069044612768068,1,0,0,0,0,-0.0038918453630161754,0.14285714285714285
2022-04-26,0.0009725094120711206,1,0.0004847725057495609,0,0,0,0.026117478763773485,0.42857142857142855
2022-04-27,-0.002527446130678946,1,0.004179177018362452,0.05,-0.0007238047806185932,0.05,-0.02113748092782107,0.7142857142857142
2022-04-28,0.011124870569167018,1,-0.004801999561333332,0.3,0.0009007729421171007,0.1,-0.01491146303000961,0.9999999999999998
2022-04-29,0.0012862929945649986,1,0,0.3,0,0.05,0.03485585417836596,0.9999999999999998
2022-04-30,-0.0037150537105705844,1,0,0,0,0,0.02853449289932892,0.9999999999999998
2022-05-01,0.004185880970164046,1,0,0,0,0,-0.02917757758376555,0.9999999999999998
2022-05-02,-0.0026926619762614318,1,-0.0024523343946170825,0,-5.0186446203269954E-05,0,-0.0062248061669542155,0.9999999999999998
2022-05-03,0.001638731895741518,1,0.0007798428270874637,0.3,0,0.05,0.023703065562042287,0.9999999999999998
2022-05-04,-0.0011935743619623006,1,0,0.05,0,0,-0.05430069710805191,0.9999999999999998
2022-05-05,0.0027305329876348653,1,0.0007030405823152251,0,0,0,0.07258231300656533,0.9999999999999998
2022-05-06,-0.009507855398073686,1,-0.004504018806302156,0.05,0,0,0.01727664166469685,0.9999999999999998
2022-05-07,0.001955264318122586,1,-0.0006733864628135961,0.2,0,0,0.018353210856487383,0.9999999999999998
2022-05-08,0.0050658517418779875,1,-0.001775315914281805,0.05,0,0,0.042453198620733074,0.9999999999999998
2022-05-09,0.02416406972789833,1,0,0.2,0,0,0.11621304541450012,0.9999999999999998
2022-05-10,-0.008048530310419898,1,0,0,0,0,-0.04085205149629586,0.9999999999999998
2022-05-11,0.010922698659625791,1,0,0,0,0,0.08589915051034712,0.9999999999999998
2022-05-12,0.021861192741541118,1,0,0,0,0,0.03018387331086163,0.9999999999999998
2022-05-13,-0.003986279570344122,1,0,0,0,0,-0.017122890986773418,0.9999999999999998
2022-05-14,-0.017720478411164402,1,0.005656569528474734,0,0.004059576073253538,0,-0.025019742139759472,0.9999999999999998
2022-05-15,0.010105780200838198,1,0,0.2,-0.005024712704739614,0.1,-0.042071287635024095,0.9999999999999998
2022-05-16,-0.010389986132923466,1,0.004422909383320075,0,0.002709522382489581,0,0.05184488166535794,0.9999999999999998
2022-05-17,-0.006209595109056437,1,-0.001985369932824483,0.25,0.0011966874930405993,0.15000000000000002,-0.026151626954935617,0.9999999999999998
2022-05-18,-0.002729484707593705,1,0,0.15000000000000002,0,0.05,0.07031699006763194,0.9999999999999998
2022-05-19,-0.008233211243426075,1,-0.004432471300050338,0,0,0,-0.055108100399466335,0.9999999999999998
2022-05-20,-0.024163602011331987,1,0.0028248894256720403,0.15000000000000002,-0.0036810189214230606,0,0.033695004859045086,0.9999999999999998
2022-05-21,-0.01808162878109159,1,0.006599280424897757,0.3,-0.0049594958124026785,0.3,-0.008221595027027954,0.9999999999999998
2022-05-22,-0.004382013649369814,1,0.000739778249531355,0.3,-0.001799460908346191,0.3,-0.03151711982654547,0.9999999999999998
2022-05-23,0.003018518510533346,1,0,0.05,0,0.05,0.03695072339085889,0.9999999999999998
2022-05-24,0.00616590361470224,1,0.004044213428434091,0,0,0,-0.011041522995612344,0.9999999999999998
2022-05-25,-0.004238392800687397,1,-0.007739669404359688,0.2,0.0016394188608271634,0.05,0.011388125683928661,0.9999999999999998
2022-05-26,-0.0047898450193857665,1,0,0.2,0,0.05,0.04456397623808699,0.9999999999999998
2022-05-27,-0.014552465561594832,1,0.0031169084386343682,0,0.0019187782452166858,0,0.028140328871414887,0.9999999999999998
2022-05-28,0.005969601732794294,1,0.001094614400833734,0.25,-0.0005999353035125523,0.1,-0.02547262580158702,0.9999999999999998
2022-05-29,-0.0035737557224242884,1,0.0014987469448619777,0.3,-0.002934807460863112,0.25,-0.013300612521032233,0.9999999999999998
2022-05-30,0.04550301064690419,1,0,0.05,0,0.05,-0.08933345221298657,0.9999999999999998
2022-05-31,0.003453200999447692,1,-0.0006908082297626378,0,0,0,0.013564678108453635,0.9999999999999998
2022-06-01,0.005229690389437173,1,0,0.05,0.0011564129621937126,0,0.06343245051138893,0.9999999999999998
2022-06-02,-0.010889865641261183,1,0,0,-0.0017043025820868251,0.05,-0.015223351116101909,0.9999999999999998
2022-06-03,0.001366014079191658,1,0.002295044699929008,0,0.0018911626514241107,0.05,0.02852781727014175,0.9999999999999998
2022-06-04,-0.008704978592270802,1,0.003924612870745022,0.2,-0.0004453750725256214,0.1,-0.01088520507218043,0.9999999999999998
2022-06-05,-0.002601351106810536,1,0.0018636698026007253,0.3,-0.001732690356649755,0.3,-0.001165620816533536,0.9999999999999998
2022-06-06,0.0036246645548066525,1,0,0.15000000000000002,0,0.05,-0.03884399497878833,0.9999999999999998
2022-06-07,-0.038781094568717034,1,0.002182869216246672,0,0,0,0.01637341816164019,0.9999999999999998
2022-06-08,0.015563217995803224,1,0.0020100703574310046,0.25,0,0,0.021087537703145025,0.9999999999999998
2022-06-09,-0.0015070654623645728,1,-0.0025599709988734956,0.3,0,0,0.002602018257748218,0.9999999999999998
2022-06-10,-0.010606940854758775,1,0,0.05,0,0,0.052253842933303166,0.9999999999999998
2022-06-11,-0.002487139510616238,1,0,0,0,0,0.050397336891652975,0.9999999999999998
2022-06-12,-0.013356591632254701,1,0,0,0,0,0.06446852794589042,0.9999999999999998
2022-06-13,0.016237509949436485,1,0.0009801393210100286,0,0,0,0.15550651586993047,0.9999999999999998
2022-06-14,-0.015188948650014597,1,-0.0017612447367034746,0.05,0,0,0.007789811026023225,0.9999999999999998
2022-06-15,-0.012795945167280137,1,0,0.05,0,0,-0.02207104306601808,0.9999999999999998
2022-06-16,-0.010464275209208312,1,0.004965892078826073,0,0.0015740031487154057,0,0.11657638648501159,0.9999999999999998
2022-06-17,0.001071038461341723,1,-0.01997179091843748,0.3,0.0004960382143277684,0.05,-0.010494194144152324,0.9999999999999998
2022-06-18,-0.009449020782933564,1,0,0.3,0,0.05,0.07869193319817877,0.9999999999999998
2022-06-19,0.00595485896907636,1,0,0,0,0,-0.10938425960990805,0.9999999999999998
2022-06-20,-0.00252859622687566,1,-0.0012814792649087393,0,-0.00320699820657444,0,0.00024432098099701503,0.9999999999999998
2022-06-21,0.03904385792993737,1,0,0.05,0,0.1,-0.002439547225381536,0.9999999999999998
2022-06-22,-0.006262045940692209,1,-0.0010939144426321263,0,-0.0009501462849515292,0,0.0512455489057631,0.9999999999999998
2022-06-23,-0.006491925058992841,1,0,0.05,0,0.05,-0.07317562260768261,0.9999999999999998
2022-06-24,0.006843412195951727,1,0,0,0,0,-0.037859778307582144,0.9999999999999998
2022-06-25,0.007204362024906503,1,-0.0009577179866652159,0,0,0,-0.012912738654731979,0.9999999999999998
2022-06-26,-0.002057215737307268,1,0,0.05,0,0,0.028584686751922626,0.9999999999999998
2022-06-27,-0.017657536656977238,1,-0.0006255329566801038,0,0,0,0.009223646089807833,0.9999999999999998
2022-06-28,0.016813383618750576,1,0,0.05,0,0,0.03146995613219785,0.9999999999999998
2022-06-29,0.004782958289107138,1,0,0,0,0,0.023163722324391362,0.9999999999999998
2022-06-30,0.01927470380989379,1,0.00037541398144526285,0,0,0,0.01751029272597539,0.9999999999999998
2022-07-01,-0.012544795918603576,1,0.0075925146304404055,0.05,0.0006580402011758225,0,0.02170220605938341,0.9999999999999998
2022-07-02,-0.008220633868554391,1,-0.002159260125038372,0.3,-0.0018732746016280543,0.3,-0.0027424761205686616,0.9999999999999998
2022-07-03,-0.0036590884452286894,1,0.0007515672013730637,0.2,0,0,-0.004951677636949979,0.9999999999999998
2022-07-04,0.002956184046660916,1,0,0.05,0,0,-0.05945278780352136,0.9999999999999998
2022-07-05,0.031882786368711565,1,0.004228200950926293,0,0.0013834913114072834,0,0.009621180187265111,0.9999999999999998
2022-07-06,-0.004603169666932801,1,0.0024353846864947856,0.3,-0.0007720801450342378,0.1,-0.03323567380527094,0.9999999999999998
2022-07-07,0.001469195589590738,1,0,0.2,0,0.15000000000000002,-0.046980206358053896,0.9999999999999998
2022-07-08,-0.0006997590350943774,1,0.0016278304290597134,0,0,0,0.010482230550442987,0.9999999999999998
2022-07-09,0.0076903806135125,1,-0.002167458895270556,0.15000000000000002,0,0,-0.0010610659793943915,0.9999999999999998
2022-07-10,-0.02016070797455621,1,0,0.15000000000000002,0,0,0.03719949557294767,0.9999999999999998
2022-07-11,0.0023396248495940624,1,0,0,0,0,0.05252586149585177,0.9999999999999998
2022-07-12,-0.0019200709479525709,1,0.0011081462199165344,0,0,0,0.042173569366558354,0.9999999999999998
2022-07-13,-0.0004690829031196715,1,0.0007956348725597309,0.05,-0.00013103661221043695,0,-0.06042739130278082,0.9999999999999998
2022-07-14,0.013000243116877842,1,0,0.05,0,0.05,-0.04392348469667301,0.9999999999999998
2022-07-15,0.009192379635334438,1,0,0,0,0,-0.02157458482625465,0.9999999999999998
2022-07-16,0.004505214367982014,1,0,0,0,0,-0.05912456098253981,0.9999999999999998
2022-07-17,-0.010189556560720832,1,0,0,0,0,0.010965476300533525,0.7142857142857142
2022-07-18,0.009025071214391084,1,0,0,0,0,-0.05580654256063006,0.42857142857142855
2022-07-19,0.029432798222319784,1,0,0,0,0,-0.001602698259092521,0.14285714285714285
2022-07-20,0.014590196395948983,1,0,0,0,0,-0.001793433097877631,0.14285714285714285
2022-07-21,0.003054024068227054,1,-0.0008781036340710671,0,0,0,0.006623133022636244,0.42857142857142855
2022-07-22,-0.008874257823536383,1,0,0.05,0,0,-0.01661794699731106,0.7142857142857142
2022-07-23,-0.002106712178044353,1,0.0038259137400152667,0,0.0010352284806365332,0,-0.0011464279151171316,0.9999999999999998
2022-07-24,-0.0024715468119238778,1,-0.007629454526113364,0.3,0.00059673211440861,0.1,0.018696252815595057,0.9999999999999998
2022-07-25,0.0004260182245130594,1,0,0.25,0,0.1,-0.07714727877216251,0.9999999999999998
2022-07-26,0.008446145870691976,1,0,0,0,0,0.0015714972715203388,0.9999999999999998
2022-07-27,-0.008366680763542307,1,0,0,0,0,0.10437354531014217,0.9999999999999998
2022-07-28,-0.003763494054336818,1,0,0,0,0,0.04654437757496731,0.9999999999999998
2022-07-29,-0.005028572569144104,1,-0.0005241491867047899,0,0,0,-0.002248648970899158,0.9999999999999998
2022-07-30,-0.02090849749927767,1,0.000778194922632224,0.05,0,0,-0.00995663514051198,0.9999999999999998
2022-07-31,-0.005753689780858044,1,-0.002221017286776828,0.15000000000000002,0,0,-0.012927640504355183,0.9999999999999998
2022-08-01,0.004803675368817612,1,0.0011263683247349262,0.1,0,0,-0.014886333813732718,0.9999999999999998
2022-08-02,0.0009075033356463098,1,-0.002700448473874985,0.1,0.00011407166638446142,0,-0.005844758353647448,0.9999999999999998
2022-08-03,-0.0023045975176470574,1,0.0035498872371712196,0.3,0.0025057220885147443,0.15000000000000002,-0.007585457641706648,0.9999999999999998
2022-08-04,0.026494120045718238,1,0.00177138316548519,0.3,-0.001634135219974155,0.15000000000000002,-0.007410827712289623,0.9999999999999998
2022-08-05,-0.009804098413489549,1,0,0.1,0,0.15000000000000002,0.05533871834397951,0.9999999999999998
2022-08-06,-0.005870767126193115,1,0,0,0,0,-0.021010012874220933,0.9999999999999998
2022-08-07,0.004028704156712584,1,0.0003010967977907058,0,0.0012679123134611246,0,0.0076352987653131015,0.9999999999999998
2022-08-08,-0.002287288615971173,1,-0.0035167875681014495,0.1,0.0017237122594242465,0.1,0.036335055921103414,0.9999999999999998
2022-08-09,-0.006189528116700167,1,0,0.1,0,0.05,-0.03475463232075831,0.9999999999999998
2022-08-10,0.0007578413914963429,1,-0.0006231751774218992,0,0.0020510776767299604,0,0.061623514879078564,0.9999999999999998
2022-08-11,0.0011542296687103244,1,0.0053686040705941875,0.05,-0.002152529788613492,0.1,0.006740497183893022,0.9999999999999998
2022-08-12,0.004993016729585318,1,0.00045641557270414523,0.3,-4.9343906742706166E-05,0.15000000000000002,0.0305565203206044,0.9999999999999998
2022-08-13,-0.0006156854579469996,1,0.00020848449811887803,0.3,0.0013505304076746824,0.25,0.0072995725478611755,0.9999999999999998
2022-08-14,0.010461668141142556,1,0,0.3,0,0.25,-0.014976495966694366,0.9999999999999998
2022-08-15,-0.018373637405005597,1,0.0002398752319622872,0.05,0.0015879145403202984,0,-0.013736061110609484,0.9999999999999998
2022-08-16,-0.003625111002320264,1,-0.0005686162887454884,0.1,-0.0006997461180598066,0.2,-0.01080856995243162,0.9999999999999998
2022-08-17,-0.0022846332410209735,1,0,0.1,0,0.1,-0.02206681239364155,0.9999999999999998
2022-08-18,0.004217011894002691,1,0,0,0,0,7.307878660484102E-05,0.9999999999999998
2022-08-19,0.0066992549111593615,1,0,0,0,0,-0.11510233676326129,0.9999999999999998
2022-08-20,0.008125223538462588,1,0,0,0,0,-0.002378247267850124,0.7142857142857142
2022-08-21,0.003545525401345927,1,0,0,0,0,0.009241846957120981,0.42857142857142855
2022-08-22,-0.0033376313856298225,1,0.0005849000129383058,0,-0.00015077179445484036,0,-0.00039710678535407305,0.14285714285714285
2022-08-23,0.0026927329357344376,1,0.00022211631436584866,0.05,0.0007231563877870713,0.05,-0.0025302318612542927,0.14285714285714285
2022-08-24,-0.0006873750748958704,1,0.0018651039165617932,0.3,-0.0010584976373291966,0.2,0.0024061516981677055,0.42857142857142855
2022-08-25,0.0025130658297142813,1,-0.0026945356817498125,0.25,0,0.05,-0.006906914339753637,0.42857142857142855
2022-08-26,-0.0045812878429770006,1,0,0.2,0,0,0.0367927814813408,0.42857142857142855
2022-08-27,-0.0035812704182001543,1,-0.0004193798554431396,0,0,0,0.00441801068481769,0.42857142857142855
2022-08-28,0.006385314330209684,1,0,0.05,0,0,0.014178047524218652,0.42857142857142855
2022-08-29,0.007580081722159346,1,0,0,0,0,-0.026880526209176848,0.42857142857142855
2022-08-30,0.00825740327596905,1,0,0,0,0,0.008671662978384042,0.42857142857142855
2022-08-31,0.005746593864107165,1,0,0,0,0,-0.006657014492172878,0.42857142857142855
2022-09-01,0.00647964282699231,1,0.0005648764908091834,0,0.001210159214097189,0,-0.009142738717817202,0.7142857142857142
2022-09-02,-0.00020574795693106157,1,0.0023166104710085167,0.25,0.0023236652804049527,0.1,0.007652380717195012,0.9999999999999998
2022-09-03,-0.0031369046059572104,1,0.0009374880887799009,0.3,-0.004694155614983742,0.2,0.00860645294741993,0.9999999999999998
2022-09-04,-0.003971560569670239,1,-0.0012478011257771868,0.3,2.1618766780193256E-05,0.25,-0.011261672117850254,0.9999999999999998
2022-09-05,-0.005037226602382093,1,0,0.05,0,0.05,-0.007079024487465112,0.9999999999999998
2022-09-06,0.008992631322903654,1,0,0,0,0,0.04340447916489481,0.9999999999999998
2022-09-07,-0.0008896987969211355,1,0,0,0,0,-0.03649170059241386,0.9999999999999998
2022-09-08,0.004074529409759594,1,0,0,0,0,-0.0023471126320462714,0.9999999999999998
2022-09-09,-0.003761394349472511,1,0.00024345819433801806,0,0.0010058570834618195,0,-0.07817464393005631,0.9999999999999998
2022-09-10,0.009598311569740546,1,-0.0008081423653361526,0.1,9.511721292756193E-05,0.05,-0.023005007224244995,0.9999999999999998
2022-09-11,-0.007764772140815799,1,0.0007552546172541951,0.15000000000000002,0,0,-0.002075242534778905,0.9999999999999998
2022-09-12,-0.005762265027369095,1,-0.0010367965078164616,0.1,0,0,0.000696464231172751,0.9999999999999998
2022-09-13,0.01371659507402487,1,0,0.05,0,0,0.08992126712392362,0.9999999999999998
2022-09-14,-0.00047303498291219564,1,0,0,0,0,-0.023416976582892202,0.9999999999999998
2022-09-15,0.0029854871658370787,1,0,0,0,0,0.06097957398054979,0.9999999999999998
2022-09-16,-0.011421240702558249,1,0.0015669275450254645,0,0.0015740815696783557,0,0.010756335653315472,0.9999999999999998
2022-09-17,0.005739343016439096,1,-0.0018508811154022168,0.15000000000000002,-0.0006515691791715881,0.25,-0.01986065834458506,0.9999999999999998
2022-09-18,-0.011005677629173502,1,0,0.15000000000000002,0,0.05,0.06313186959188313,0.9999999999999998
2022-09-19,0.0023225019043601716,1,0.0005962438965154888,0,0,0,-0.018744554702191215,0.9999999999999998
2022-09-20,-0.0027916389731292195,1,-0.002354427145164209,0.2,0,0,0.03619785145353965,0.9999999999999998
2022-09-21,-0.003686355671052616,1,0,0.25,0,0,0.03989597357997244,0.9999999999999998
2022-09-22,-0.01743500442855544,1,0,0,-0.00020961724709786723,0,-0.05802521141170913,0.9999999999999998
2022-09-23,0.014118479596370005,1,-0.0012035408613305662,0,0.000505703389457949,0.05,0.002615393686038986,0.9999999999999998
2022-09-24,0.006671303111120908,1,-0.0002749922799030173,0.3,0.0007051613160045918,0.1,0.013328044405136292,0.9999999999999998
2022-09-25,-0.0038115798089783793,1,0.0008620590617481412,0.2,0.0009587669482799584,0,0.01154495872591449,0.9999999999999998
2022-09-26,-0.0066644512700550955,1,0.000653491193490936,0.05,-0.0025036507679595844,0.05,-0.02706395763760624,0.9999999999999998
2022-09-27,0.01521766358313791,1,-0.00032492171103035616,0.1,-0.0001364597956826401,0.1,0.007047685290980614,0.9999999999999998
2022-09-28,0.005100774919392562,1,-0.0006694783623033799,0.05,-8.399352827393613E-05,0.05,-0.012260111334410014,0.9999999999999998
2022-09-29,-0.012009131111254883,1,0.00262714146596727,0.2,-0.00177967966701317,0.1,-0.003821974896813619,0.9999999999999998
2022-09-30,-0.001090451072059901,1,6.205120551135223E-05,0.3,0.001799295158108862,0.15000000000000002,0.007140608952647234,0.9999999999999998
2022-10-01,0.014970835254201297,1,-0.0032596295865682805,0.3,0,0.15000000000000002,0.00943766906636583,0.9999999999999998
2022-10-02,-0.007226043732563862,1,0,0.3,0,0,0.020032206506638364,0.9999999999999998
2022-10-03,-0.003312148464051456,1,0,0,-0.0009543432780367311,0,-0.03305570728088845,0.9999999999999998
2022-10-04,0.0013005356191996926,1,0.0005957941372171263,0,0,0.2,-0.032248431615227786,0.9999999999999998
2022-10-05,0.002349151261749189,1,-0.0011799044097593877,0.1,0,0,0.007916426481607147,0.9999999999999998
2022-10-06,-0.0003205562551032116,1,-0.00025154873707765546,0.3,0,0,0.00519210344734773,0.9999999999999998
2022-10-07,-0.004691000561743242,1,-0.0009889367753924034,0.2,8.966109847415282E-05,0,0.01864624110902725,0.9999999999999998
2022-10-08,-0.008106886355964021,1,0.0005411373787873118,0.25,0.000480501016832477,0.05,0.008996532460103266,0.9999999999999998
2022-10-09,-0.007801138369300782,1,0.00017594430942972393,0.2,-0.00045682678071011653,0.1,-0.0035093885969201505,0.9999999999999998
2022-10-10,0.0035968889552598715,1,0,0.05,0.0006435452706853084,0.05,0.020593335966244505,0.9999999999999998
2022-10-11,0.0009507045984804395,1,0.000859890805141049,0,-0.0010590538170122273,0.05,0.005948601365577993,0.9999999999999998
2022-10-12,0.012617493630860123,1,-0.0020013221085764597,0.1,0.0004532859490833516,0.1,-0.007902078653035872,0.9999999999999998
2022-10-13,0.0006960813596815368,1,0.00016002014564514867,0.05,0,0.05,-0.0029061120508376724,0.9999999999999998
2022-10-14,-0.025064378533439017,1,0.0020089488989085565,0.1,0.0004333955566659142,0,0.001769236264206728,0.9999999999999998
2022-10-15,-0.008961729760410016,1,0.0035243237404968112,0.3,-0.0006707518881742089,0.05,0.011143483232055742,0.9999999999999998
2022-10-16,-0.006658285059738935,1,0.0021238145421370973,0.3,-0.0006970642282748259,0.3,-0.017240504114195837,0.9999999999999998
2022-10-17,-0.0062090761761501405,1,-0.0004466949749405558,0.3,0.0011056701164263813,0.2,-0.01703880036877462,0.9999999999999998
2022-10-18,-0.004809531597499517,1,0,0.15000000000000002,0,0.05,0.013672195908110068,0.9999999999999998
2022-10-19,0.0026435292870059615,1,0,0,0,0,0.015350673042696536,0.9999999999999998
2022-10-20,0.0004564857054846561,1,0,0,0,0,0.0031543186491871096,0.9999999999999998
2022-10-21,0.0005321016820758016,1,0.0007660430864809769,0,0,0,-0.009771043128298637,0.9999999999999998
2022-10-22,0.003277062012337739,1,-8.779916600587967E-05,0.1,-0.0006284009394490795,0,-0.004839767614035408,0.7142857142857142
2022-10-23,-0.0007096710102308651,1,8.371676704518904E-05,0.3,0,0.1,-0.020472108169974954,0.7142857142857142
2022-10-24,0.0018178404776318712,1,0.00021660802874771433,0.05,-0.00040548195563678744,0,0.005641766537774757,0.42857142857142855
2022-10-25,0.0019558403424720858,1,0,0.25,0,0.1,-0.009229836685167716,0.14285714285714285
2022-10-26,0.010558787486747797,1,0,0,0,0,0.007368739884169431,0.14285714285714285
2022-10-27,-0.024673545412350808,1,0,0,0,0,-0.012340274689347232,0.42857142857142855
2022-10-28,-0.012798435977968703,1,0,0,0,0,0.014442113934337883,0.7142857142857142
2022-10-29,-0.009862469793872796,1,-0.0004916164636986196,0,0,0,0.01874722364742184,0.7142857142857142
2022-10-30,-0.0031873585294413483,1,-0.00013871640952947928,0.1,0,0,-0.013661747375995932,0.9999999999999998
2022-10-31,-0.0034402662320270976,1,-0.00038686649950182074,0.05,0,0,-0.008897836020048287,0.9999999999999998
2022-11-01,-0.0099545663280392,1,0,0.2,0,0,0.0016441137643337096,0.9999999999999998
2022-11-02,-0.008589818851770244,1,0,0,0,0,-0.027129306552086167,0.9999999999999998
2022-11-03,-0.016033089945162286,1,0,0,0,0,0.005547227253854147,0.9999999999999998
2022-11-04,-0.004212410844303641,1,0,0,-0.0007764627801291227,0.05,0.06044898098653738,0.9999999999999998
2022-11-05,0.014805253978003117,1,-0.0008263971307153497,0,0,0.05,-0.001844614593683458,0.9999999999999998
2022-11-06,-0.010619337619080198,1,0,0.15000000000000002,0,0,-0.027292947622313483,0.9999999999999998
2022-11-07,-0.017641408864135864,1,0,0,0,0,-0.007582733470796519,0.9999999999999998
2022-11-08,-0.0008618897452649381,1,0,0,0,0,-0.12405850669583127,0.9999999999999998
2022-11-09,-0.009454298765123138,1,0,0,0,0,-0.11289626445234878,0.7142857142857142
2022-11-10,0.01780532568029551,1,0,0,0,0,0.060500333983332474,0.42857142857142855
2022-11-11,-0.00039299531319584636,1,-0.0002543661333447744,0,0,0,-0.0030066043416513274,0.14285714285714285
2022-11-12,-0.003772424984772867,1,-0.004988306909354833,0.05,0.0001712622901331997,0.05,0.002577418683214293,0.14285714285714285
2022-11-13,0.01621429021314001,1,0,0.25,0,0.05,0.011893478626139056,0.42857142857142855
2022-11-14,-0.005987797309371903,1,0.0032346553125230455,0,-0.0010791256649023352,0,-0.012928492342531269,0.7142857142857142
2022-11-15,0.00627646527079913,1,-0.0004749553703738911,0.25,0.001331377056275528,0.3,-0.012974950386230096,0.9999999999999998
2022-11-16,-0.00023898247826949063,1,0.0004850241604526673,0.25,0.0009778227298692173,0.05,0.021624385535611662,0.9999999999999998
2022-11-17,-0.0028162836219756803,1,0.0013338741787210892,0.2,-0.0003581142405836317,0.15000000000000002,0.005461756209182891,0.9999999999999998
2022-11-18,-0.0012316995248625655,1,0.0007402335151746229,0.3,0.0009847508512120838,0.2,-0.005311594253509021,0.9999999999999998
2022-11-19,0.002831480088937138,1,-0.00017268194139887782,0.2,0.00010050631066224014,0.1,-0.002050602019750287,0.9999999999999998
2022-11-20,-0.01595042072678458,1,0,0,0,0.05,0.04362453774837503,0.9999999999999998
2022-11-21,0.007376809222897993,1,-0.0007955234862663474,0,0,0,0.030450583274037255,0.9999999999999998
2022-11-22,0.012818777075330853,1,0,0.05,0,0,-0.02856903308918455,0.9999999999999998
2022-11-23,0.0004368875712644994,1,0,0,0,0,-0.031291399347069676,0.9999999999999998
2022-11-24,0.006395779473182822,1,2.8378392468994205E-05,0,0,0,-0.007915714847792549,0.9999999999999998
2022-11-25,0.002350639288651174,1,0.0009454124306896574,0.05,0.0009925900658951151,0.05,0.0042548394739097585,0.9999999999999998
2022-11-26,-0.0041589710076386024,1,0.002013131987223005,0.2,0.0003737296023498402,0.1,-0.0007646981935970508,0.9999999999999998
2022-11-27,0.012771495182888472,1,-0.0015594572426614378,0.3,0,0.1,0.005688202666558304,0.9999999999999998
2022-11-28,-0.00788692008378898,1,-0.0002273189698942133,0.05,0,0,0.017511324724861384,0.9999999999999998
2022-11-29,0.0009009197867661377,1,0.0010075509261403112,0.05,0,0,-0.027892558301629768,0.9999999999999998
2022-11-30,-0.0011313793765023188,1,0.000431162351395642,0.1,0.0014751021417717994,0.05,-0.0537898685996286,0.9999999999999998
2022-12-01,0.003528485008588764,1,0.0024420441654881414,0.3,-0.0001724529140967661,0.15000000000000002,0.012526702355008487,0.9999999999999998
2022-12-02,-0.0028476169490891023,1,-0.0026042789085158804,0.3,-8.230371072306753E-05,0.1,-0.010764928092188271,0.9999999999999998
2022-12-03,1.4722002265007842E-05,1,0.0005059193318911639,0.3,0,0.05,0.02737482956842286,0.9999999999999998
2022-12-04,0.009001012033651497,1,0,0.05,0,0,-0.0221584544546378,0.9999999999999998
2022-12-05,-0.005065559200083363,1,0.00028607926112454154,0,0,0,0.011958620192215302,0.9999999999999998
2022-12-06,-0.00518776243210949,1,-0.0029764016451188126,0.25,0,0,-0.008165368193402623,0.9999999999999998
2022-12-07,-0.0029720109836195137,1,0.0008825245529433232,0.2,-0.000976879401813335,0.05,0.023163116617453544,0.9999999999999998
2022-12-08,0.000994269773671588,1,-0.002561632362325554,0.1,0,0.1,-0.03137997609952792,0.9999999999999998
2022-12-09,0.004479095946532088,1,0.0002480100278405644,0.15000000000000002,0.0006928452654470903,0,0.009591160739845773,0.9999999999999998
2022-12-10,-0.0010848191974998636,1,-0.0007183339382097529,0.15000000000000002,-0.0010137487092291622,0.1,-0.0011547637479716395,0.7142857142857142
2022-12-11,-0.0023225542609946774,1,0,0.15000000000000002,0,0,0.00186460217082846,0.7142857142857142
2022-12-12,0.009742624331049554,1,0,0,0,0,-0.006070680406991008,0.7142857142857142
2022-12-13,-0.009635050476355819,1,0.0006854485200622094,0,0,0,-0.014898046534963821,0.42857142857142855
2022-12-14,0.00040285408647171587,1,0,0.05,0,0,0.00035994289382665454,0.14285714285714285
2022-12-15,-1.6922828710945297E-05,1,-0.0013131457378190135,0,0,0,-0.004329076843307697,0.14285714285714285
2022-12-16,0.008510339537702357,1,0,0.05,0,0,-0.026126443924352667,0.42857142857142855
2022-12-17,0.006191899216217956,1,0.0009300596691036845,0,0.0006161446305410436,0,0.0015723516006928627,0.14285714285714285
2022-12-18,0.00048029590912396854,1,-0.0030774250209869933,0.15000000000000002,0.0025327719611965447,0.1,-0.000410767075207644,0.14285714285714285
2022-12-19,0.005799808779191886,1,0.0015919153977815767,0.3,0,0.15000000000000002,-0.0022008025162727407,0.14285714285714285
2022-12-20,-0.0018043124772572612,1,-0.0005416190667610863,0.25,0.00017689932401208352,0,-0.005269427960596163,0.14285714285714285
2022-12-21,-0.0018635238852863453,1,-6.758885482167898E-05,0.3,0.00017125953209495037,0.15000000000000002,0.0005159650392923124,0.14285714285714285
2022-12-22,0.002163498078598801,1,0.000883972049276963,0.3,0.0001725111097171066,0.2,-0.0001879831653770561,0.14285714285714285
2022-12-23,-0.002228012705611785,1,0.0013304498349289134,0.25,0.00042923099489951255,0.1,8.423455432838077E-05,0.14285714285714285
2022-12-24,-0.0030545639221224805,1,-0.0019824983012366603,0.3,0.0003537062795364818,0.1,-3.068726004199472E-05,0.14285714285714285
2022-12-25,-0.006743828042878817,1,0,0.3,0,0.05,-0.0006796842811851854,0.42857142857142855
2022-12-26,-0.0018776861862476605,1,-0.0005292526105677098,0,-0.00012990562553807195,0.05,0.004365620430000833,0.7142857142857142
2022-12-27,-0.008623014481547474,1,0,0.1,0,0.05,-0.013350388741673021,0.9999999999999998
2022-12-28,-0.005267222373230816,1,0,0,0,0,-0.013582632526556056,0.9999999999999998
2022-12-29,-0.0014095817788060314,1,0.0007647799425229778,0,0,0,0.006942929671200469,0.9999999999999998
2022-12-30,0.007870363424461792,1,0.001814477645217039,0.1,-0.00017244839478280482,0.05,-0.0010067900994512615,0.7142857142857142
2022-12-31,0.002266113598279307,1,-0.0005479502939779195,0.2,-0.00034039424926288577,0.05,-0.0018353652139233342,0.42857142857142855
2023-01-01,0.0015863466194908638,1,-0.0006437678115460131,0.3,0.001093171756260631,0.2,0.000276391567415275,0.14285714285714285
2023-01-02,0.0014313238066556442,1,0.0006172422344541247,0.1,0.0020337206143408366,0.05,-0.0013414415948200598,0.14285714285714285
2023-01-03,0.014219680894591025,1,-0.00012734080615473431,0.05,-0.001385220300993069,0.1,-0.00034007849321198054,0.42857142857142855
2023-01-04,-0.0025903368230225897,1,0.0012312347490924366,0,0.00010922639083810282,0.05,-0.01639369903945215,0.7142857142857142
2023-01-05,-0.0077449635756668385,1,0.00015751354810731756,0.25,0.0004987646864411772,0.05,0.0027363848383301476,0.9999999999999998
2023-01-06,-0.0060555186793638666,1,0.0002427473064296919,0.3,0,0.05,-0.010409599089638556,0.9999999999999998
2023-01-07,-0.0017527205297444908,1,-9.71433335707843E-05,0.1,0.0006325162889532976,0,0.001370455898420205,0.7142857142857142
2023-01-08,-0.0022511422489218742,1,0,0.15000000000000002,0,0.05,-0.011097151152144323,0.7142857142857142
2023-01-09,0.002482467445289735,1,0,0,0,0,-0.005905096476852784,0.42857142857142855
2023-01-10,-0.003647647029585594,1,-0.000704031411607275,0,0,0,-0.0021792808989722218,0.14285714285714285
2023-01-11,0.005045516131168071,1,0.00042256775824989744,0.1,0,0,0.004634075134407372,0.14285714285714285
2023-01-12,-0.0040822468769483155,1,0.00042530947149953133,0.05,0.0010087848286362941,0,0.014576902487976209,0.42857142857142855
2023-01-13,-0.0001452788264578518,1,0,0.05,-0.003036805315541869,0.1,0.02913412187955161,0.7142857142857142
2023-01-14,0.011185577725471003,1,0.0010739067183724274,0,0.00045147453138622495,0,0.04261760522719173,0.7142857142857142
2023-01-15,0.00571114062769431,1,-0.0001606237385763052,0.05,0.0017582692570088058,0.05,-0.001361583462168336,0.9999999999999998
2023-01-16,-0.0007992215401647382,1,0.0031579209107974295,0.15000000000000002,-0.0005241570027566241,0.1,0.015354216411947005,0.9999999999999998
2023-01-17,0.003039216212294091,1,0.0002146677275266029,0.3,0.0025427307746329008,0.2,-0.004867596958882169,0.9999999999999998
2023-01-18,0.013967911840973249,1,0,0.3,0,0.1,-0.028045806762857832,0.9999999999999998
2023-01-19,-0.0037398873943006216,1,0.0016763198085984641,0,-0.0003245347494737416,0,0.022646809963931085,0.9999999999999998
2023-01-20,-0.004387298557522859,1,0,0.15000000000000002,0,0.05,0.07246687698462682,0.9999999999999998
2023-01-21,-0.006518016606463287,1,0,0,0,0,-0.007022241435152619,0.9999999999999998
2023-01-22,-0.009755809064983575,1,0.0024045402444310185,0,0.0029977996899195887,0,-0.0014573160880779752,0.9999999999999998
2023-01-23,-0.013698075179617082,1,-0.002629345230971694,0.3,-0.0002584786014117526,0.25,0.004310423349799363,0.9999999999999998
2023-01-24,0.016477614165963946,1,0,0.2,0,0.25,-0.02785367122612225,0.9999999999999998
2023-01-25,0.018168301231075195,1,0,0,0,0,0.027455046288620825,0.9999999999999998
2023-01-26,-0.0010692466943926825,1,0.0010601254177358896,0,0.0011481912618709201,0,-0.004472496558588778,0.9999999999999998
2023-01-27,-0.01090816691483437,1,-0.001781462218907791,0.05,-0.002260602106891952,0.3,0.00031815961589165553,0.9999999999999998
2023-01-28,-0.005712832587396719,1,0.002849449198936327,0.2,0.0011190648038433438,0.15000000000000002,-0.009127071023336373,0.9999999999999998
2023-01-29,0.00034560107823093135,1,-0.005956201576052308,0.15000000000000002,4.424452363707587E-05,0.05,0.03878008599391324,0.9999999999999998
2023-01-30,0.024164943681198297,1,0,0.15000000000000002,0,0.05,-0.04315956408399289,0.9999999999999998
2023-01-31,0.0007443381440738195,1,-0.0003437198497467762,0,0,0,0.012622487877784635,0.9999999999999998
2023-02-01,0.0002512113308033221,1,0,0.05,0,0,0.030881120175189396,0.9999999999999998
2023-02-02,-0.014365944190428994,1,0.002194614819505432,0,0.002361409471104821,0,-0.004658789865273349,0.9999999999999998
2023-02-03,-0.004913482659355824,1,0.002326555485289873,0.2,-0.003812237806116514,0.1,0.0049852324727938085,0.9999999999999998
2023-02-04,0.008525160597403594,1,-0.004191498404517915,0.3,0,0.3,-0.0013616894875342342,0.9999999999999998
2023-02-05,0.007954809875499413,1,0.0007038060130646499,0.15000000000000002,0,0,-0.01967684763275451,0.9999999999999998
2023-02-06,0.011055562967852327,1,-0.0003166391582221877,0.05,0.0007809058337804799,0,-0.008236117714561451,0.9999999999999998
2023-02-07,-0.004452166424660926,1,-0.0012715519267940182,0.25,-0.0012673420024651705,0.05,0.028118947323281122,0.9999999999999998
2023-02-08,0.0049157890256702344,1,0,0.05,0,0,-0.0122025863921949,0.9999999999999998
2023-02-09,-0.016190459125529272,1,0,0,0,0,-0.05717811670642835,0.9999999999999998
2023-02-10,-0.015381143186548105,1,0.0016531914286836127,0,0,0,-0.014410734173306568,0.9999999999999998
2023-02-11,-0.007733582207682919,1,-0.0018350155115967937,0.05,-0.0002691201355240764,0,0.013885954938015917,0.9999999999999998
2023-02-12,0.008667732346904225,1,0,0.1,0,0.1,-0.009517459949835714,0.9999999999999998
2023-02-13,-0.007211861762858689,1,0.001831490319123077,0,-5.0194486918030636E-05,0,-0.0033364577610465176,0.9999999999999998
2023-02-14,0.000831914336672527,1,0,0.1,-0.005060354704166798,0.1,0.026521899388815766,0.9999999999999998
2023-02-15,0.02085281557247456,1,0,0,0,0.3,0.08613349187729077,0.9999999999999998
2023-02-16,0.005735033499262651,1,0,0,0,0,-0.027623465750235214,0.9999999999999998
2023-02-17,-0.009653364751029719,1,0.0014534588884050662,0,-0.0014507713061511823,0,0.03942433382935472,0.9999999999999998
2023-02-18,0.023291322036449628,1,0.004089936936187541,0.3,-0.0012498875463287503,0.25,0.0006521562578289396,0.9999999999999998
2023-02-19,0.011122370157937052,1,0.0009308842765728968,0.3,-0.0006342196690861783,0.3,-0.010809642046498088,0.9999999999999998
2023-02-20,0.02501843259216343,1,-0.001495158582466729,0.1,0.0038980950122273726,0.1,0.018774165510038292,0.9999999999999998
2023-02-21,-0.0010444585821048442,1,0,0.3,0,0.15000000000000002,-0.020683372071498,0.9999999999999998
2023-02-22,0.005206232860785863,1,-0.0009326027331442219,0.05,0,0,-0.01049654691131635,0.9999999999999998
2023-02-23,-0.00719666729501037,1,-0.003136968854339557,0.1,0,0,-0.002761241384781565,0.9999999999999998
2023-02-24,0.004053573415762244,1,0,0.2,0,0,-0.02873405948741247,0.9999999999999998
2023-02-25,-0.005233796768794969,1,0.003322606515053167,0,0.0004198782769152558,0,-0.0046928579968535935,0.9999999999999998
2023-02-26,0.006411543020118467,1,0.00015967655462145557,0.2,0.0011726428101162584,0.05,0.02326031265454042,0.9999999999999998
2023-02-27,-0.0006578691024535588,1,-0.003305750702585101,0.2,0,0.05,-0.0037448284418110647,0.9999999999999998
2023-02-28,-0.0057604793386316615,1,0.0038513838933372426,0.3,0.0004176178876674612,0,-0.016095480966792693,0.9999999999999998
2023-03-01,0.01334295635387067,1,-0.0035289556209522743,0.3,0.001122829088933372,0.1,0.020581129186007498,0.7142857142857142
2023-03-02,0.0002510453175075763,1,0,0.3,0,0.1,-0.006210718814719517,0.7142857142857142
2023-03-03,-0.00970054126562543,1,-0.0010618466785624605,0,0,0,-0.03390305016211348,0.7142857142857142
2023-03-04,-0.012798713875894941,1,-0.00014124461794040144,0.05,0.0005195778589345537,0,-0.0007444935135391697,0.42857142857142855
2023-03-05,0.007138523884321154,1,-0.0019568872016604926,0.25,0.0008089364385724594,0.05,-0.0001314887697940761,0.14285714285714285
2023-03-06,0.008420932432756177,1,0.0012102075378238623,0.25,0,0.05,-0.00027004982856535474,0.14285714285714285
2023-03-07,0.005388416447944092,1,0,0.1,0,0,0.0023196478700721708,0.42857142857142855
2023-03-08,0.006781752107692581,1,0,0,0,0,0.008889940440910151,0.42857142857142855
2023-03-09,-0.0018657503788526754,1,0,0,0,0,0.04405846763666912,0.7142857142857142
2023-03-10,-0.0008340666795762374,1,0,0,0,0,0.008673585683966109,0.9999999999999998
2023-03-11,-0.005392994034069962,1,0.0016869241095237156,0,0,0,-0.02352070899581425,0.9999999999999998
2023-03-12,0.005344577472243414,1,0,0.3,0,0,-0.07447780560546244,0.9999999999999998
2023-03-13,0.004002554405885287,1,0,0,0,0,-0.05546692569794443,0.7142857142857142
2023-03-14,0.0017709957292409047,1,0,0,0,0,-0.008403846874882714,0.42857142857142855
2023-03-15,-0.003051769732232138,1,0,0,0,0,0.00297594962551788,0.14285714285714285
2023-03-16,-0.006897802176747273,1,0,0,-0.00029490887345707504,0,0.0028268848784986592,0.14285714285714285
2023-03-17,0.015532914725275999,1,0,0,0,0.05,0.035032317420294966,0.42857142857142855
2023-03-18,0.0170205216808152,1,-9.995372662274348E-05,0,0,0,-0.012729173569595314,0.7142857142857142
2023-03-19,-0.006536576686427919,1,-0.002544063377608154,0.05,0,0,0.02570288468359401,0.9999999999999998
2023-03-20,0.007307888712963893,1,0,0.05,0,0,-0.018023353372192515,0.9999999999999998
2023-03-21,-0.012936594560880272,1,-0.0018380457650353037,0,0,0,0.026804319608281994,0.9999999999999998
2023-03-22,-0.002829978543766293,1,0.003748471543503683,0.3,0.0014699652325530224,0,-0.03380989455079197,0.9999999999999998
2023-03-23,-0.001347504905914069,1,-0.006493922987524343,0.2,0.00034395518019005066,0.05,0.04206562182165607,0.9999999999999998
2023-03-24,-0.00043505565787409163,1,0,0.3,0,0.05,-0.03256095865241187,0.9999999999999998
2023-03-25,-0.008331113687905047,1,0.002391686517684434,0,0,0,-0.0020428810528800296,0.9999999999999998
2023-03-26,0.005415283352710056,1,-0.001988648769569636,0.2,-0.00038047123306103,0,0.018381318266293408,0.9999999999999998
2023-03-27,-0.0023433648205730987,1,0.0015508204776940602,0.25,0,0.1,-0.03161064518368822,0.9999999999999998
2023-03-28,0.003798917606031498,1,0,0.05,0,0,0.01935620468922083,0.9999999999999998
2023-03-29,0.0006046625298151737,1,0,0,0,0,0.02560384495826284,0.9999999999999998
2023-03-30,0.0042357548087537935,1,-0.00023066449675388867,0,-2.8056497725287953E-05,0,-0.005494671751106016,0.9999999999999998
2023-03-31,0.0031507436960553263,1,0.0007914626813369523,0.25,0,0.05,0.01557582487555664,0.9999999999999998
2023-04-01,-0.004347343638385818,1,-0.0012066117669260166,0.1,0,0,-0.0004193100768315471,0.9999999999999998
2023-04-02,-0.007861611116399245,1,0,0.3,0,0,-0.012155082639855316,0.9999999999999998
2023-04-03,0.000643705999777936,1,0.0004937678718292773,0,0.0014437065934864678,0,-0.002141981885701193,0.9999999999999998
2023-04-04,0.01589353811417478,1,0.00017250144097579324,0.05,-0.004376911566983495,0.25,0.023107216716312322,0.9999999999999998
2023-04-05,0.0001379738896527755,1,0,0.1,0,0.2,0.010319156288079554,0.9999999999999998
2023-04-06,0.0154764034709655,1,-0.0029210107922866655,0.05,0,0,-0.011918440305713316,0.9999999999999998
2023-04-07,0.0001595322577410293,1,0.00015630363269372082,0.3,0.0008040309437061524,0.05,-0.004591728248494741,0.9999999999999998
2023-04-08,-0.005595985488644189,1,0.00024694529785017496,0.3,0,0.15000000000000002,-0.003425979826466196,0.9999999999999998
2023-04-09,-0.009243112078586687,1,0.0008396594795054852,0.05,0,0,0.009625731499617205,0.9999999999999998
2023-04-10,-0.007288907001310463,1,0.0013175766359827322,0.1,4.967341625467725E-05,0,0.036987243843074606,0.9999999999999998
2023-04-11,-0.005986194953339351,1,-0.003040773807316555,0.2,0.0007312826437789682,0.05,0.00417286030715791,0.9999999999999998
2023-04-12,-0.006562033401623328,1,0.0017918756663711974,0.2,0.00041677012032744187,0,0.0021148044626475007,0.9999999999999998
2023-04-13,-0.005370331357968325,1,0.0008797409345283995,0.3,-0.000938840947109611,0.15000000000000002,0.03279530895174431,0.9999999999999998
2023-04-14,0.006135950364746139,1,0.0030340531493568508,0.15000000000000002,0.0017472748656965679,0.1,0.02339870638733543,0.9999999999999998
2023-04-15,0.009464179996390354,1,0.004132916431597551,0.3,-0.0021934803306130563,0.2,-0.005053286771862397,0.9999999999999998
2023-04-16,-0.011613227423614007,1,-0.002007664949042692,0.3,0.0038421338429897103,0.3,0.006866349603961706,0.9999999999999998
2023-04-17,-0.01119055473793378,1,0.0006674519059877184,0.15000000000000002,0,0.15000000000000002,-0.024968699858125547,0.9999999999999998
2023-04-18,-0.00013377022350413736,1,-0.004713966306249176,0.05,0,0,0.02325214496410432,0.9999999999999998
2023-04-19,0.0055480568782630205,1,0,0.2,0,0,-0.06640581451930726,0.9999999999999998
2023-04-20,0.002235388491257567,1,0,0,0,0,-0.0072203219386306455,0.9999999999999998
2023-04-21,0.008621278435508835,1,0,0,0,0,-0.04160705947530578,0.9999999999999998
2023-04-22,-0.0018338418338846247,1,-0.0003389162234482228,0,0,0,0.017029965641005448,0.9999999999999998
2023-04-23,0.005797599219928007,1,0.0036208827669638594,0.05,0.00033340752346714455,0,-0.007311062137692335,0.9999999999999998
2023-04-24,-0.0021384647302057397,1,0.0004718352842010063,0.3,0.0030537877972932393,0.05,-0.00685979815991633,0.9999999999999998
2023-04-25,-0.0013285731587030325,1,0,0.3,-0.0035120887000927043,0.2,0.02094137254074834,0.9999999999999998
2023-04-26,-0.005698795738813028,1,0,0,0,0,0.0019986198763461967,0.9999999999999998
2023-04-27,-0.0019027768808917796,1,-0.001231831561771969,0,0,0,0.03004107409841083,0.9999999999999998
2023-04-28,-0.0007231286459642471,1,0.002646182608891195,0.3,-0.00017595919492043776,0.1,-0.007382502245234622,0.9999999999999998
2023-04-29,-0.009392431651636408,1,-0.0021299608849183185,0.3,0.00046298615118882933,0.25,0.003072328556681713,0.9999999999999998
2023-04-30,0.0007240288121571975,1,0,0.3,0.00011635117378091309,0.05,-0.009836123253826877,0.9999999999999998
2023-05-01,-0.0024035680451822217,1,0,0,0,0,-0.03044588862703034,0.9999999999999998
2023-05-02,-8.359077791674185E-05,1,-0.00046664283963627893,0,0,0,0.01503311666485959,0.7142857142857142
2023-05-03,-0.007403220728775784,1,0.0001980171225407048,0.05,0,0,0.01112848475307515,0.7142857142857142
2023-05-04,0.0009542830753189185,1,0.004571055188975833,0.1,0.00042345093494361663,0,-0.007571570707558697,0.7142857142857142
2023-05-05,-0.003968209092075427,1,-0.005822402960980071,0.3,0.0007019712616730658,0.2,0.03038046654906296,0.7142857142857142
2023-05-06,-0.0015069692234171797,1,0,0.3,0,0.15000000000000002,-0.025331723521982027,0.7142857142857142
2023-05-07,0.007537583551383501,1,0,0,0,0,-0.010057720491653741,0.7142857142857142
2023-05-08,0.009732793880438078,1,0,0,0,0,-0.013928405036548382,0.7142857142857142
2023-05-09,0.0015797493623490803,1,0,0,0,0,-0.000720195670799728,0.7142857142857142
2023-05-10,0.01723836463222509,1,0.00040529084574336596,0,0.0010272432317544825,0,-0.0011905854360661982,0.42857142857142855
2023-05-11,0.006754014145189828,1,0.0017670219985907352,0.15000000000000002,0,0.05,-0.003735932043383406,0.14285714285714285
2023-05-12,0.011573685466581862,1,0.0036490974573050606,0.1,0.0044965389849559185,0.05,-0.00035287827990237373,0.14285714285714285
2023-05-13,0.001915826429299433,1,0.0050763788230742644,0.3,-0.0005942726544368497,0.25,0.0013477478153182622,0.42857142857142855
2023-05-14,-0.00043321772723094653,1,0.0045066048659675745,0.3,-0.007690911240031142,0.3,-0.00294927788486215,0.7142857142857142
2023-05-15,-0.010490746627023645,1,-0.0013175827446457334,0.3,0.0012308333799514912,0.3,-0.009576935439209608,0.9999999999999998
2023-05-16,-0.015460497972436479,1,0.0017008982956112958,0.3,-0.0003784912412597805,0.15000000000000002,0.0002759988607112532,0.9999999999999998
2023-05-17,-0.00011784771498100336,1,-0.0021874002459107943,0.25,0,0.1,-0.006059198438030086,0.9999999999999998
2023-05-18,-0.002153487209583648,1,0.003996879747658568,0.3,0.0016167469916067603,0,0.016765777565824792,0.9999999999999998
2023-05-19,0.004041362009939988,1,0.0025769041781748,0.3,6.37353754527794E-05,0.3,-0.004257018871033331,0.9999999999999998
2023-05-20,-0.00061844697717409,1,-0.0014933358575678994,0.3,0.0014586882169779756,0.3,-0.006016665443613724,0.9999999999999998
2023-05-21,-0.0010211075342207955,1,0.0003656988719706078,0.3,0,0.15000000000000002,0.01064845867477568,0.9999999999999998
2023-05-22,0.006410777488118506,1,0.0009758073054113083,0.1,0.00021482576059111126,0.05,-0.005221539155494014,0.9999999999999998
2023-05-23,-0.0030882517212979604,1,-0.0019708913377835414,0.15000000000000002,0,0.05,-0.016647289411104795,0.9999999999999998
2023-05-24,-0.012402119795685397,1,0.0008194487913897319,0.1,0,0,0.03106629856925828,0.9999999999999998
2023-05-25,-0.006363299549978217,1,0.0019491538337892962,0.1,0.000505349612989221,0,-0.004105040584154003,0.9999999999999998
2023-05-26,-0.002161172208575141,1,0.0011130889143655621,0.3,-0.003679579418121989,0.3,-0.010404363624195015,0.9999999999999998
2023-05-27,0.007209609644225836,1,0.0015980285768991962,0.3,-0.0009271147033188072,0.3,-0.003195038589890467,0.9999999999999998
2023-05-28,0.001117166022855117,1,0.0002793284221261274,0.15000000000000002,0,0.1,-0.043804500969780454,0.9999999999999998
2023-05-29,0.001711461080762726,1,-0.0019374602637010413,0.15000000000000002,0,0,0.010256565950363526,0.9999999999999998
2023-05-30,-0.0024835361620833786,1,-0.00013487883784341648,0.3,0,0,-0.0011337328361975588,0.9999999999999998
2023-05-31,0.0016878905758370573,1,0.0010858914378059125,0.25,0,0,0.0159708744137304,0.9999999999999998
2023-06-01,0.0004790274279564742,1,0.0016917820837516046,0.15000000000000002,-0.0007332335438419477,0,0.010658515801686218,0.9999999999999998
2023-06-02,0.0027926115542351504,1,4.1196160285835504E-05,0.3,0.001114851895159404,0.3,-0.019704082535293422,0.9999999999999998
2023-06-03,0.008102379617956599,1,0.0016625821409743367,0.3,-0.0006170239341664683,0.3,0.007181330035691239,0.9999999999999998
2023-06-04,-0.0037459784672530215,1,-0.0024171122150767133,0.3,0.0009073949585051651,0.2,-0.0001431736771069922,0.9999999999999998
2023-06-05,0.010137346345966827,1,0,0.3,0,0,0.04673769219409531,0.9999999999999998
2023-06-06,0.005575607088798197,1,0,0,0,0,-0.04951777260276913,0.9999999999999998
2023-06-07,-0.005035667727716887,1,0,0,0,0,0.030425221483620393,0.9999999999999998
2023-06-08,-0.0030701094542903975,1,-0.0013922225379108112,0,0,0,-0.006492177833656695,0.9999999999999998
2023-06-09,0.00017206778251526507,1,0,0.1,0,0,0.0020001710239358284,0.9999999999999998
2023-06-10,0.003428797251960597,1,0,0,0,0,0.03622753649782539,0.9999999999999998
2023-06-11,0.0019136229605708481,1,0,0,0,0,-0.001785834840514971,0.9999999999999998
2023-06-12,-0.012278400541233797,1,0.000973168432782586,0,-0.0017785752056362297,0,0.0034840223742447123,0.9999999999999998
2023-06-13,0.0012236999944080804,1,0.0010419586497414457,0.2,0.00062735680167998,0.25,0.0003164494453149247,0.9999999999999998
2023-06-14,-0.006211836115431107,1,0.0010175125906987433,0.3,0.004786491869475185,0.2,0.04115300804855165,0.9999999999999998
2023-06-15,0.0010091400703981911,1,-0.0012621669819391172,0.05,0.00045033296901613086,0.05,-0.014180318579127783,0.9999999999999998
2023-06-16,0.00108293051837818,1,0.0016875300631043046,0.15000000000000002,0,0.05,-0.029807979133951952,0.9999999999999998
2023-06-17,0.0024505632215985483,1,0.0002021431459552332,0.2,0.00013371138255956793,0.05,-0.0059760158670718,0.9999999999999998
2023-06-18,0.0051363180254541015,1,9.572613091836501E-05,0.3,0,0.05,0.005454773729604646,0.9999999999999998
2023-06-19,-0.00024243875199813996,1,0.0006733155376334707,0.05,-0.0005737988614296228,0,-0.01417317481886254,0.9999999999999998
2023-06-20,0.0014782653157940577,1,0,0.15000000000000002,0,0.05,-0.04295539950047036,0.9999999999999998
2023-06-21,0.003837756116948433,1,0,0,0,0,-0.04080466786418687,0.7142857142857142
2023-06-22,-0.006699504263074093,1,0,0,0,0,0.002545149162747696,0.42857142857142855
2023-06-23,-0.005502297161221243,1,0.0006540335086060623,0,0.000850662548557807,0,-0.0029690643235158014,0.14285714285714285
2023-06-24,0.011835080610439423,1,0.0017223225823843223,0.25,-0.0009131737663551576,0.2,-0.0013421458928756643,0.14285714285714285
2023-06-25,-0.005342090550372867,1,-0.0012713402407321156,0.25,0,0.1,0.0019711374608533897,0.42857142857142855
2023-06-26,-0.010855311564674737,1,0.0015879672197663694,0.1,-0.0008279485904226931,0,-0.010073992449161049,0.7142857142857142
2023-06-27,-0.003517459568588068,1,-0.0027729146719595974,0.3,0,0.05,0.01494458643339421,0.9999999999999998
2023-06-28,-0.0037139829144113043,1,-0.0006495237677615933,0.3,0,0,-0.026306093477211127,0.9999999999999998
2023-06-29,0.0011274438459934338,1,0,0.05,0,0,0.012702804420141375,0.9999999999999998
2023-06-30,-0.00933525524295012,1,0.004848285669602092,0,0.002699766866847426,0,0.022492342625469616,0.9999999999999998
2023-07-01,-0.001062349036235252,1,-0.0019589562507751454,0.3,0.0022551834139027276,0.3,-0.0005354984438760702,0.9999999999999998
2023-07-02,-0.008319800465605862,1,0.003855483611512227,0.3,-0.0012400394492838131,0.25,0.0038836337194553252,0.9999999999999998
2023-07-03,-0.008417681805958949,1,0.0029934923700534453,0.3,0.005531115243330873,0.3,0.013465902384052871,0.9999999999999998
2023-07-04,-0.00827339887955726,1,0.0006211023527393991,0.3,-0.0009238600433980081,0.3,-0.011203665021257633,0.9999999999999998
2023-07-05,0.0014109012183195612,1,0,0.3,0,0.3,-0.010926223555315192,0.9999999999999998
2023-07-06,0.002936558399175908,1,0,0,0,0,-0.026786233100604455,0.9999999999999998
2023-07-07,-0.0005570964192112146,1,0.001170182501857198,0.05,0.0007712594673439525,0,0.014217260830133634,0.9999999999999998
2023-07-08,0.001745585847192681,1,0.0012313255093288262,0.3,-0.00032042304499509556,0.05,-0.00250776370324468,0.9999999999999998
2023-07-09,-0.001455718939103347,1,-0.001642948233590687,0.3,0.001380463956894573,0.3,-0.002697313010236235,0.9999999999999998
2023-07-10,-0.0017159120398092162,1,0.0034528988605095493,0,0.0010799490162071378,0,0.00888276765831497,0.9999999999999998
2023-07-11,0.007924116119880458,1,0.0014831509423243005,0.3,0.00042942598975878355,0.2,0.002902958250296183,0.9999999999999998
2023-07-12,-0.006075383323178726,1,0,0.3,0,0.2,-0.005680644235775299,0.9999999999999998
2023-07-13,0.012069489960422381,1,0,0,0,0,0.05311865890624666,0.9999999999999998
2023-07-14,-0.008863107485097171,1,0.00042943438345878347,0,0,0,-0.0347871826340072,0.9999999999999998
2023-07-15,0.004610014673913533,1,-0.0008190632288140023,0.2,0.0009155847890522182,0,-0.002024730624931081,0.9999999999999998
2023-07-16,-0.00438584341059846,1,-0.0012429714211621104,0.3,0,0.15000000000000002,-0.003354482072660591,0.9999999999999998
2023-07-17,-0.0013850402605255071,1,0,0.05,0,0,-0.004392490892936417,0.9999999999999998
2023-07-18,-0.008006901292369278,1,0.0008238490469996123,0,0.0016286258570453356,0,-0.008289150842059221,0.9999999999999998
2023-07-19,-0.0023388373930580777,1,0.0014732446235339012,0.2,-0.0007811641734544991,0.2,-0.0014201429639078553,0.9999999999999998
2023-07-20,-0.012920905064437138,1,0.0023150682263678845,0.15000000000000002,0.0005885690038708163,0.2,-0.001044706559439834,0.9999999999999998
2023-07-21,0.00605244238942487,1,-0.00038690860034466823,0.3,-0.000338619719072085,0.3,0.0017437173144811964,0.9999999999999998
2023-07-22,0.004622172968631707,1,0.0009425554996960273,0.3,0.00020987834325933362,0.3,-0.006346153163398658,0.7142857142857142
2023-07-23,-0.0024735344604373166,1,-0.004044236445679417,0.3,0.0017620281722772687,0.25,0.0043349910265073925,0.42857142857142855
2023-07-24,-0.005601065009178546,1,0,0.3,0,0.1,-0.003919178968544261,0.14285714285714285
2023-07-25,0.0013361355675413067,1,0.0004449763030927443,0,0,0,-0.0006866499438297485,0.14285714285714285
2023-07-26,0.011883266897968633,1,0.0003878096554105923,0.05,0,0,-0.002757445006810483,0.42857142857142855
2023-07-27,-0.012023203342466707,1,0.002010745037602874,0.1,-0.0002897616236919021,0,0.003413565094028571,0.7142857142857142
2023-07-28,0.012093446230887267,1,0.002932077136575572,0.3,-0.0008684485504559234,0.3,-0.0050739739440054474,0.9999999999999998
2023-07-29,-0.0034135665717926595,1,-0.0015728068257694757,0.3,0.00023675111745546928,0.3,-0.0021198274786669545,0.9999999999999998
2023-07-30,0.00048287992670367937,1,-4.809202853766692E-05,0.3,0,0.1,0.006274646494411836,0.9999999999999998
2023-07-31,-0.004605492996384782,1,0,0.05,0,0,0.0025253571278928766,0.9999999999999998
2023-08-01,-0.00011975375954226958,1,0.00010409147138057051,0.05,0,0,-0.012527575881537191,0.9999999999999998
2023-08-02,0.0027723450172582806,1,0.0009186224112993387,0.1,0,0,0.01801420702057824,0.9999999999999998
2023-08-03,-0.000753704584368616,1,0.002281835486543514,0.25,0.0007433937654689089,0,0.0012709974638974314,0.9999999999999998
2023-08-04,0.01903434249050867,1,0.001010846874314666,0.3,0,0.05,0.003110568046419336,0.9999999999999998
2023-08-05,0.009314526599287148,1,0,0.15000000000000002,0,0,-0.0006895246030034983,0.9999999999999998
2023-08-06,0.0006018480741190242,1,-0.00234807017052708,0,0,0,0.0016670996323204432,0.9999999999999998
2023-08-07,-0.005277625634582232,1,9.559539137103456E-05,0.15000000000000002,0,0,-0.0015170527066329829,0.9999999999999998
2023-08-08,-0.0025877918434815206,1,0.0005081982867579882,0.15000000000000002,0.0025588275668237655,0,-0.016768975253626195,0.9999999999999998
2023-08-09,-0.001919655363636444,1,0.00042270962464476723,0.3,-0.0009193723643832072,0.15000000000000002,0.0035511334803051014,0.9999999999999998
2023-08-10,0.0015292127826955616,1,0.0009208660606425383,0.3,0.001273654270095676,0.25,0.0032607262651501677,0.9999999999999998
2023-08-11,-0.0016644675392594305,1,-3.150330232529086E-05,0.3,-0.0011170598237204103,0.3,0.0016753478145660017,0.9999999999999998
2023-08-12,0.011259354073335238,1,-0.0003007400102817428,0.3,0,0.1,-0.000136869567733001,0.9999999999999998
2023-08-13,-0.01221002802998835,1,0.00113528394554055,0.05,0,0,0.0047714261020872775,0.9999999999999998
2023-08-14,0.001577439368900748,1,-0.002940371097031857,0.15000000000000002,0.0006462031742973977,0.05,-0.00316441674591894,0.9999999999999998
2023-08-15,0.0066539899605857055,1,0,0.3,0,0.05,0.008767006912636852,0.9999999999999998
2023-08-16,-0.0016978917228922673,1,0,0,0,0,0.014124194565990107,0.9999999999999998
2023-08-17,-0.014014470948612502,1,0,0,0,0,0.07174274634134116,0.9999999999999998
2023-08-18,0.009737639650394786,1,0,0,0,0,0.016667276504591197,0.9999999999999998
2023-08-19,0.0019442913863149604,1,0.0014470168888180979,0,0.0004101987034719059,0,-0.0034960252535442262,0.9999999999999998
2023-08-20,0.0013500562551104385,1,-0.002326314709599046,0.3,-0.0010064197187011814,0.1,-0.006490931601367452,0.9999999999999998
2023-08-21,-0.0022547607087983253,1,-0.003088224522595965,0.3,0,0,0.006440689275335407,0.9999999999999998
2023-08-22,-0.0026383384536739613,1,-0.00014392386022268511,0.3,-0.0014732106707974707,0,0.011067634358471759,0.9999999999999998
2023-08-23,0.005524712956576044,1,-0.0021896778611574064,0.05,0,0.05,-0.020860059742848144,0.9999999999999998
2023-08-24,0.002494113854068387,1,-0.001549616540213492,0.3,0,0,0.010277657078190583,0.9999999999999998
2023-08-25,-0.0068193880774756075,1,0.0011782861457791114,0.15000000000000002,0,0,0.004582950729999187,0.9999999999999998
2023-08-26,-0.0077596752711441295,1,-0.0019470765751564158,0.3,0.000201400391991001,0,0.0028693686433068034,0.9999999999999998
2023-08-27,-0.007525656774599961,1,-0.0011864680149278684,0.3,0.0011573062218603809,0.1,-0.005008069858510074,0.9999999999999998
2023-08-28,0.0013262909878253692,1,0.0005281728488421323,0.2,0,0.1,0.0013029294117982444,0.9999999999999998
2023-08-29,0.0032769487740099395,1,0,0.05,0,0,-0.05367701701793399,0.9999999999999998
2023-08-30,-0.002615994652013459,1,-0.0018103426575587491,0,0,0,0.01464226079549102,0.9999999999999998
2023-08-31,0.0033122638060569124,1,-0.0006535533146206945,0.1,0,0,0.04247579157821149,0.9999999999999998
2023-09-01,0.008388823456127365,1,0.0001852482703811802,0.05,0,0,0.007764886513155495,0.9999999999999998
2023-09-02,-0.007508186883574923,1,-0.0006521632266731103,0.05,0,0,-0.0036452462164924637,0.9999999999999998
2023-09-03,0.003287003571909721,1,0.0002804129542923874,0.3,-0.0012911433794433832,0.1,-0.0015918094194788757,0.9999999999999998
2023-09-04,-0.001913747985213817,1,0.0036915117669600477,0.15000000000000002,-0.0007019182347505649,0.1,0.004405178921722351,0.9999999999999998
2023-09-05,-0.00460230762330688,1,-0.0007344996154170076,0.3,-0.0017298171416289278,0.3,-0.0004953767329141835,0.9999999999999998
2023-09-06,0.0069469067876341915,1,0.0023038610392404736,0.1,0,0.05,0.0010754954491879447,0.9999999999999998
2023-09-07,0.028563700852055694,1,0,0.3,0,0,-0.014053699332641632,0.9999999999999998
2023-09-08,-0.0051650652847539495,1,0.0006006145956098407,0.05,-8.625292560009257E-05,0,0.01012387791682603,0.9999999999999998
2023-09-09,-0.003053620918894245,1,-0.0025045713265888026,0.3,0.0005261685364257574,0.1,0.0005086388931194441,0.9999999999999998
2023-09-10,0.005969684080010883,1,0.0005201034800822981,0.2,0.0018147325935740355,0.1,0.006758376222876984,0.9999999999999998
2023-09-11,-0.012822244160012262,1,0,0.1,0,0.05,0.033444723229149605,0.9999999999999998
2023-09-12,-0.004362449787463335,1,0.0004514221042734334,0,0.001018685409673253,0,-0.026698609213376252,0.9999999999999998
2023-09-13,0.007229390132393639,1,0.002350588011718173,0.05,-0.0004190664857731008,0.15000000000000002,-0.011975917401105266,0.9999999999999998
2023-09-14,0.006620298366307854,1,0.0006530505695709508,0.15000000000000002,-0.00021375739656059523,0.05,-0.011606382825806004,0.9999999999999998
2023-09-15,-0.00703359812917357,1,0,0.15000000000000002,0,0.05,-0.005928222239701847,0.9999999999999998
2023-09-16,0.002966142610929106,1,0,0,0,0,0.002844097344923539,0.9999999999999998
2023-09-17,-0.0038010773312546547,1,0.00029211832188912013,0,0,0,0.004277945604363839,0.9999999999999998
2023-09-18,-0.0007182328123197784,1,0.001181302037690557,0.1,0.0014450971628716615,0,-0.008802639310037908,0.9999999999999998
2023-09-19,0.0008533253002759942,1,0.0022041363119742526,0.3,0.00038351529879719235,0.3,-0.007693536675647234,0.7142857142857142
2023-09-20,0.005049704839957587,1,-0.0010399728370732646,0.3,0.0013222251824136038,0.3,0.0030928298171161946,0.42857142857142855
2023-09-21,0.00588183027591253,1,0.0034440548874781598,0.25,0.0011056862546438425,0.2,0.002871885022438082,0.14285714285714285
2023-09-22,0.00037525218984887123,1,-0.0008199007456905746,0.3,0.000723551989644875,0.3,-0.0004305375284812221,0.14285714285714285
2023-09-23,0.005377560622065303,1,-0.0016025215172505796,0.3,0.0004769438510945747,0.2,-1.7589758571800993E-05,0.14285714285714285
2023-09-24,-0.004915899818282318,1,0.0020588366666556795,0.3,0.0004644283282414108,0.05,0.0014788243896129457,0.14285714285714285
2023-09-25,-0.0005281809740811242,1,-0.0010958098418204828,0.3,0.0017740269174953483,0.2,-0.0004801785032388731,0.14285714285714285
2023-09-26,0.009009676451144989,1,0.0009095499579555053,0.3,-0.0011441103249987918,0.3,-0.00032149735189016925,0.42857142857142855
2023-09-27,-0.00921268717944739,1,0.00256620819637169,0.25,-0.00026770232747799126,0.2,-0.003348905844724844,0.7142857142857142
2023-09-28,-0.0012360947277868116,1,0.0021876090826488054,0.25,0.0016564175405385413,0.05,-0.02961817139153261,0.9999999999999998
2023-09-29,-0.0011832875213381262,1,-0.000684910946286891,0.3,0.00024377203046446993,0.25,-0.0022339442699276287,0.9999999999999998
2023-09-30,-0.005324969873366426,1,0.0019396979683431255,0.3,-0.0005807034675610794,0.15000000000000002,-0.002059075938968444,0.9999999999999998
2023-10-01,-0.005247889509478541,1,0,0.2,0,0.05,-0.027327989457517028,0.7142857142857142
2023-10-02,-0.00364176523960885,1,0,0,0,0,0.012370671894584188,0.42857142857142855
2023-10-03,-0.00043139832496673445,1,0,0,0,0,0.00013130208156212004,0.14285714285714285
2023-10-04,-0.005557110188372751,1,0.0004233264413717279,0.05,0.00019885443399357428,0.05,0.00017301414422984403,0.14285714285714285
2023-10-05,-0.007130773693986908,1,0.004277748612831374,0.2,-0.002642751122465597,0.1,-0.007667730940970151,0.42857142857142855
2023-10-06,0.004239855909636958,1,-0.004318658479081251,0.3,0.0009016041855586536,0.3,0.013849944671903367,0.7142857142857142
2023-10-07,0.0014182533782525419,1,-0.0013995331904523027,0.3,0.0006325055966779019,0.25,-0.0033285251150600758,0.9999999999999998
2023-10-08,-0.00412418273860919,1,-0.0005676337957022496,0.3,0,0.05,-0.0009257344854982639,0.9999999999999998
2023-10-09,-0.0095047423175399,1,0,0.15000000000000002,0,0,-0.021999111972793802,0.9999999999999998
2023-10-10,-0.005852298524138006,1,0,0,0,0,-0.007583020923921989,0.9999999999999998
2023-10-11,0.008114747014876529,1,0.0011513602579766484,0,0,0,-0.00963630392280995,0.9999999999999998
2023-10-12,-0.0046946087569029816,1,0.0022313374247157755,0.3,-0.00011562218374547229,0,-0.010851786726054411,0.9999999999999998
2023-10-13,0.0020600354431727723,1,0.0015523226588531997,0.3,-0.0016734089552955993,0.1,0.005988476831323307,0.9999999999999998
2023-10-14,0.003142111981839892,1,-9.490431979884306E-05,0.25,5.365331031384813E-05,0.05,0.00021308874216068496,0.7142857142857142
2023-10-15,0.011690825404991058,1,0,0.15000000000000002,-0.00043688176517889585,0.1,0.002498659011050808,0.42857142857142855
2023-10-16,0.006460349359161985,1,-0.001379798399471838,0.05,0,0,0.0051511426579182555,0.14285714285714285
2023-10-17,0.01942456377384035,1,0,0.15000000000000002,0,0,-0.0017990807065908973,0.14285714285714285
2023-10-18,0.01032211247223123,1,0,0,0,0,-0.00026214793252203405,0.14285714285714285
2023-10-19,-0.01452211603510945,1,0,0,-0.000497580898186925,0.05,0.0011355554249166597,0.14285714285714285
2023-10-20,0.006439883561654728,1,0,0,-0.00033803570429404316,0.1,0.004077684105753773,0.14285714285714285
2023-10-21,0.0012804696987455426,1,0,0,0,0.1,0.004786955777729583,0.42857142857142855
2023-10-22,-0.008218341325463386,1,0,0,0,0,0.008305905004920707,0.7142857142857142
2023-10-23,-0.018817089870609805,1,0,0,0,0,0.08159369263424349,0.9999999999999998
2023-10-24,0.006664333665859734,1,0.001479766788797633,0,0.0019397912828299014,0,0.018418399055426967,0.9999999999999998
2023-10-25,0.01023373778644962,1,-0.0053318723835811856,0.2,0.0024019255718596925,0.15000000000000002,0.00905823115247739,0.9999999999999998
2023-10-26,-0.01702532630791088,1,0.001731195679162056,0.3,0,0.3,-0.00044818394908874293,0.9999999999999998
2023-10-27,-0.004445664252938126,1,0.003939734899969835,0.15000000000000002,0.0004079289518335827,0.05,-0.010450015358624495,0.9999999999999998
2023-10-28,-0.01203484700250606,1,0.002288023201487704,0.3,-0.002404362096285922,0.25,0.0018890933498086902,0.9999999999999998
2023-10-29,0.014175528507039445,1,0.001243225084626829,0.3,0.00014739850597538862,0.3,0.011855416968430173,0.9999999999999998
2023-10-30,-0.011753801754890785,1,0.0025418956565242752,0.25,0,0.05,0.0031281751766715207,0.9999999999999998
2023-10-31,0.013667492863462034,1,-7.76712487554505E-05,0.1,0,0,0.003952483069883161,0.9999999999999998
2023-11-01,-0.029885305451308866,1,-0.005236912766537671,0.05,0,0,0.020187748955782788,0.9999999999999998
2023-11-02,-0.003565913077279261,1,0.001308393716307819,0.25,0,0,-0.019280277398856897,0.9999999999999998
2023-11-03,0.00022492167048232688,1,0.0016334084193874788,0.1,0.0011515305480024835,0.05,0.005643202466576568,0.9999999999999998
2023-11-04,0.0028329117098180845,1,-0.00015117543499945895,0.25,-0.002421171954748388,0.25,0.011204054939059401,0.9999999999999998
2023-11-05,0.026173863817001673,1,0.00325128180951765,0.25,0.0016700621832333126,0.15000000000000002,0.009031043194436537,0.9999999999999998
2023-11-06,-0.005817296564856913,1,-0.001151723970616331,0.3,0.00015021951264657219,0.25,0.0029306403136741817,0.9999999999999998
2023-11-07,-0.016018144587378998,1,0.00457728163263937,0.3,-1.8285972686953757E-05,0.2,0.0009099119044037596,0.9999999999999998
2023-11-08,0.00517451302950765,1,0.002156809691778335,0.3,-0.0013316526184109989,0.3,0.003942241656981648,0.9999999999999998
2023-11-09,0.0007626206490194512,1,0,0.2,0,0.3,0.07686737932792419,0.9999999999999998
2023-11-10,0.01254895055716345,1,0.003518365186578876,0,-0.003350278390450967,0,-0.002097566373762405,0.9999999999999998
2023-11-11,-0.033989639859435185,1,0.0015868697570358564,0.2,0.0021017175530841994,0.2,-0.008211028528491924,0.9999999999999998
2023-11-12,-0.02361646024381519,1,-0.005891901548017131,0.3,0.0017062363995732994,0.2,-0.002949558282058006,0.9999999999999998
2023-11-13,0.015281895396859813,1,0,0.3,0,0.1,-0.005919226073670512,0.9999999999999998
2023-11-14,-0.009982824007768613,1,0.000904580381194819,0,0.0016021650817845056,0,-0.03057971864933167,0.9999999999999998
2023-11-15,0.022234000967271107,1,-0.0005697097623778973,0.05,-0.003953101333587938,0.15000000000000002,0.05242443840019072,0.9999999999999998
2023-11-16,0.014280509532217706,1,0.0009281523608754014,0.1,0,0.15000000000000002,-0.0458750218192082,0.9999999999999998
2023-11-17,-0.02157318844066994,1,-0.002512703407059689,0.1,0,0,0.005985143351641962,0.9999999999999998
2023-11-18,-0.0020477924999770985,1,0,0.05,0.0005818289705739517,0,-0.00017410357111696806,0.9999999999999998
2023-11-19,0.0026725492667109023,1,0.002893266952849899,0,2.0841920963675875E-05,0.1,0.023278484741661935,0.9999999999999998
2023-11-20,0.009049668728790785,1,-0.0037543206848731645,0.2,0.00013893922455849862,0.05,0.003661145062756276,0.9999999999999998
2023-11-21,0.0009462779129699779,1,0,0.2,0,0.05,-0.044658918047588585,0.9999999999999998
2023-11-22,-0.00996548167297419,1,0,0,0,0,0.05699656812583452,0.9999999999999998
2023-11-23,0.011642143606975637,1,0.003751861571403424,0,0.0030185663328106786,0,-0.0017695563016937306,0.9999999999999998
2023-11-24,0.01955186545155992,1,0.005417036715720542,0.3,-0.001817432140378969,0.2,0.01013850575738706,0.9999999999999998
2023-11-25,-0.002239947707164295,1,-0.006302336431024969,0.3,0.0010954434692830547,0.2,0.0014326501376660246,0.9999999999999998
2023-11-26,-0.010684215878104855,1,0,0.3,0,0.2,-0.009393282206786367,0.9999999999999998
2023-11-27,1.5449105518611488E-06,1,0.0008176734274229602,0,0,0,-0.01118014850345783,0.9999999999999998
2023-11-28,-0.0025134543131148765,1,0.0006776105760379778,0.1,-0.0009473472333768314,0,0.012825488007568771,0.9999999999999998
2023-11-29,-0.0063848225283653776,1,0.0036194413065475145,0.2,0.0005072943329118971,0.1,-0.004248444996095556,0.9999999999999998
2023-11-30,6.679786057434633E-05,1,0.002589728976366132,0.3,-0.0019474418566253462,0.3,0.003979267135314657,0.9999999999999998
2023-12-01,0.00409210600396466,1,0.0018263972945571823,0.3,-0.00030520444634908015,0.3,0.02130379176755203,0.9999999999999998
2023-12-02,0.007984061259519462,1,0,0.25,0,0.25,0.028492480945588754,0.9999999999999998
2023-12-03,-0.005374768023849683,1,0,0,0,0,0.013130534156192471,0.9999999999999998
2023-12-04,-0.009978034984769114,1,0.0028619093402016916,0,-0.0013145139713010394,0,0.03674433063558379,0.9999999999999998
2023-12-05,0.0019225093882485529,1,-0.0068835085462164896,0.15000000000000002,0.0016720054971221998,0.1,0.035936852744394836,0.9999999999999998
2023-12-06,0.000840854643386555,1,0.0011471634113593154,0.25,0.0007607826966968787,0.05,-0.01674841561112089,0.9999999999999998
2023-12-07,0.010590006284197387,1,0.0028364413459446495,0.25,-0.002554515391303994,0.15000000000000002,0.021960961968426222,0.9999999999999998
2023-12-08,-0.022304536948100025,1,0,0.3,-0.0007139054276831303,0.3,0.011004591050871591,0.9999999999999998
2023-12-09,-0.005068756530641521,1,-0.0008993845227284965,0,0,0,-0.009042118868714753,0.9999999999999998
2023-12-10,-0.007080337056188511,1,0,0.05,0,0,0.0034126153294082853,0.9999999999999998
2023-12-11,-0.023271036918699004,1,0,0,0,0,-0.05601107825522232,0.9999999999999998
2023-12-12,-0.0025205710551737264,1,0,0,0,0,-0.0019663143184791006,0.9999999999999998
2023-12-13,-0.0021941259374605357,1,0.0010965885913517468,0,-0.00010375565013055166,0,0.02945299177986071,0.9999999999999998
2023-12-14,0.012492645682045198,1,-0.0026103380476813526,0.05,0.0024173527572647797,0.05,0.01398986354380782,0.9999999999999998
2023-12-15,0.017724485750618846,1,0.00028796934148999753,0.25,0,0.05,-0.03304902864244252,0.9999999999999998
2023-12-16,0.0037146469896433597,1,0.0008269400457718347,0.25,0.0003541948680515361,0.05,0.005929035364775624,0.9999999999999998
2023-12-17,0.0065989156227493,1,-0.00042492090702921814,0.3,0.0003501821843806283,0.05,-0.017958495257396564,0.9999999999999998
2023-12-18,-0.025065790470457906,1,0,0.05,0,0,0.02072164390633546,0.9999999999999998
2023-12-19,0.006923255267073192,1,0.0008166623900356171,0.05,-0.0012696571751607735,0,-0.013833482440747832,0.9999999999999998
2023-12-20,0.0016793811561718853,1,0.0019827517454434657,0.1,0,0.15000000000000002,0.022046125770711297,0.9999999999999998
2023-12-21,-0.01601054282583092,1,0.0027148789974808098,0.2,0.0012595680112053743,0.1,0.010706756792331905,0.9999999999999998
2023-12-22,-0.01583927047705888,1,0.0037049784919486227,0.3,0.0004993115863492221,0.15000000000000002,0.020185798038584665,0.9999999999999998
2023-12-23,0.029480142077872,1,-0.0034990711380696667,0.3,-0.0012761967305807503,0.3,-0.006549650299828456,0.9999999999999998
2023-12-24,0.022823344235279618,1,0.004497255900757636,0.3,0.00019617611382636823,0.25,-0.01769650234956321,0.9999999999999998
2023-12-25,0.009661010222987577,1,0.0015675501301534497,0.3,-0.0017024980339931516,0.15000000000000002,0.008415830227117003,0.9999999999999998
2023-12-26,-0.006463119978762081,1,0.0026120047394879295,0.3,-0.0015073162402829893,0.25,-0.021156084998373674,0.9999999999999998
2023-12-27,-0.009027296097981693,1,-0.002670749946566275,0.15000000000000002,0,0.05,0.043872411806489035,0.9999999999999998
2023-12-28,0.0009879351834160173,1,-0.004548085634248537,0.3,0,0,-0.01714982522873631,0.9999999999999998
2023-12-29,0.006523367827988083,1,0.000306242295408083,0.15000000000000002,-0.0016142548771213114,0,-0.015423882558002752,0.9999999999999998
2023-12-30,0.015039373138419696,1,-0.0004948895000743505,0.1,-4.5891416549238785E-05,0.05,-0.0007635266634793967,0.9999999999999998
2023-12-31,-0.0013463538430696811,1,0.00021556004465310253,0.2,0.0011566099852368553,0.15000000000000002,-0.0004401967706153531,0.9999999999999998
2024-01-01,-0.006737313803042195,1,0.001093141410367025,0.05,0.0012702367411147862,0.05,0.03779743421171677,0.9999999999999998
2024-01-02,-0.006218211860289741,1,0.0005070018696437728,0.1,0,0.05,0.00938607676861558,0.9999999999999998
2024-01-03,-0.01989024452819997,1,0,0,0,0,-0.05429430876134465,0.9999999999999998
2024-01-04,0.019386509895486858,1,0.0002404976134084791,0,0.0008299199237428638,0,0.028225194198029484,0.9999999999999998
2024-01-05,-0.019534989283191324,1,-9.245237957952668E-05,0.1,0,0.05,-8.52940473109081E-05,0.7142857142857142
2024-01-06,-0.0036053734571006787,1,0.0015503299546705876,0.05,0.0020470710004231022,0.05,-0.005839576767467301,0.7142857142857142
2024-01-07,0.01742390833025442,1,0,0.3,0,0.1,-0.002342030836912821,0.42857142857142855
2024-01-08,-0.0013834037162774393,1,-0.0003701052664500821,0,0,0,0.00811897907965012,0.14285714285714285
2024-01-09,-0.015218429951616983,1,0.0010210949231261566,0.05,0,0,-0.0008543883507232753,0.14285714285714285
2024-01-10,-0.0021671647647350614,1,0,0.05,0,0,0.008157407862728623,0.14285714285714285
2024-01-11,-0.009126288546222019,1,-0.007041015064472049,0,0.0071942913015388965,0,0.0004477363475227092,0.14285714285714285
2024-01-12,-0.0127767054350245,1,0.0007457482135821465,0.3,0,0.2,-0.02455937663548524,0.42857142857142855
2024-01-13,0.00653426318800469,1,-0.0016366732368126122,0.1,0.00034882586257344885,0.05,0.005052477635505631,0.42857142857142855
2024-01-14,0.005591918384645534,1,0.0023561626627110854,0.3,0.0016442555809273926,0.1,-0.024187073009307856,0.7142857142857142
2024-01-15,-0.017392420909644834,1,0.014825199335358093,0.3,0.005629029837352391,0.15000000000000002,0.016899690442973424,0.9999999999999998
2024-01-16,-0.010064557345486912,1,-0.0017786896159204843,0.3,0.0009554648563103001,0.3,0.022425672674096668,0.9999999999999998
2024-01-17,-0.009519471152958866,1,-0.00018624292768163286,0.3,0.000637677525558729,0.3,-0.015249560845953799,0.9999999999999998
2024-01-18,-0.0007847193315230511,1,0,0.25,0,0,-0.02866834897992098,0.9999999999999998
2024-01-19,-0.015722519972146756,1,0.0014785741432813211,0,0.0012516370776831992,0,0.008296931510932247,0.9999999999999998
2024-01-20,0.001584483821072527,1,0.0012451566666325108,0.1,-0.003682044601358257,0.2,-0.003562516473426646,0.9999999999999998
2024-01-21,-4.249864698619167E-05,1,-0.0003208104045345408,0.3,0.00022633409327772825,0.25,-0.004413646823126615,0.9999999999999998
2024-01-22,0.00241821537005857,1,0,0,0,0,-0.03835079255264933,0.7142857142857142
2024-01-23,-0.003695610208133088,1,0.0007293268024181998,0,0.0008262548845034416,0,-0.005144149034751665,0.42857142857142855
2024-01-24,2.5834163869551253E-05,1,-0.00022307780349592576,0.05,0.0003117643782538835,0.05,-0.0002061061577354922,0.14285714285714285
2024-01-25,0.01236943242115373,1,0.0017845192299216705,0.3,-0.007352410634815442,0.3,0.0004726599303426641,0.14285714285714285
2024-01-26,-0.0022626077995874794,1,0.0012665873293874483,0.1,0.00046038616609939706,0.3,-0.014859970631645635,0.42857142857142855
2024-01-27,-0.005067285529505645,1,0.010351858399534194,0.1,-0.0005085266777762172,0.05,-0.0026837975934600453,0.7142857142857142
2024-01-28,0.004363015496494216,1,0.00019779639506282366,0.2,0,0,0.0034429312316784063,0.9999999999999998
2024-01-29,0.005024425525403984,1,0.0037681629730475378,0.05,0.00044228493580135365,0.05,-0.028281780744978054,0.9999999999999998
2024-01-30,-0.0014284724611619,1,-0.003970787279497699,0.3,0.001749136952100116,0.3,-0.001076644197149974,0.7142857142857142
2024-01-31,0.002509652756827617,1,0.000601724069447755,0.05,0,0,0.007094707969969376,0.42857142857142855
2024-02-01,0.0045392596740492725,1,0.005268064401331458,0.05,-0.0016139749623321222,0,-0.004390270970284347,0.42857142857142855
2024-02-02,0.015068769701718651,1,0.00045446205830421604,0.3,0.0006533597166471736,0.3,-0.0009216022171323297,0.42857142857142855
2024-02-03,-0.0010948355991863513,1,-0.003216088354909971,0.3,0.0015093647459791554,0.3,0.0004318953426462563,0.14285714285714285
2024-02-04,0.007596693971350017,1,0.0007851231772153824,0.3,0.00047258137327276016,0,0.0009612337274246495,0.14285714285714285
2024-02-05,0.005713263254003809,1,0.0020510703347108574,0.2,-0.002735818403605435,0.15000000000000002,-0.0005471635627926723,0.14285714285714285
2024-02-06,-0.0014376821618349413,1,-0.0032142358405258167,0.3,0.0007670291528802408,0.25,-0.008736918131683088,0.42857142857142855
2024-02-07,-0.006609217377231512,1,0,0.3,0,0.1,-0.010864209548990162,0.42857142857142855
2024-02-08,0.0024770461576412097,1,0,0,9.87019229105499E-05,0.1,-0.003968590210952544,0.42857142857142855
2024-02-09,0.0025501747978697127,1,-1.934901614458795E-05,0.05,0.0009778273794711367,0.15000000000000002,-0.005158015657473604,0.14285714285714285
2024-02-10,0.002616378135854115,1,-0.00021330011787404145,0.25,-0.00012081149554705916,0.1,-0.004128202531662191,0.42857142857142855
2024-02-11,-0.008825375258361086,1,0,0.3,0,0.05,-0.0029546783139176446,0.42857142857142855
2024-02-12,0.001796521505981718,1,-0.0020746515626653946,0,-0.0003246033133173114,0,-0.007001169733805533,0.14285714285714285
2024-02-13,-0.0018469844820618317,1,0.0007047318416341568,0.1,-0.001270885299954216,0.1,-0.0011485456993073286,0.14285714285714285
2024-02-14,0.01594487805370932,1,0.0023151641702193046,0.05,0,0.05,0.00665923664554984,0.14285714285714285
2024-02-15,0.007830598265179713,1,0.00067021270306509,0.2,0.003539736313568028,0.05,0.0037408392032331553,0.42857142857142855
2024-02-16,0.006035479639096672,1,-0.000675452676902978,0.3,0.0030603200484911213,0.3,-0.0005686330630487733,0.42857142857142855
2024-02-17,0.010834534601568305,1,0.0006062330741137884,0.25,-0.003008634997675699,0.15000000000000002,-0.005624334306407876,0.7142857142857142
2024-02-18,0.029738866915462108,1,0.003573849842265645,0.05,-0.0023323831440582128,0.25,0.021593214220405686,0.9999999999999998
2024-02-19,0.0067801841811444856,1,-0.0014049319472699154,0.3,-9.168566249627475E-05,0.2,0.007556475733147771,0.9999999999999998
2024-02-20,0.00033385850404878733,1,0,0.15000000000000002,0,0.05,0.016561921694948963,0.9999999999999998
2024-02-21,-0.003319609675795316,1,0,0,0,0,-0.011695692798643461,0.9999999999999998
2024-02-22,0.013967726597330558,1,0.0010314288736192338,0.05,0.0005383106358749501,0,-0.004821559187925816,0.9999999999999998
2024-02-23,0.0028954930296977285,1,0.0037108865433688153,0.3,-0.0004255442574628887,0.1,-0.013576485767608278,0.9999999999999998
2024-02-24,0.01786349023370755,1,0.0027242458706282376,0.3,0.0034032512476380814,0.3,0.020160133549897645,0.9999999999999998
2024-02-25,-0.003160665841985637,1,-0.005541348607375994,0.3,-0.00026322038877037813,0.3,0.021603528507036725,0.9999999999999998
2024-02-26,0.019377263336246574,1,0.0017275922503347373,0.3,-3.2465830267938143E-06,0.15000000000000002,0.03673438377452353,0.9999999999999998
2024-02-27,-0.01343635765879255,1,0.004758172878521691,0.15000000000000002,0.0008323007681763101,0.15000000000000002,0.033957928793083784,0.9999999999999998
2024-02-28,0.0059730354762201595,1,-0.002313540925876623,0.3,0,0.3,0.06899794610973507,0.9999999999999998
2024-02-29,0.006282357266500822,1,0.004098724423240583,0.15000000000000002,0.0038576172978519027,0,-0.016776856155969907,0.9999999999999998
2024-03-01,0.012767379902819813,1,0.006186124032081807,0.1,-0.010425411787218763,0.3,0.024250106576616186,0.9999999999999998
2024-03-02,0.00933303724261665,1,-0.001639728428108583,0.3,-0.001010513059790128,0.3,-0.0049626162700581716,0.9999999999999998
2024-03-03,0.015251991420927088,1,0.0020195101762353718,0.1,0,0,0.01879319404739876,0.9999999999999998
2024-03-04,-0.0019558664773506374,1,-0.003004036293971467,0.05,-0.001130863313322834,0,0.060717339520229494,0.9999999999999998
2024-03-05,0.057873595037852124,1,0,0.1,0,0.05,-0.04333965330444744,0.9999999999999998
2024-03-06,-0.009188611109996726,1,0.0029634659017115155,0,0.00016989708454707398,0,0.05571337205424663,0.9999999999999998
2024-03-07,0.004076026674872786,1,-0.006387505472425573,0.2,0.0007484005123833412,0.1,0.012239448772761393,0.9999999999999998
2024-03-08,-0.00821269512035684,1,0.003220990135310785,0.3,0.0001763503823483461,0.05,0.01162299752480833,0.9999999999999998
2024-03-09,0.004430056340696224,1,-0.0006769456894089672,0.3,-0.003840129276985863,0.25,0.004198462490797027,0.9999999999999998
2024-03-10,0.0038184599580620322,1,0.001763487562092223,0.3,0.001744159684419401,0.3,0.0012809715448778847,0.9999999999999998
2024-03-11,-0.0018521020333350513,1,-0.003051479247826819,0.1,-0.0022076698368546205,0.05,0.046660328774263946,0.9999999999999998
2024-03-12,0.029179135827435074,1,0.0067034085576249255,0.15000000000000002,-0.0008519314775758175,0.05,-0.01477791322984839,0.9999999999999998
2024-03-13,0.009762700423413772,1,-0.005913408885148101,0.3,8.372759389885687E-05,0.15000000000000002,0.014457194737136466,0.9999999999999998
2024-03-14,0.01756635929529755,1,0,0.3,0,0.15000000000000002,-0.02688821900756238,0.9999999999999998
2024-03-15,-0.00829481159400936,1,0,0,0,0,-0.03120001854078385,0.9999999999999998
2024-03-16,-0.007408756870821487,1,0.0013544881876894125,0,0,0,-0.05948444343715974,0.9999999999999998
2024-03-17,0.005842018635534501,1,-0.0005231624475804892,0.05,0.00021997191032687623,0,0.04094046482030887,0.9999999999999998
2024-03-18,0.01869411812489804,1,0,0.1,0,0.05,-0.022770221633780393,0.9999999999999998
2024-03-19,-0.012686302624307711,1,0,0,0,0,-0.09333884577888776,0.9999999999999998
2024-03-20,-0.0034404568765840754,1,0.00564756877028617,0,0.009209111430835946,0,0.10430453674701509,0.9999999999999998
2024-03-21,0.027859187189055154,1,-0.0037897478702545867,0.3,-0.005163093405042901,0.3,-0.020609034885592344,0.9999999999999998
2024-03-22,0.006778626734613193,1,0.0016779962076732319,0.3,0,0.15000000000000002,-0.03541380623754763,0.9999999999999998
2024-03-23,-0.008650433477489936,1,0.00036121440484498637,0.3,0.0011068113606038424,0.05,0.0004935220375521519,0.9999999999999998
2024-03-24,-0.006177017714819394,1,0.001985790807392959,0.3,-0.007355213627643479,0.3,0.044000514147257794,0.9999999999999998
2024-03-25,0.04021079798902198,1,0.0002479103167679568,0.15000000000000002,-0.00014678790249968187,0.3,0.03946375121021494,0.9999999999999998
2024-03-26,-0.004036418859279647,1,0,0.05,0,0,0.0003395859827933777,0.9999999999999998
2024-03-27,0.008771070728113563,1,0.00545600132133427,0,0,0,-0.01570402464033521,0.9999999999999998
2024-03-28,-0.0019873217836158825,1,-0.0008794166094114644,0.3,-0.0006351184179011397,0.05,0.017900019038344813,0.9999999999999998
2024-03-29,0.005611211908366619,1,-0.0014803486679713842,0.3,-0.00018507091708329425,0.3,-0.013696919288638362,0.9999999999999998
2024-03-30,-0.005577293557396359,1,0.00498282193372961,0.3,0.00017136864255667204,0.1,-0.0025036231819727246,0.9999999999999998
2024-03-31,-0.0033761192192326463,1,-0.0058329788780501985,0.3,0.000442590781357012,0.1,0.032116600652641096,0.9999999999999998
2024-04-01,0.006182519774053419,1,0,0.3,0,0.05,-0.030842350128945366,0.9999999999999998
2024-04-02,-0.008949268225465856,1,0.0001773808576740521,0,0,0,-0.06213420573100968,0.9999999999999998
2024-04-03,-0.003999600583104081,1,0,0.05,0,0,0.005895119153047855,0.7142857142857142
2024-04-04,-0.0016600356103001765,1,0.0009146624337649882,0,0,0,0.008972897203844277,0.42857142857142855
2024-04-05,-0.00799617434859014,1,0.007730887518257759,0.1,0.004148123543066276,0.05,-0.002701833227642487,0.42857142857142855
2024-04-06,-0.004518537101156956,1,0.0010829808063338078,0.3,-0.0008324406277401977,0.3,0.0015589518505710553,0.14285714285714285
2024-04-07,-0.00950339261812869,1,-0.0002383671734867221,0.3,-0.0028800689189311013,0.3,-0.0029396874371147635,0.14285714285714285
2024-04-08,-0.003288955914108184,1,0,0.05,0,0.1,-0.021867602762602394,0.42857142857142855
2024-04-09,-0.017405813886880707,1,0,0,0,0,0.030572239632358316,0.7142857142857142
2024-04-10,0.014766247158280073,1,-0.001148462813614742,0,0,0,-0.011399249498779278,0.7142857142857142
2024-04-11,0.007908208038110928,1,-0.0036662557568304236,0.1,0,0,0.007812428128162181,0.7142857142857142
2024-04-12,-0.015105283025948386,1,0,0.3,0,0,0.0585722811350529,0.9999999999999998
2024-04-13,-0.0015407386893638059,1,0,0,0,0,0.059664975732949176,0.9999999999999998
2024-04-14,0.018144841275808496,1,0,0,0,0,-0.03791470812225468,0.9999999999999998
2024-04-15,0.009074269027316983,1,0,0,0,0,0.025618017468927057,0.9999999999999998
2024-04-16,-0.008099623871178428,1,-0.0018363851651110963,0,-0.00042118228108734,0,0.00021051924367171166,0.9999999999999998
2024-04-17,-0.004658543747440254,1,0.00461131971816917,0.3,0.0005568320215427321,0.1,0.03584491766480726,0.9999999999999998
2024-04-18,0.009659367711741964,1,-0.007564359912636519,0.2,0,0,-0.031064779209090627,0.9999999999999998
2024-04-19,0.003441741832342012,1,0.004873207719655283,0.3,-0.004379672940254977,0.05,-0.00120719413085234,0.9999999999999998
2024-04-20,-0.012118701302180875,1,0,0.3,0,0.3,-0.02494755206970962,0.9999999999999998
2024-04-21,0.016722330300641047,1,0.0021653210028753163,0,0,0,0.0013725798970663265,0.9999999999999998
2024-04-22,0.00010648772975539595,1,-0.0016961471584775155,0.1,0.0023709591568756424,0,-0.022776012757882488,0.9999999999999998
2024-04-23,-0.009081519603099388,1,-0.0014527980392265362,0.3,0.0002172082602712635,0.2,-0.00021839899776999279,0.7142857142857142
2024-04-24,-0.010834054180869686,1,0,0.3,0,0.25,0.02024609560455117,0.7142857142857142
2024-04-25,0.008880277740677291,1,0,0,-0.0007876134722532697,0,-0.00280718331571714,0.7142857142857142
2024-04-26,0.009402906731874145,1,0,0,0,0.05,0.006942506294788229,0.7142857142857142
2024-04-27,-0.01046145562850717,1,-0.0015009711866684938,0,0,0,-0.012339180065332408,0.7142857142857142
2024-04-28,-0.0053992225812663185,1,-0.0015629915160841393,0.25,0,0,0.0011687642658787033,0.7142857142857142
2024-04-29,0.002189204599167776,1,0,0.1,0,0,0.0010447440276991759,0.7142857142857142
2024-04-30,-0.0027147867647936688,1,0,0,0,0,0.056423930660502046,0.9999999999999998
2024-05-01,0.005398825476177108,1,0.003001064495045057,0,0.0008336586420618914,0,0.026098275057726304,0.9999999999999998
2024-05-02,0.006905555794695589,1,-0.002740956155249933,0.2,0.00017603442951212854,0.15000000000000002,-0.008139460730839524,0.9999999999999998
2024-05-03,0.0014125807639642487,1,0.0007968217539846592,0.3,0,0.1,-0.05175999799106489,0.9999999999999998
2024-05-04,0.0092811594674401,1,0,0.1,0,0,-0.010164065192554271,0.9999999999999998
2024-05-05,-0.0008990643831922115,1,0.00014027184998531084,0,0,0,-0.0038836659417670815,0.9999999999999998
2024-05-06,0.0024599427481761535,1,0.0002090011218569998,0.05,0,0,0.018576946192541622,0.9999999999999998
2024-05-07,0.0012958726037457574,1,-0.0023531319814369452,0.15000000000000002,0.0018480003491363277,0,0.01621388146060763,0.9999999999999998
2024-05-08,-0.0009999339667082691,1,0.003086980785655669,0.2,0.0024261320883811094,0.05,0.01445636257569645,0.9999999999999998
2024-05-09,0.00460356204023856,1,-0.005676614802547192,0.25,0.00046598045022824407,0.15000000000000002,-0.025595677716737344,0.9999999999999998
2024-05-10,-0.0064911007300603825,1,-0.0006331932102564224,0.3,0,0.1,0.039044603392217464,0.9999999999999998
2024-05-11,0.00487221987631712,1,-0.0018790055433862563,0.2,0,0,-0.00046492236691938007,0.9999999999999998
2024-05-12,0.012306743012772483,1,0.00046528378514904033,0.3,0,0,-0.008169892820998148,0.9999999999999998
2024-05-13,-0.0029526095300032194,1,-0.0005654619990273205,0.05,0.000949498230645304,0,-0.015176885405713303,0.9999999999999998
2024-05-14,-0.009017143173802731,1,-0.0006563249060291128,0.3,-0.0002030393698134958,0.05,0.022784017290309818,0.9999999999999998
2024-05-15,-0.003872691371073265,1,-0.0005909015117676972,0.05,-0.0008555259787153773,0.05,-0.06362213801127332,0.9999999999999998
2024-05-16,0.004997764471497708,1,0,0.05,0,0,0.015437847218305108,0.7142857142857142
2024-05-17,0.009734828936248144,1,0.00041100482866431774,0.05,5.722965881295749E-05,0,-0.027581241081076804,0.7142857142857142
2024-05-18,-0.006701833397537465,1,-0.0006954089179232597,0.3,0.0010980170751713559,0.15000000000000002,-0.00203383696897923,0.42857142857142855
2024-05-19,-0.004277538959769582,1,0.0004687136722673131,0.3,0,0.1,0.00159467419373648,0.14285714285714285
2024-05-20,-0.008473713019679224,1,0.0010773174167204615,0.05,0,0,0.019010602542507905,0.14285714285714285
2024-05-21,-0.008824245346756686,1,0.00034058009034697534,0.2,0,0,0.0032849218430555174,0.42857142857142855
2024-05-22,-0.003083733916502026,1,0.0041279734619390634,0.1,-0.0024161406650637218,0.15000000000000002,-0.010186575265235706,0.7142857142857142
2024-05-23,0.012537703959827728,1,0,0.3,0,0.25,-0.0017966409673392638,0.7142857142857142
2024-05-24,-0.00041404569686593305,1,0.002325340158239669,0,-0.0002922088524435367,0.05,-0.0033414608416253754,0.9999999999999998
2024-05-25,0.004722407784484079,1,-0.0014911159676612442,0.3,0.00031208530210960814,0.25,0.008213967172170709,0.9999999999999998
2024-05-26,-0.0008569254606688428,1,0.0038443680847910855,0.3,5.38038154768401E-05,0.2,0.004648733065853116,0.9999999999999998
2024-05-27,-0.003948510197572484,1,-0.0004392369413717461,0.3,0,0.2,0.015630011285428066,0.9999999999999998
2024-05-28,-0.005342915304184652,1,-0.00031511381361406165,0.2,0.00015969635046735674,0.1,-0.013832836004674994,0.9999999999999998
2024-05-29,0.004262520386820464,1,-0.001065315593102696,0.3,-7.726007357791786E-05,0.15000000000000002,-0.01549959446751847,0.9999999999999998
2024-05-30,0.004288819514521824,1,-0.00100649662279352,0.05,0.0006578309377780442,0.05,0.0025784571385372153,0.9999999999999998
2024-05-31,-0.011614489141652137,1,0.00016851560021905243,0.3,0.0017464756885333373,0.1,-0.004021254737920475,0.9999999999999998
2024-06-01,-0.002233817258825049,1,-0.0014844108038914784,0.3,0.0004754447613988759,0.3,0.008793245199986142,0.9999999999999998
2024-06-02,0.007129513029760454,1,0.0009710663170633324,0.3,0.0007311793253627456,0.2,-0.004582068316368869,0.9999999999999998
2024-06-03,0.027000140995037458,1,0.003725617243769193,0.3,0.003696545662447761,0.15000000000000002,0.005873448445748329,0.9999999999999998
2024-06-04,-0.01989563290370642,1,0.003247346821018482,0.3,-0.0031308459747847336,0.25,0.018284488702371756,0.9999999999999998
2024-06-05,0.001354900674941983,1,-0.0015206919988327173,0.2,0,0.1,0.011360046006412269,0.9999999999999998
2024-06-06,-0.0015387453480247618,1,-0.00017771979534472848,0.15000000000000002,0,0,-0.008966173180578517,0.9999999999999998
2024-06-07,-0.013452360369093296,1,0,0.05,0,0,-0.02791545475074108,0.9999999999999998
2024-06-08,0.01753363819626448,1,0,0,0.0011642319103711998,0,0.00011907327407917329,0.9999999999999998
2024-06-09,-0.0003638709970892459,1,-0.0008981152671683504,0,0,0.05,0.005806903439176668,0.9999999999999998
2024-06-10,-0.013724360421571045,1,0,0.05,0,0,-0.005976866594031848,0.9999999999999998
2024-06-11,0.0006882996842579828,1,0.0025414541713939796,0,-8.812912728444644E-06,0,-0.03924874855667126,0.9999999999999998
2024-06-12,-0.0006591018565647434,1,-0.00016184977728789818,0.1,0.00242440065189453,0.1,0.01603287820557586,0.9999999999999998
2024-06-13,0.0054210323011412145,1,0.0002345336621410752,0.05,0,0.05,-0.02366313242744788,0.9999999999999998
2024-06-14,-0.0009519376398154575,1,0.0006173708630785768,0.05,0,0,-0.003671889652114679,0.9999999999999998
2024-06-15,0.00635702772951696,1,0.0016649794121267405,0.05,0.001665000974352779,0.1,0.013881336947169084,0.9999999999999998
2024-06-16,0.0054752029761917995,1,-0.00700610582634522,0.3,0.0007170607797145294,0.3,0.011185096444080608,0.9999999999999998
2024-06-17,-0.009672848361273297,1,0,0.2,0,0.05,-0.016874244071252372,0.9999999999999998
2024-06-18,-0.005056440425732804,1,0,0,0,0,-0.013985959562546165,0.9999999999999998
2024-06-19,0.008193586160258797,1,0,0,0,0,0.009523663781216716,0.9999999999999998
2024-06-20,0.01119976383629239,1,0.003280988859012041,0,0.0018281301994993555,0,-0.005631287480540529,0.7142857142857142
2024-06-21,0.007042912798119921,1,-0.0009357451732541904,0.3,-0.0011458941136986596,0.1,-0.0023690225619161,0.42857142857142855
2024-06-22,0.0027471003574483046,1,-0.0021987394220839176,0.3,-0.0010282151745761893,0.25,-0.0006297387411597844,0.14285714285714285
2024-06-23,0.00013248949348112392,1,0,0.3,0,0.2,0.002409558125734393,0.14285714285714285
2024-06-24,0.0015629367641603392,1,0,0,-5.1856792177886744E-05,0,0.014007026240216663,0.42857142857142855
2024-06-25,-0.01425459368453905,1,0.00045950708517921156,0,0,0.05,-0.013632125437342988,0.7142857142857142
2024-06-26,-0.008983706448280723,1,0.0011192260264674587,0.3,0.0006205060029715241,0,0.011120814208681613,0.9999999999999998
2024-06-27,-0.0048253019469363615,1,-0.00038814162458947974,0.2,0,0.1,-0.018278657454360487,0.9999999999999998
2024-06-28,-0.001483861952972528,1,-0.0014436002196105164,0.25,0,0,0.020746161065592367,0.9999999999999998
2024-06-29,0.008279649417850598,1,0,0.2,0,0,-0.0040243323207280295,0.9999999999999998
2024-06-30,-0.007731987221141892,1,0.0022415833346269664,0,0,0,-0.023121232348419854,0.9999999999999998
2024-07-01,-0.005773111854032317,1,0.0026657754008110714,0.15000000000000002,0.0012621114469357052,0,-0.0013070066057766171,0.9999999999999998
2024-07-02,-0.0013633068729828344,1,-0.005941612644378893,0.3,0.0005208669438472953,0.1,0.009406010852489296,0.9999999999999998
2024-07-03,0.0020289488687825524,1,0.00013152648301661428,0.3,0,0.05,0.034198882612377496,0.9999999999999998
2024-07-04,-0.004579398319383905,1,-0.0016112995374846833,0.05,0,0,0.062304719502204085,0.9999999999999998
2024-07-05,-0.0007412277933197705,1,0,0,0,0,0.016628255675298957,0.9999999999999998
2024-07-06,-0.0025036237649076294,1,0,0,0,0,-0.028282782080431817,0.9999999999999998
2024-07-07,0.0014474629021231254,1,0,0,0,0,0.042838541942123644,0.9999999999999998
2024-07-08,-0.00023421357109406298,1,0.0035923279079331676,0,0.0014244009430581172,0,-0.022451462966669174,0.9999999999999998
2024-07-09,0.001802385588882939,1,0.0017125841409288114,0.25,-0.00034573561293859713,0.15000000000000002,-0.01949570105840032,0.9999999999999998
2024-07-10,-0.0003693854915637282,1,0.004700856355666474,0.3,-0.002513990152399174,0.3,-0.002686251913942216,0.9999999999999998
2024-07-11,0.0009855019827176965,1,0.0006657659667368989,0.3,0.00027167774415261193,0.25,0.003907878455370122,0.9999999999999998
2024-07-12,0.008382800903647266,1,0.0038438412491218514,0.2,0.002151619140717912,0.05,-0.010138909015585128,0.9999999999999998
2024-07-13,-0.0023407371281024708,1,0.00023415344584668674,0.3,-0.002137264327416233,0.3,-0.017798624034986853,0.9999999999999998
2024-07-14,-0.009619641856624749,1,0,0.15000000000000002,0,0.15000000000000002,-0.02418734349692465,0.9999999999999998
2024-07-15,-0.002985696412542443,1,0,0,0,0,-0.06891306039052891,0.9999999999999998
2024-07-16,0.012446363954577336,1,0.0002873124502980318,0,0,0,0.0032859938781403504,0.9999999999999998
2024-07-17,0.006319243655487077,1,-0.0002415417516060643,0.05,0.0002215606444271998,0.1,0.015780859020101876,0.9999999999999998
2024-07-18,-0.0175643742227066,1,9.812518658554836E-05,0.3,0,0.2,-0.004926187137395763,0.9999999999999998
2024-07-19,-0.0010603325484495633,1,0.0006953172400837957,0.05,0.00040979235429608707,0,-0.03198339888226119,0.9999999999999998
2024-07-20,0.0019195657618002854,1,-0.002588268014304731,0.3,0.0014644643314652513,0.05,-0.004218802113765434,0.7142857142857142
2024-07-21,0.00257580491226449,1,-0.001984586882221265,0.3,0,0.1,-0.004630909378125037,0.42857142857142855
2024-07-22,0.0055242735787757475,1,-0.0003858649631843036,0.15000000000000002,0,0,0.00233211826969469,0.14285714285714285
2024-07-23,-0.004048640713415739,1,-0.002899214777324232,0,0.0015119070495877623,0,-0.0010972068778206125,0.14285714285714285
2024-07-24,-0.009013700848354352,1,0,0.3,0.0013885072954367389,0.1,-0.01114603936131388,0.42857142857142855
2024-07-25,0.001532144818441647,1,0.0006940256918603609,0,-2.8191179916575492E-05,0.05,-0.015151606689576918,0.7142857142857142
2024-07-26,0.004254369248431382,1,0.0007913024406800559,0.05,0,0.05,0.022590958738851037,0.7142857142857142
2024-07-27,0.01316964530397644,1,-0.00029784813006040166,0.05,0.00011805282928594352,0,-0.0028525866978544785,0.7142857142857142
2024-07-28,-0.0038193622306507006,1,0.00036682617527139885,0.25,0.0009720439539150903,0.05,0.004184859912683929,0.7142857142857142
2024-07-29,0.005093419704005279,1,-0.0024551974311500546,0.05,0,0,-0.002479602302782641,0.7142857142857142
2024-07-30,0.0018056437596135474,1,-0.0014348566719581868,0.25,0.001315395862781088,0,-0.007331032973323302,0.7142857142857142
2024-07-31,0.005900538891492794,1,0.0006124547795611762,0.2,-0.002085368276284498,0.1,-0.013477559194080873,0.7142857142857142
2024-08-01,0.0012759519168952936,1,0,0,0,0.05,0.0001623818123158216,0.42857142857142855
2024-08-02,0.0068517366739057626,1,-0.00237888839023617,0,0,0,-0.026943277556110146,0.42857142857142855
2024-08-03,0.0032573153486822955,1,0,0.05,0,0,-0.0032833633339128423,0.14285714285714285
2024-08-04,0.0006856262632507742,1,0,0,0,0,-0.008268009304932235,0.14285714285714285
2024-08-05,0.008249834887098535,1,0.002152658532118494,0,0,0,0.011940724530605367,0.14285714285714285
2024-08-06,-0.016563518348386347,1,-0.0019086159314890664,0.15000000000000002,0.0001323046489872013,0.1,-0.011960048893845306,0.42857142857142855
2024-08-07,-0.0007825827237674176,1,0,0.25,0,0.15000000000000002,0.022531797633470955,0.7142857142857142
2024-08-08,-0.0017670565039500006,1,0.00031498376448371344,0,0,0,-0.09421567050697863,0.7142857142857142
2024-08-09,-0.011944576574610816,1,0.0028230059551781323,0.05,-0.00063166472080934,0,0.016055767201676178,0.7142857142857142
2024-08-10,-0.0002461055458765075,1,0,0.2,0,0.05,-0.0020138903493459306,0.7142857142857142
2024-08-11,-0.0036794880510294414,1,0,0,0,0,0.028307768907598434,0.9999999999999998
2024-08-12,0.0036553299765513755,1,0.0013410269251364752,0,0,0,-0.037891278003864576,0.9999999999999998
2024-08-13,-0.001702193169671816,1,0.0012968949464179788,0.2,0,0,-0.006865035392213635,0.9999999999999998
2024-08-14,-0.0013080342182152961,1,-0.003486183894781334,0.3,-0.0010097530100492804,0.05,0.02323048428695666,0.9999999999999998
2024-08-15,0.0032006703914907175,1,0.0006988627761033968,0.3,0,0.05,0.026913238866579075,0.9999999999999998
2024-08-16,0.0011231082708244972,1,0.001024840497697369,0.1,-0.0006258201224979984,0,-0.016018168843495086,0.9999999999999998
2024-08-17,-0.013693514401481066,1,0.003986506878929504,0.3,-0.0013382209740771033,0.3,-0.009431414253269538,0.9999999999999998
2024-08-18,-0.00747374094408159,1,0,0.3,0,0.3,0.00931610658551286,0.9999999999999998
2024-08-19,0.0059177067899306235,1,0,0,0,0,-0.013342492410817032,0.9999999999999998
2024-08-20,0.014741280402937606,1,0.00043748006556802466,0,-0.0006827158320425042,0,0.015635298081855608,0.9999999999999998
2024-08-21,-0.0006569448920992538,1,0.00013503092706991992,0.05,0.00016877461148465044,0.05,-0.029414289567576236,0.9999999999999998
2024-08-22,-0.003184461222412091,1,0.0014044840712485894,0.05,-0.0002770786231053535,0.05,0.007879571693761139,0.9999999999999998
2024-08-23,-0.024620514439711593,1,0,0.05,0,0,-0.05692520124097104,0.9999999999999998
2024-08-24,-0.015436813987295609,1,0,0,0,0,-0.001939195698207445,0.9999999999999998
2024-08-25,0.0026756478797469513,1,-4.429314246021931E-05,0,0,0,0.003523610109303067,0.9999999999999998
2024-08-26,0.004510690361941821,1,-0.00046585133356961706,0.05,0,0,0.022836806708195944,0.9999999999999998
2024-08-27,-0.001295574626371998,1,0,0.1,0,0,0.06894011539059254,0.9999999999999998
2024-08-28,0.010562616860830302,1,-0.0008805064527484774,0,0,0,-0.011225601927001123,0.9999999999999998
2024-08-29,-0.005753164236049906,1,-0.0005681084861262207,0.05,0,0,-0.002574902373824801,0.9999999999999998
2024-08-30,-0.001002786440541811,1,0.0008839435729448723,0.05,0.0006179482092968556,0,0.0023842839569582315,0.9999999999999998
2024-08-31,-0.001319764963114178,1,-0.0027818564062918084,0.3,0.000395384240079693,0.05,0.003994895130895598,0.9999999999999998
2024-09-01,0.009552199608360859,1,0,0.3,0,0.05,0.03157358149517047,0.9999999999999998
2024-09-02,-0.003907390195562627,1,-0.0001795555982737369,0,0,0,-0.039032067750040145,0.9999999999999998
2024-09-03,0.0010016392219856238,1,0,0.05,0,0,0.03626116433226404,0.9999999999999998
2024-09-04,-0.004244882475884243,1,-0.000346669726166283,0,0,0,-0.009355685932212131,0.9999999999999998
2024-09-05,-0.00190159327742094,1,0.0008312896357560931,0.2,0.002195773294705759,0.05,0.02272582242336912,0.7142857142857142
2024-09-06,0.003696565416326938,1,-0.00011193154256670823,0.3,0.0010887332128324942,0.05,0.035775484761225794,0.7142857142857142
2024-09-07,-0.00998146119283521,1,0.002490597739726127,0.2,-0.0014574107318105689,0.15000000000000002,-0.00908111208128624,0.7142857142857142
2024-09-08,-0.001440499090750892,1,0,0.25,0,0.1,-0.008448800493975825,0.7142857142857142
2024-09-09,-0.0005651294603960859,1,0.0006007950995090141,0,0,0,-0.02385900612700758,0.7142857142857142
2024-09-10,-0.003002809302710673,1,-0.0005708260610470007,0.1,0,0,-0.008159090290006103,0.7142857142857142
2024-09-11,-0.0023013887186279954,1,0.0012090177842942467,0.05,0,0,0.008996378608504158,0.7142857142857142
2024-09-12,-0.0006235429215827185,1,0.0011126711015497222,0.1,-0.0005917766499160279,0,-0.011735783968753077,0.9999999999999998
2024-09-13,-0.020921298256195868,1,0,0.25,0,0.05,-0.036747449159309636,0.9999999999999998
2024-09-14,0.010237392024322499,1,-0.003659788722325857,0,0.0007364353977891369,0,0.008568831722164952,0.9999999999999998
2024-09-15,0.02116544350889232,1,0,0.3,0,0.05,0.028257180724982994,0.9999999999999998
2024-09-16,0.0030598884553196147,1,-0.00023372711669844649,0,0,0,0.012181845644428336,0.9999999999999998
2024-09-17,-0.016596136264897834,1,-0.0018223014980214885,0.05,-0.00019402381026429794,0.05,-0.027892909195630082,0.9999999999999998
2024-09-18,0.00035718283096073224,1,0.0006610803962469162,0.15000000000000002,0,0.05,-0.01890756237640961,0.9999999999999998
2024-09-19,0.010450225646497153,1,8.50233163091616E-05,0.05,0,0,-0.028487726767536515,0.9999999999999998
2024-09-20,-0.006094875438907805,1,0.005759106729971563,0.1,0.002681733629672635,0,-0.015582583210596374,0.7142857142857142
2024-09-21,-0.009431104308185872,1,-0.004163683947503159,0.3,-0.0005668270474777728,0.2,-0.0049569072051854285,0.42857142857142855
2024-09-22,0.005322973606986263,1,0.0036384591689793523,0.3,0.0009570241765725313,0.1,0.00032763493957907246,0.14285714285714285
2024-09-23,-0.009905532842383375,1,0.0026017162159982943,0.3,-0.0012116026197377323,0.2,-0.001539344216915858,0.14285714285714285
2024-09-24,0.010868705253698483,1,0.0042803528669210205,0.3,-0.0013036320819164757,0.3,-0.0011970222775333308,0.14285714285714285
2024-09-25,0.005702256000428429,1,-0.0007730456237306953,0.3,0,0,0.003211168737038876,0.14285714285714285
2024-09-26,0.0009334023397376853,1,0.005791757511055721,0.25,-0.001646441058300752,0.15000000000000002,-0.003685906115821744,0.14285714285714285
2024-09-27,0.004366273093576602,1,-0.0024694352213055024,0.3,0.0009702297095691392,0.3,-0.0023130210664084635,0.14285714285714285
2024-09-28,0.003798974879993166,1,0,0.3,0,0.05,0.0004303962019066576,0.14285714285714285
2024-09-29,0.0053496296271687395,1,0.0012101418490542528,0,0,0,0.0007753688609556316,0.14285714285714285
2024-09-30,0.004268012234194368,1,-0.000430626499013897,0.1,-0.00036905432215917245,0,-0.004264858244731124,0.14285714285714285
2024-10-01,-0.005014962562503435,1,0,0.05,0,0.05,-0.02155541785252727,0.42857142857142855
2024-10-02,-0.0005300616991830748,1,0,0,0,0,-0.013424996392743383,0.7142857142857142
2024-10-03,-0.01150136954681492,1,0,0,-0.0002698021296537263,0,-0.0015496072230283021,0.7142857142857142
2024-10-04,0.010660644482115568,1,-0.001746735180440055,0,-6.365916834261042E-05,0.1,0.017657846565754528,0.7142857142857142
2024-10-05,0.00018582827410944648,1,0.0023096773817112533,0.3,0.00032031129466304265,0.05,-0.00012402903849898346,0.7142857142857142
2024-10-06,0.0008400742328193377,1,0.00023093684817968098,0.25,5.8677524296172125E-05,0.2,0.008135620130361175,0.7142857142857142
2024-10-07,0.0035156442620507666,1,0.0024035941033998826,0,0.0012692936195699076,0,-0.005922910214420214,0.7142857142857142
2024-10-08,-0.008441160226304678,1,-0.003381965548671815,0.3,0.00018166077735349973,0.05,0.002315484761760292,0.7142857142857142
2024-10-09,0.0017007883944587495,1,0.0002557756667592912,0.3,0.000152230013190092,0,-0.019061147847414882,0.7142857142857142
2024-10-10,0.0042684000284290684,1,0.0016526075797692102,0.05,-0.0007555549766448166,0.05,0.0005260558367478295,0.9999999999999998
2024-10-11,0.00649289698964121,1,7.520566414086716E-05,0.1,0,0.1,0.029450950779490663,0.9999999999999998
2024-10-12,-0.0026669604551033304,1,0.00018420430202445459,0.05,0,0,0.012891617705934496,0.9999999999999998
2024-10-13,0.003957135632239165,1,0,0.1,0,0,-0.0041698838896660475,0.9999999999999998
2024-10-14,-0.004529789433746249,1,0,0,0,0,0.05813953598679898,0.9999999999999998
2024-10-15,0.0008214561296048505,1,0.004543418795583421,0,0,0,0.003236433324729059,0.9999999999999998
2024-10-16,-0.0006754587780170183,1,-0.0026217705497865607,0.3,0,0,0.004776678108161846,0.9999999999999998
2024-10-17,-0.004692683118467052,1,0.003151856514899009,0.3,-0.0009107730719297251,0,-0.0024825034615771338,0.9999999999999998
2024-10-18,0.0014005834264966344,1,-0.00023381687334335765,0.25,-0.00065942831582106,0.1,0.014442663114608397,0.9999999999999998
2024-10-19,0.004306762951543648,1,0.0027280000036362254,0.15000000000000002,0.000963072448089406,0.05,0.0007757599268092272,0.9999999999999998
2024-10-20,-0.030674244421360918,1,-0.003108950544631625,0.2,0.0008242922647730211,0.05,0.023419501247651683,0.9999999999999998
2024-10-21,0.00524952802850378,1,0.00011752631056242536,0.1,0,0.05,-0.02658179410987243,0.9999999999999998
2024-10-22,-0.006608161949285521,1,0.0009046403001366344,0.1,0,0,-0.007871129601935976,0.9999999999999998
2024-10-23,0.007846783588252365,1,0.0005458037460418836,0.3,0,0,-0.02433851669726222,0.9999999999999998
2024-10-24,-0.00854746422076952,1,2.0765462434383153E-05,0.05,0,0,0.013693942913167943,0.9999999999999998
2024-10-25,-0.003420736686699112,1,0,0.15000000000000002,0,0,-0.029766056504891884,0.9999999999999998
2024-10-26,0.00993659561635987,1,0.0006264619850221607,0,0.0010174176924463154,0,0.007940462867885521,0.7142857142857142
2024-10-27,-0.004487968831340146,1,-0.002841432902985389,0.15000000000000002,0.0006425417702103004,0.05,0.004849870345878041,0.42857142857142855
2024-10-28,-0.0046113784668784415,1,0.0006325124994939415,0.3,-0.0001616158327346966,0.1,0.0034378355585165886,0.14285714285714285
2024-10-29,0.005556585912286398,1,-0.00047060115663612124,0.05,0,0.05,0.004816217352310954,0.14285714285714285
2024-10-30,0.005300589584604029,1,-0.003920219315428767,0.25,0,0,0.00016731061669122174,0.14285714285714285
2024-10-31,-0.002664772084477752,1,-0.0004984831650251635,0.3,0,0,-0.005802866987688987,0.14285714285714285
2024-11-01,0.017383649793920885,1,-0.0007084305357993798,0.05,0,0,-0.001010806236479343,0.14285714285714285
2024-11-02,-0.007308891512085027,1,0,0.05,0,0,-0.0021465563588302663,0.42857142857142855
2024-11-03,0.0013461431345877881,1,-0.00034442621545281325,0,0,0,-0.008608727760109363,0.7142857142857142
2024-11-04,-0.004524588766469425,1,0.0012381015101593676,0.05,0.0005984491101851291,0,-0.019140589596604612,0.9999999999999998
2024-11-05,0.01998080755410268,1,0,0.05,0,0.05,0.0163009584062187,0.9999999999999998
2024-11-06,-0.014637406504424126,1,0,0,0,0,0.10645481454279601,0.9999999999999998
2024-11-07,-0.007857938104664376,1,0.005706279423370461,0,0.001027195285984817,0,0.03377946016285937,0.9999999999999998
2024-11-08,-0.007778461941196761,1,0.001614555515553775,0.3,-0.004105047817612558,0.3,0.015742249233777535,0.9999999999999998
2024-11-09,0.0014742190287076534,1,0,0.3,-0.00254466304196626,0.3,0.028858110313599077,0.9999999999999998
2024-11-10,-0.01435677821888693,1,0,0,0,0.05,0.03319495726223908,0.9999999999999998
2024-11-11,-0.004012218294727995,1,-0.0017215867389124924,0,-0.0014655484476227229,0.05,0.08109053882686576,0.9999999999999998
2024-11-12,-0.0036594905263834555,1,0,0.05,0,0.05,-0.02287812084023638,0.9999999999999998
2024-11-13,0.00519338271986589,1,0,0,0,0,0.005046765911635052,0.9999999999999998
2024-11-14,0.01330802812704532,1,0,0,0.0007963696323977274,0,-0.03700747510837337,0.9999999999999998
2024-11-15,-0.006408472169352127,1,0.0009383027491292068,0,-0.0010230456439089721,0.05,0.02632226680486793,0.9999999999999998
2024-11-16,0.0016291209320961932,1,-0.003493341812067456,0.1,0.0026173722320552316,0.1,0.004497620766986619,0.9999999999999998
2024-11-17,0.001451459815255304,1,0.0019645156014587426,0.2,0,0.1,-0.013119776246368117,0.9999999999999998
2024-11-18,0.026060403009016523,1,-0.004840565417147218,0.15000000000000002,-0.0013775638312615683,0,0.024810940250509003,0.9999999999999998
2024-11-19,0.002896192310103224,1,-0.00041144494390141516,0.3,0,0.15000000000000002,-0.005436090612287168,0.9999999999999998
2024-11-20,0.005407898189808908,1,0,0.05,0,0,0.004671004810878843,0.9999999999999998
2024-11-21,-0.004993823399623031,1,0.0070876794377034,0,0.017556453923542676,0,0.06793959171822449,0.9999999999999998
2024-11-22,-0.0003578525087145016,1,0.0011376858158073447,0.3,-0.017283268241989846,0.3,-0.0012630805964554677,0.9999999999999998
2024-11-23,-0.007098614401934768,1,0,0.05,0,0.15000000000000002,0.0037697306078143256,0.9999999999999998
2024-11-24,0.011522824756061891,1,0,0,0,0,-0.0036520771619662487,0.9999999999999998
2024-11-25,0.005877433963243347,1,0,0,0,0,-0.017048938046582078,0.9999999999999998
2024-11-26,0.004766351538251812,1,0.0012832015046942615,0,-0.0001753119354223145,0,-0.018759387637725052,0.9999999999999998
2024-11-27,-0.0028235668197980172,1,0.013547689823112023,0.05,0.0020839658466707076,0.05,0.07059940730416923,0.9999999999999998
2024-11-28,0.007050688107031106,1,-0.006350564943106065,0.3,0.006907197640911818,0.3,-0.011335118409052157,0.9999999999999998
2024-11-29,-0.0018595942131746294,1,0.006367137795053623,0.3,-0.009874175426185275,0.3,0.011368521952721531,0.9999999999999998
2024-11-30,0.0027887990656887207,1,-0.0025442904127535256,0.3,0.0008858597286737222,0.2,0.01010441885367885,0.9999999999999998
2024-12-01,0.0006183782125133904,1,0,0.2,0,0.05,0.004573399180557768,0.9999999999999998
2024-12-02,-0.014978407432007094,1,0,0,0,0,-0.015572687715498575,0.9999999999999998
2024-12-03,-0.03441691267266077,1,9.150409820131245E-05,0,0,0,-0.0039214173371977515,0.9999999999999998
2024-12-04,0.029424181041497723,1,-0.0025949418134123335,0.1,0,0,0.045168853709100606,0.9999999999999998
2024-12-05,-0.0008336954165604927,1,0.0026813543619341545,0.25,0,0,-0.015177652371386293,0.9999999999999998
2024-12-06,0.013023139896896149,1,0.003287828807762935,0.15000000000000002,0.0009381905592406383,0,0.04263938437301838,0.9999999999999998
2024-12-07,-0.002665368982081755,1,-0.005427016588585729,0.3,0.00026906123476987885,0.05,0.00012559058608019308,0.9999999999999998
2024-12-08,-0.016959281642087726,1,-0.002811295115734083,0.3,0,0.05,0.0073909882422282785,0.9999999999999998
2024-12-09,0.0015503514586822234,1,0,0.1,0,0,-0.05543617336371996,0.9999999999999998
2024-12-10,0.00039790232996817214,1,0,0,0,0,-0.014795407006843838,0.9999999999999998
2024-12-11,0.00601456974706779,1,0,0,0,0,0.051514181583752525,0.9999999999999998
2024-12-12,0.011510473368419203,1,0.0015054841975679664,0,0.0016914806333752494,0,0.0009543964592012557,0.9999999999999998
2024-12-13,-0.0010882479178758013,1,-0.002771933209945928,0.2,0.000655502344103752,0.05,0.01034552952282641,0.9999999999999998
2024-12-14,0.002775281571586713,1,0.0009816848609857517,0.3,0,0.05,-0.004692244576075032,0.9999999999999998
2024-12-15,0.0018806944766603922,1,-0.0009797883351031942,0.05,0,0,0.026477539718622316,0.9999999999999998
2024-12-16,-0.0014062592077360456,1,0.0007779600833105178,0.15000000000000002,0,0,0.01106140052837434,0.9999999999999998
2024-12-17,-0.002976002139883413,1,-0.000631524956063231,0.1,0,0,-0.011339975038750947,0.9999999999999998
2024-12-18,0.006377127853596459,1,0,0,0,0,-0.06212594632114303,0.9999999999999998
2024-12-19,-0.0038331441907512023,1,0,0,0,0,-0.04260502600764503,0.9999999999999998
2024-12-20,-0.0047402511763448936,1,0,0,0,0,0.009838412074932744,0.9999999999999998
2024-12-21,0.004142079308355402,1,0.006301102451989891,0,0.0025947018006916094,0,-0.021817245705584628,0.9999999999999998
2024-12-22,0.0019191519539286982,1,0.010934597537849868,0.3,-0.0004680166054479287,0.2,-0.014136301341619242,0.7142857142857142
2024-12-23,-0.008505355186766638,1,0,0.3,-0.0060397188328290665,0.3,0.008200751694523547,0.42857142857142855
2024-12-24,-0.0008881277312793441,1,0.0023550409135877997,0,0.00031642684686949,0,0.004021508634415288,0.14285714285714285
2024-12-25,-0.006443323360850097,1,-0.004050742220916391,0.25,0.000562242159476682,0.1,0.0006328918404798608,0.14285714285714285
2024-12-26,-0.0031387243544505707,1,-6.487395587487299E-05,0.15000000000000002,0.002466246068247756,0.05,-0.005921627304579592,0.14285714285714285
2024-12-27,0.010311419121789607,1,0.004327236873082938,0.05,-0.0014981031878423892,0.05,-0.0011457281402901093,0.14285714285714285
2024-12-28,0.010800601771448317,1,-0.0013043478747742938,0.3,0,0.2,-0.002521622034859119,0.14285714285714285
2024-12-29,-0.001501429655197852,1,7.311415302342538E-05,0.15000000000000002,0,0,0.002199799019675695,0.14285714285714285
2024-12-30,-0.002202593213763344,1,0.0005022727677178409,0.15000000000000002,0.0010037907077185082,0,0.0006491006975142882,0.14285714285714285
2024-12-31,0.00761104119831103,1,-0.0013938404438049474,0.05,-0.0009811183751323824,0.05,-6.496278758465051E-05,0.14285714285714285
2025-01-01,-0.0023567146464961667,1,0.0005161810449199038,0.3,0.0002704130333211197,0.15000000000000002,-0.003906235141636633,0.42857142857142855
2025-01-02,-0.007446427511561601,1,0.0013597781727371513,0.1,-0.001579114412962099,0.05,-0.01924825523153586,0.7142857142857142
2025-01-03,-0.0007398099690497061,1,0.0004319994093018522,0.1,0,0.1,-0.02835084824709933,0.9999999999999998
2025-01-04,-0.0007097951007309941,1,0.0068076902342554604,0.05,0.00211533619165175,0,-0.006615435584267395,0.9999999999999998
2025-01-05,-0.00024341267334358616,1,0.007885679817940854,0.3,-0.003199909058231924,0.25,0.0024180297705101404,0.9999999999999998
2025-01-06,-0.0049563579529686794,1,-0.009370704322335768,0.3,0,0.3,-0.026455732054459016,0.9999999999999998
2025-01-07,0.004315972231536849,1,0,0.3,0,0,0.0675233361708433,0.9999999999999998
2025-01-08,0.006519955256570932,1,0,0,0,0,0.018136769909170083,0.9999999999999998
2025-01-09,0.002015690096235038,1,0.003635470704420868,0,-0.0001230923613873074,0,0.02963930841138002,0.9999999999999998
2025-01-10,-0.002457348353164626,1,0.006730570276904473,0.2,0.011177754837153315,0.1,-0.01899738048119864,0.9999999999999998
2025-01-11,0.0025805645600610857,1,-0.00906671820849101,0.3,-0.0075660071628478815,0.3,-0.0015627566933712788,0.9999999999999998
2025-01-12,-0.006398339543503713,1,0.005681115070839269,0.3,0,0.1,0.002871897096407189,0.9999999999999998
2025-01-13,0.005254116845436517,1,0.002234807178360825,0.05,0,0,0.020089540345407025,0.9999999999999998
2025-01-14,-0.014544210613847594,1,-0.0003551598967069367,0.1,-0.0005199520512776417,0.05,-0.02453134116782471,0.9999999999999998
2025-01-15,0.00805917147257981,1,-0.00023460106964625992,0.15000000000000002,0,0.05,-0.0552131650502999,0.9999999999999998
2025-01-16,-0.004199486835280284,1,0.004814971776581843,0.1,0.003576271639240531,0.05,0.02345004610975503,0.9999999999999998
2025-01-17,-0.007344561051216017,1,-0.0017221315653282545,0.3,-0.002579950837050546,0.25,-0.045162764674577735,0.9999999999999998
2025-01-18,0.0013419638949513754,1,0,0.05,0,0.05,0.02188415013931308,0.9999999999999998
2025-01-19,-0.004553551024585151,1,0,0,0,0,0.020917637515184953,0.7142857142857142
2025-01-20,-0.0012994964575938986,1,0,0,0,0,-0.010699123274268512,0.7142857142857142
2025-01-21,0.0003983598525848499,1,0.0012349583865548083,0,0,0,-0.011152330173552756,0.42857142857142855
2025-01-22,0.0018498693009097403,1,0.0002788764052497754,0.3,0,0,0.0031919435982520517,0.14285714285714285
2025-01-23,-0.003124118487341862,1,-0.0008200005612095537,0,0,0,0.0019464003304191977,0.14285714285714285
2025-01-24,0.004153947768909222,1,0.002253870397887113,0.05,0.00131383657595984,0,-0.00012500955909030057,0.42857142857142855
2025-01-25,0.003247278728879032,1,-0.0022761687800159506,0.3,-0.0021154778936781893,0.3,0.0003079632929023198,0.42857142857142855
2025-01-26,0.004727101306760201,1,-0.0003370893596920723,0.3,0.00454194060949294,0.3,-0.009913533526108282,0.42857142857142855
2025-01-27,-0.002154048175128807,1,-0.0006377979883689022,0,0,0,-0.00771236372944253,0.7142857142857142
2025-01-28,-0.0012762282645388528,1,0.0018233844758649411,0.05,0,0,-0.014366497557806127,0.7142857142857142
2025-01-29,0.004738439537989582,1,0.0009203946123086552,0.15000000000000002,-0.00046891286754726025,0.1,0.007289304420359211,0.42857142857142855
2025-01-30,0.003104836758399997,1,0.0031500961561548592,0.25,-0.0005817922557428119,0.25,0.011229981549671078,0.42857142857142855
2025-01-31,-0.0023834968454079994,1,-0.00030479644894171543,0.3,0,0.05,-0.001155172843690933,0.42857142857142855
2025-02-01,-0.000711731840693358,1,0,0.1,0,0,-0.02640276280455693,0.7142857142857142
2025-02-02,-0.008228094431284421,1,0,0,0,0,-0.023586493312897958,0.42857142857142855
2025-02-03,-0.010926616777799688,1,0,0,0,0,0.0026064949173020256,0.14285714285714285
2025-02-04,0.018823056446184337,1,-0.005668551189465689,0,0.00019362165423740407,0,0.005904176697192271,0.14285714285714285
2025-02-05,0.0006764269033920588,1,-0.003028228001099933,0.3,0,0.05,-0.0006508762387777837,0.14285714285714285
2025-02-06,-0.0022475784277329602,1,0.0006951125965410938,0.3,0,0,0.007670650213238835,0.42857142857142855
2025-02-07,-0.002447798833930195,1,0.0015588837721404617,0.05,0.0006534514001818934,0,0.008480851727865361,0.7142857142857142
2025-02-08,-0.0019234556910729399,1,-0.00020007944158851386,0.1,-0.0012129489451522203,0.15000000000000002,-0.0018449614754377506,0.9999999999999998
2025-02-09,-0.012181372132491443,1,3.9989169699992996E-05,0.15000000000000002,0.0013400930727796095,0.05,0.00103780156435116,0.9999999999999998
2025-02-10,0.001196789004843617,1,0.003900923006735866,0.15000000000000002,-0.003364361474872794,0.25,-0.011326818473823597,0.9999999999999998
2025-02-11,-0.00016244530520750596,1,0,0.2,0,0.3,0.019566637648046455,0.9999999999999998
2025-02-12,0.002483683686506196,1,0,0,0,0,-0.03687822972804739,0.9999999999999998
2025-02-13,0.005251335662505392,1,0.010273732525986361,0,-0.001907450742515266,0.1,0.018039859312690597,0.9999999999999998
2025-02-14,-0.004321921482198177,1,-0.0013866278421126026,0.3,0,0.3,-0.013810457596257113,0.9999999999999998
2025-02-15,0.0027026807442034288,1,0.0003874699590705859,0.3,0,0,0.005776292583202711,0.9999999999999998
2025-02-16,0.002506835128253986,1,0.0011844945333898522,0.05,-1.5796897045674994E-05,0,0.013429021371487425,0.9999999999999998
2025-02-17,0.00045462385588743615,1,-0.00037728987787136246,0.25,0,0.1,-0.013575549353427457,0.9999999999999998
2025-02-18,0.008302095278572692,1,0.0010056800970623953,0.05,0.0008004180185989753,0,0.013872691539094347,0.9999999999999998
2025-02-19,-0.0010560513108559123,1,0.002977840631321442,0.2,-0.00040351116518331766,0.1,-0.013077953806100141,0.9999999999999998
2025-02-20,0.004930168524627192,1,0.0012683075535344416,0.3,-0.0008116342750529384,0.3,-0.01262664592980243,0.9999999999999998
2025-02-21,0.010587815532939828,1,0.000354216254828998,0.15000000000000002,-2.8700282434556357E-05,0.1,0.024651320145386835,0.9999999999999998
2025-02-22,-0.00046464523535927403,1,0.0013841726118550923,0.1,-0.0005644411146099628,0.05,-0.02061431863536994,0.9999999999999998
2025-02-23,0.0059169923358547575,1,-0.001834941155849492,0.3,0,0.05,-0.008636809870743827,0.9999999999999998
2025-02-24,-0.010778795687105455,1,0,0.05,0,0,0.07882990032372482,0.9999999999999998
2025-02-25,-0.010932724337708125,1,0,0,0,0,0.019311394237668717,0.9999999999999998
2025-02-26,-0.00862942463080965,1,-0.003090231197947105,0,0,0,0.05702375857278864,0.9999999999999998
2025-02-27,-0.003415406269575097,1,0.0010831048061679667,0.3,0,0,0.0036207884289665548,0.9999999999999998
2025-02-28,-0.001783341579078228,1,0.0003430767262680092,0.1,0.0004675966832810445,0,0.017461423000300378,0.9999999999999998
2025-03-01,-0.003966535992229051,1,0.007803086812120228,0.15000000000000002,-0.002949458037489649,0.05,-0.005686395405238388,0.9999999999999998
2025-03-02,-0.021108832699816484,1,0,0.3,0,0.25,-0.11544612057810454,0.9999999999999998
2025-03-03,0.0039478241364865625,1,0,0,0,0,0.11599632673080774,0.9999999999999998
2025-03-04,0.004594852261575604,1,0.00024799376874670996,0,0,0,-0.011371159174381577,0.9999999999999998
2025-03-05,-0.001448827658631813,1,-0.0018261959036019561,0.05,0.0005788309820072754,0.05,-0.03508077961236482,0.9999999999999998
2025-03-06,-0.0051421878379978685,1,0.0012891372483748,0.3,0,0.05,0.012573781229081595,0.9999999999999998
2025-03-07,0.006789354793263031,1,-0.002123395271971276,0.2,0,0,0.03125122995482595,0.9999999999999998
2025-03-08,-0.0016609461606554203,1,-0.000675917543738251,0.3,0,0,-0.011070465181040412,0.9999999999999998
2025-03-09,-0.007292819426405324,1,0,0.1,0,0,0.07348301788835075,0.9999999999999998
2025-03-10,0.022996662706761737,1,0,0,0,0,0.05174238206692525,0.9999999999999998
2025-03-11,0.005002417349490479,1,0.003548136445331693,0,0,0,-0.043103224573234726,0.9999999999999998
2025-03-12,0.0069539755891800505,1,0.001918392173748771,0.2,0.007084412129633165,0.05,-0.0004935106116788234,0.9999999999999998
2025-03-13,0.007371221977695306,1,0.0008048329794271467,0.3,-0.0006783058301473375,0.3,0.026837286528833014,0.9999999999999998
2025-03-14,-0.0036558397785183424,1,0.00016271969498916406,0.05,0.0002771236442852114,0.15000000000000002,-0.03021253734457938,0.9999999999999998
2025-03-15,0.00020117993316304015,1,-0.0007563511717796701,0.05,0,0.1,-0.00878825464402115,0.9999999999999998
2025-03-16,0.008568928859714452,1,0.00096712063740938,0.05,0,0,0.023423030971922828,0.9999999999999998
2025-03-17,0.0035815136520395935,1,-0.0012209020176876494,0.05,0,0,-0.018979193271306007,0.9999999999999998
2025-03-18,-0.007017758932323972,1,0.0036209651714489157,0.05,0,0,0.00643383399409942,0.9999999999999998
2025-03-19,-0.011819122590449723,1,0.0006718648542582741,0.25,0.0035047275199622165,0.05,-0.05706699728357631,0.9999999999999998
2025-03-20,0.007696785252487303,1,0.0006070775673813387,0.3,-0.001597680612073873,0.15000000000000002,0.032733505163326335,0.9999999999999998
2025-03-21,-0.0033756456713493086,1,0.0006491494362110188,0.3,-6.341206794991194E-05,0.1,0.0054415688321497796,0.9999999999999998
2025-03-22,0.0032576422482267125,1,-0.00223116503461938,0.1,0.0008905299529326384,0.05,-0.002289554663811465,0.9999999999999998
2025-03-23,-0.003757337151094615,1,0.0008816921465142968,0.3,-0.0011050259089099655,0.1,-0.019707785146036574,0.9999999999999998
2025-03-24,0.0018018308207325777,1,0.001620430094289759,0.15000000000000002,0,0.1,-0.02689597301426902,0.9999999999999998
2025-03-25,0.007539020003253866,1,0.0006732155700792646,0.3,-0.0005020357730061278,0.05,0.004239062670274239,0.9999999999999998
2025-03-26,-0.00975676499331598,1,-6.948188009823753E-05,0.3,0,0.1,0.016461111259046392,0.9999999999999998
2025-03-27,0.005923128039330336,1,-0.0034184938356750082,0.15000000000000002,0,0,-0.0003018499262195971,0.9999999999999998
2025-03-28,-0.0007551438017319336,1,-0.00019116949286171803,0.1,0,0,0.0428240523564595,0.9999999999999998
2025-03-29,-0.0028932252057443843,1,0.000689211739585744,0.05,0,0,0.02874478778502883,0.9999999999999998
2025-03-30,0.010570414205707937,1,0,0.05,0,0,0.007162571184313308,0.9999999999999998
2025-03-31,0.015584141567535178,1,0.0037249361874237366,0,0.0005326755719263474,0,-0.004954845918292413,0.9999999999999998
2025-04-01,0.02271744034311623,1,-0.005672393727811141,0.25,0.00047616442417916006,0.05,-0.03838367407678653,0.9999999999999998
2025-04-02,0.01177996114505414,1,-0.0006248447337836751,0.3,0.0006442137408205327,0.1,0.04439788011134419,0.9999999999999998
2025-04-03,0.005221562392212364,1,0.0010896240890815533,0.1,0.0019039750237614043,0,-0.010213839944022508,0.9999999999999998
2025-04-04,0.0012870953466701902,1,-0.0030911510191704112,0.25,0.0004745609152580528,0.05,-0.0038442422897453205,0.9999999999999998
2025-04-05,0.005882733895873648,1,-0.001972615059688451,0.3,-0.000970395131450232,0.1,0.005163973351011826,0.9999999999999998
2025-04-06,-0.0018630456836177239,1,0,0.3,0,0.1,0.09297853867189944,0.9999999999999998
2025-04-07,-0.004300553338545552,1,0,0,0,0,0.004151930157044434,0.9999999999999998
2025-04-08,0.008433098127859416,1,0,0,0,0,0.043635528228445374,0.9999999999999998
2025-04-09,-0.005696682715002979,1,0,0,0,0,-0.10768489884264426,0.9999999999999998
2025-04-10,0.00352755228372016,1,0.0006733808937356116,0,0.00034318833606289444,0.05,0.0623594143960652,0.9999999999999998
2025-04-11,-0.006509287470847124,1,0.0011505255800097983,0.1,0,0.15000000000000002,-0.03862377862935058,0.9999999999999998
2025-04-12,0.0027252092269449894,1,0.0003496082302774539,0.1,0,0,-0.03565862450105277,0.9999999999999998
2025-04-13,0.007402252905528932,1,0.0021776815837249615,0.05,0.001378855458281805,0,0.023233804781002558,0.9999999999999998
2025-04-14,-0.022937087217507972,1,-0.0004219025495208371,0.3,0.006760716478344875,0.15000000000000002,-0.013000018701952595,0.9999999999999998
2025-04-15,0.0008931552791845568,1,0.0016809729538517786,0.3,0.00016062044407931354,0.3,0.016468162446375105,0.9999999999999998
2025-04-16,-0.003928295022675193,1,0.004175711270466081,0.3,0.0017010489377300927,0.05,0.00136429238089673,0.9999999999999998
2025-04-17,-0.00698161905608091,1,0.0047239598337544065,0.3,-0.004184983614195744,0.2,-0.007428696595470212,0.9999999999999998
2025-04-18,-0.012651957734171658,1,0.0063157428412462194,0.3,-0.0044006483453385955,0.3,0.0012754889919028801,0.9999999999999998
2025-04-19,0.007114399226728611,1,0,0.3,-0.00027943380814463123,0.3,-0.011198658759044968,0.9999999999999998
2025-04-20,-0.017333124678004498,1,0,0,-0.0005116822372156093,0.1,0.007447046928480647,0.9999999999999998
2025-04-21,-0.0153073644640631,1,0,0,-0.0014297444483502204,0.05,-0.011139389218180666,0.9999999999999998
2025-04-22,-0.0007021184001206207,1,0,0,0,0.05,-0.08973870822353333,0.9999999999999998
2025-04-23,-0.012040417119161274,1,0,0,0,0,-0.012217714670218644,0.9999999999999998
2025-04-24,-0.005813514048521846,1,0.002562747385947432,0,-0.00043406056725689266,0,0.005596067683304476,0.9999999999999998
2025-04-25,-0.003911749701371365,1,0.006102615750717177,0.2,-0.0006480672293832868,0.25,-0.007672132983913875,0.9999999999999998
2025-04-26,0.01209884648152441,1,-0.007822935542030564,0.3,0.0008697479653344544,0.3,-0.010162740919335448,0.9999999999999998
2025-04-27,-0.008322124908102765,1,0.0028694606096937606,0.3,0.0005146921367793311,0.15000000000000002,0.012727786265387021,0.9999999999999998
2025-04-28,-0.004793789940151755,1,-0.005044051578829112,0.25,0.005088247900554961,0.3,-0.006858981678048847,0.7142857142857142
2025-04-29,0.029436739520246377,1,-0.003138163258320219,0.3,0.0006256186955536123,0.3,0.001660905830084667,0.42857142857142855
2025-04-30,-0.01949044505893325,1,0.002045668503515799,0.15000000000000002,0.0008458911835123217,0,-7.612605779664652E-05,0.14285714285714285
2025-05-01,-0.010337900415531587,1,0.0006928697191146966,0.3,0.002028419428028883,0.3,0.0032294630744945955,0.14285714285714285
2025-05-02,0.016630376744792088,1,-0.0036090373291351625,0.3,0.0008692705137857502,0.3,0.0010601503080948874,0.42857142857142855
2025-05-03,-0.0005886108283032732,1,0.0007690719189845368,0.3,-8.961318691603992E-05,0.1,-0.005782147403931349,0.7142857142857142
2025-05-04,0.0012649605708546134,1,-0.0003743824356326968,0.15000000000000002,7.44325080861472E-05,0.1,-0.015260055490715048,0.9999999999999998
2025-05-05,-5.2065077802819645E-05,1,0.00022149805880189888,0.1,0,0,0.005550567707126584,0.9999999999999998
2025-05-06,0.007702042599243297,1,1.9680611429294003E-05,0.2,-0.0006315888800299945,0,0.010209215640690215,0.9999999999999998
2025-05-07,-0.0036324435579833795,1,0,0.15000000000000002,0,0.05,-0.0006062840383312393,0.9999999999999998
2025-05-08,0.006151582143170742,1,0,0,0,0,0.1415115486796452,0.9999999999999998
2025-05-09,-0.0011923207679606527,1,0,0,0,0,0.029776996145078553,0.9999999999999998
2025-05-10,0.011838770132650712,1,0.0013473502863000704,0,0,0,0.05970630543376397,0.9999999999999998
2025-05-11,-0.0027182080827763177,1,0.0011185957982845593,0.05,0,0,-0.016584728506400245,0.9999999999999998
2025-05-12,-0.002165534282950907,1,0,0.15000000000000002,0,0,-0.010168891483501637,0.9999999999999998
2025-05-13,-0.004606730137106425,1,-0.0006819699110183137,0,0.00043771084241257086,0,0.043296545735090224,0.9999999999999998
2025-05-14,0.0028210487384994045,1,-4.023064864190928E-05,0.1,0,0.05,-0.015915652801088417,0.9999999999999998
2025-05-15,-0.0057856690593261345,1,-0.001747978929726969,0.05,-6.632802043213815E-06,0,-0.010460480898972278,0.9999999999999998
2025-05-16,-0.0005983482893429405,1,0.001644731063823201,0.15000000000000002,0,0.05,-0.0037144611597728075,0.9999999999999998
2025-05-17,-0.0033024980311287503,1,0,0.05,0,0,-0.013856208822744572,0.9999999999999998
2025-05-18,0.00034833771857076864,1,0,0,0,0,0.02071732871787024,0.9999999999999998
2025-05-19,0.015755385808426614,1,0.0040644966504066815,0,0.0009966898647680864,0.05,0.0019416302625624429,0.9999999999999998
2025-05-20,0.007598439004144913,1,0.007070049062354201,0.3,0.0007041607683463553,0.3,0.005263242009892975,0.9999999999999998
2025-05-21,0.0002082276580462797,1,0,0.3,-0.0066060438336385235,0.3,0.018384971068791996,0.9999999999999998
2025-05-22,-0.0014865712373682595,1,0,0,0,0.2,0.031669465374486554,0.9999999999999998
2025-05-23,0.006721450801971494,1,0,0,0,0,-0.045554067898757475,0.9999999999999998
2025-05-24,-0.0052009563861338945,1,0,0,0,0,0.0028425289374214282,0.9999999999999998
2025-05-25,0.001760712589722588,1,0.0006554022176901526,0,0,0,0.009876078439755907,0.9999999999999998
2025-05-26,0.0025441156024363118,1,0.0006879912972606234,0.05,0.000693420314435798,0,0.004420950145064605,0.9999999999999998
2025-05-27,0.00787253185921095,1,0.00047600678003118446,0.1,0.0014105563713271748,0.1,0.016670446478705688,0.9999999999999998
2025-05-28,0.005922846617581178,1,2.9614369648925277E-05,0.3,0.0019301333431972125,0.1,-0.001398967752980651,0.9999999999999998
2025-05-29,0.007360257248926202,1,-0.0016358603248665985,0.3,0.000127140416356724,0.1,-0.01953261146106727,0.9999999999999998
2025-05-30,-0.0038084817782143973,1,0,0.05,0,0,-0.02660572494586371,0.9999999999999998
2025-05-31,0.010494530169278458,1,0.0011717828428916164,0,0,0,0.0022659891987205634,0.9999999999999998
2025-06-01,-0.007438979156813869,1,0.0060405581818884,0.1,0.000535934096102892,0,0.0072278001208752034,0.9999999999999998
2025-06-02,-0.0037962875973083948,1,0.0017449952035315163,0.3,-0.0034601859802687613,0.2,0.014451274887819717,0.9999999999999998
2025-06-03,0.003970083027515765,1,-0.0029335863465778404,0.3,0.001945025976902798,0.3,-0.004970453115290873,0.9999999999999998
2025-06-04,-0.013321530054977148,1,0.0005744930826226664,0.3,0,0.05,-0.0004638676712332419,0.9999999999999998
2025-06-05,0.0034167630966871923,1,0,0.05,0,0,-0.052358342916163245,0.9999999999999998
2025-06-06,-0.005692667165734171,1,0.0006541251001490309,0,0.0004618089824916751,0,0.026550348129355854,0.9999999999999998
2025-06-07,0.0013092396786442539,1,-0.0020674591377110117,0.15000000000000002,-0.0015728241755048203,0.1,0.015860478022783116,0.9999999999999998
2025-06-08,-0.002474258327596134,1,0.00010068716168871105,0.3,0,0.1,-0.0020696410712743854,0.9999999999999998
2025-06-09,0.0033835083169280354,1,0,0.1,0,0,0.05534147050994208,0.9999999999999998
2025-06-10,0.011950045704926445,1,-0.00012427190831022016,0,0,0,0.02547569841084473,0.9999999999999998
2025-06-11,-0.0013830199176038422,1,-0.0003465324333265016,0.1,0,0,-0.015342462766838424,0.9999999999999998
2025-06-12,-0.0005158192487287512,1,0,0.05,0,0,-0.036944886670185965,0.9999999999999998
2025-06-13,-0.005711483081674108,1,-0.0006438406638155812,0,0,0,-0.010140447931420212,0.9999999999999998
2025-06-14,0.0026971219870809385,1,0.0033254268991538536,0.1,0.004924266672156364,0.05,-0.012460020223114262,0.9999999999999998
2025-06-15,-0.0008018890350439483,1,0.002173707397863609,0.3,-0.004673382487349954,0.3,0.004179904442939474,0.9999999999999998
2025-06-16,-0.0030498879452142058,1,0,0.25,0.0014799746103615235,0.3,0.005007452313381177,0.9999999999999998
2025-06-17,0.0031091263340219805,1,0,0,0,0,-0.01722833919367228,0.9999999999999998
2025-06-18,-0.0016704883673758447,1,-0.0008131686046426693,0,0,0,0.002987942195403594,0.7142857142857142
2025-06-19,0.0019432992776695353,1,-0.0017963589405303538,0.3,0.0007322565503679925,0.1,-0.0010946469422522225,0.42857142857142855
2025-06-20,0.001320524197666656,1,0,0.3,0,0.2,-0.004476581085965152,0.14285714285714285
2025-06-21,-0.0017541009208124005,1,0,0,0,0,0.003810937791224587,0.14285714285714285
2025-06-22,0.009310151786213187,1,0,0,0,0,0.00851885167487677,0.42857142857142855
2025-06-23,-0.007495525770933349,1,0,0,0,0,-0.04524780622570721,0.7142857142857142
2025-06-24,-0.005805400366659491,1,-0.0010632143110351536,0.05,0,0,-0.011451823607207626,0.9999999999999998
2025-06-25,0.006561506699179463,1,-0.0011704732858615898,0.3,0,0,0.00020960435088578533,0.9999999999999998
2025-06-26,0.010186822346472245,1,0.008363394600874017,0.3,0.006772088083098652,0,0.0024329192282024565,0.9999999999999998
2025-06-27,0.0005735058949953653,1,0.002704728198617431,0.3,-0.004385073743205566,0.3,-0.0019057526089098823,0.9999999999999998
2025-06-28,-0.008602931992059493,1,0.0007636544069268893,0.3,-1.0365331355615126E-05,0.3,-0.003620809043098307,0.9999999999999998
2025-06-29,-0.003953189205997133,1,0,0.15000000000000002,-0.0009932803936933397,0.05,-0.01798609051579085,0.9999999999999998
2025-06-30,0.007191190864918475,1,-0.0013220730628390812,0,0,0,0.005840147866826285,0.7142857142857142
2025-07-01,0.002611097686126495,1,0,0.15000000000000002,0,0,0.009599260852147391,0.42857142857142855
2025-07-02,-0.005588760835941964,1,0,0,0,0,-0.02111582248488706,0.42857142857142855
2025-07-03,-0.0029514281355507294,1,0,0,0,0,-0.0013349176481911133,0.14285714285714285
2025-07-04,-0.0025383552572643053,1,0,0,0,0,-0.0036372117518045062,0.14285714285714285
2025-07-05,-0.0045256856514856525,1,0.0024368885742635485,0,-0.0001479262004204429,0,0.000380130081132484,0.14285714285714285
2025-07-06,0.006079958539172875,1,0.0011063847216767045,0.25,0,0.05,0.006284250597668364,0.42857142857142855
2025-07-07,0.003142545292681813,1,-0.000916398666052146,0.25,-0.0004925078867092907,0,-0.0041847854704604726,0.42857142857142855
2025-07-08,-0.004578075793386848,1,-0.00027969526401579967,0.3,-0.00034598898085073417,0.1,0.007455261436000155,0.42857142857142855
2025-07-09,-0.0029227837150458303,1,0.0005448757918741193,0.1,-0.0005436945264648329,0.1,0.028238318006546817,0.7142857142857142
2025-07-10,-0.0032407539637650767,1,0,0.05,0,0.05,0.03888182862812664,0.7142857142857142
2025-07-11,0.0026118932031676248,1,0,0,0,0,0.005509570767705052,0.7142857142857142
2025-07-12,0.00778648442104054,1,2.4517686381386738E-05,0,-0.00016605882355815994,0,-0.0032798151146004365,0.9999999999999998
2025-07-13,-0.006501062705138181,1,-3.824992299882979E-05,0.05,-0.0011689976284878867,0.05,0.011979251217356764,0.9999999999999998
2025-07-14,0.0010289079746515879,1,0,0.1,0.0013045041452426176,0.05,0.01016316411363882,0.9999999999999998
2025-07-15,0.0008479179338323234,1,0.003398729821220968,0.05,-0.0012671188053600417,0.05,0.011930402378147962,0.9999999999999998
2025-07-16,-0.0007194727728102256,1,0.0003726384772041911,0.3,0.0015226140787972327,0.15000000000000002,0.040902479396434537,0.9999999999999998
2025-07-17,-0.008744054208178807,1,0,0.3,-0.001829444392015148,0.15000000000000002,0.01795698521312061,0.9999999999999998
2025-07-18,0.004179139828057564,1,0.0009042805145031707,0,0,0.05,0.00481656128654273,0.9999999999999998
2025-07-19,0.019124429982001746,1,0,0.05,0,0,0.005995130993650398,0.9999999999999998
2025-07-20,0.018500462434191955,1,0.0005237561491910583,0,0,0,0.020485230264897455,0.9999999999999998
2025-07-21,-0.0028442269701494374,1,0.0011083239044382936,0.1,0,0,0.001240737749841347,0.9999999999999998
2025-07-22,-0.009546615807664941,1,-0.00251575400802426,0.15000000000000002,0.00011848374358396541,0.05,0.008823687499748932,0.9999999999999998
2025-07-23,0.0006672594114265922,1,0,0.2,0,0.05,-0.020733928437413725,0.9999999999999998
2025-07-24,0.004990462637345003,1,0.001002885081251634,0,0.0014150458471597176,0,0.009092452760228685,0.9999999999999998
2025-07-25,-0.00637175538553634,1,0.004195883000471667,0.05,-0.0012460474885565417,0.05,-0.0006396686160486382,0.9999999999999998
2025-07-26,0.002592499533045493,1,0.0066844605131782375,0.3,0.0006732410974025243,0.3,0.0034659621368241514,0.9999999999999998
2025-07-27,-0.005369644256179289,1,0,0.3,-0.0022293661508006155,0.3,0.023849633557952436,0.9999999999999998
2025-07-28,0.016709752774627936,1,0,0,0,0.1,-0.015106685014582007,0.9999999999999998
2025-07-29,0.00035548254828386813,1,0,0,0,0,-0.0011582114556811238,0.9999999999999998
2025-07-30,0.001541668169733609,1,-2.343764474562704E-05,0,0,0,0.0016681397606421729,0.9999999999999998
2025-07-31,-0.008313488252868853,1,-0.0004519069660555033,0.05,0,0,-0.02345644738811569,0.9999999999999998
2025-08-01,-0.004607106583651202,1,-0.0006417336903448359,0,0,0,-0.03906668810490559,0.9999999999999998
2025-08-02,-0.005286246553073314,1,0.002841187280987242,0.1,0.0011445875447932395,0,-0.016829447619854995,0.9999999999999998
2025-08-03,0.0042280477040613045,1,0.0008336917195163096,0.15000000000000002,-0.0005689161091590904,0.05,0.022531781582571513,0.9999999999999998
2025-08-04,-0.0004739065198067665,1,0,0.25,0,0.05,0.03576876492640745,0.9999999999999998
2025-08-05,-0.015827756898241507,1,0.0003057005263224255,0,0,0,-0.01866498465185262,0.9999999999999998
2025-08-06,-0.0008136347972388932,1,0.0020747701849506937,0.05,-3.396360591091252E-05,0,0.013648532578372504,0.9999999999999998
2025-08-07,-0.0006402978347459991,1,0.0024297271306472795,0.1,-0.00035067192899578003,0.05,0.04159556386304352,0.9999999999999998
2025-08-08,0.002717867366023231,1,0,0.15000000000000002,-6.187800383077046E-05,0.1,0.009292238503150859,0.9999999999999998
2025-08-09,0.009111047909860793,1,0,0,-0.0004032115923612309,0.1,0.030404938871857627,0.9999999999999998
2025-08-10,-0.011930810822235337,1,0,0,0,0.05,0.010979129010496299,0.9999999999999998
2025-08-11,-0.0031132323215342754,1,0,0,0,0,-0.005767836186859497,0.9999999999999998
2025-08-12,-0.00017810057540448225,1,0.0031863945586753746,0,0,0,0.04958628516188456,0.9999999999999998
2025-08-13,-0.0020559181677818968,1,-0.002879073305581642,0.25,-0.00024241012683341978,0.1,0.030498797559039274,0.9999999999999998
2025-08-14,-0.007182740598870248,1,0.0008400917758131073,0.3,0,0.1,-0.04163644276693173,0.9999999999999998
2025-08-15,-0.0018964240488316478,1,0,0.05,0.0009202344055277081,0,-0.015835374896518147,0.9999999999999998
2025-08-16,-0.004427878704726423,1,0.0020837630991211425,0.05,-0.0003899764520479039,0.25,-0.0018030155583794723,0.9999999999999998
2025-08-17,0.00019758668530343556,1,-0.0016507837793387806,0.2,0,0.3,0.005795716940484196,0.9999999999999998
2025-08-18,0.01042585799651198,1,-0.0003944112324786602,0.1,0,0,-0.022831710117248823,0.9999999999999998
2025-08-19,0.0006396808451607644,1,-0.0012698349691991097,0.1,0,0,-0.04195175502776215,0.9999999999999998
2025-08-20,-0.009038306716508186,1,5.850853564379577E-05,0.05,-0.0017020046655866281,0.05,0.03816249985767727,0.9999999999999998
2025-08-21,-0.02013137631585888,1,-0.002779809112878411,0.2,-0.0005971649371183503,0,-0.020533313361930254,0.9999999999999998
2025-08-22,-0.009249262897186358,1,0.0021313033953206284,0.2,0,0.05,0.0915175577802496,0.9999999999999998
2025-08-23,0.008752854525922438,1,-0.006107766367512113,0.3,0,0,-0.011958477098319317,0.9999999999999998
2025-08-24,0.016569281778671428,1,0,0.3,0,0,-0.008239019958471315,0.9999999999999998
2025-08-25,0.014129733806325099,1,0,0,0,0,-0.057153797868008324,0.9999999999999998
2025-08-26,-0.015444584098558409,1,0.0029440578979665587,0,0.0006647453294197021,0,0.033143716428351115,0.9999999999999998
2025-08-27,0.010182068514383611,1,0.008427440917052536,0.3,0.003920780410073575,0.05,-0.012449582769933019,0.9999999999999998
2025-08-28,-0.0059923859088348444,1,-0.004136862966870922,0.3,0,0.3,0.006362187202124113,0.9999999999999998
2025-08-29,0.000330181197275804,1,0.0028178689255689733,0.2,0.003808287536135367,0,-0.035347274018543866,0.9999999999999998
2025-08-30,0.004396240463263211,1,-0.0011024339635760042,0.3,-0.005778889015163486,0.3,0.003575401767142549,0.9999999999999998
2025-08-31,-0.00531750539946897,1,-0.002421584371146764,0.3,0,0.3,-0.0005463384796071669,0.9999999999999998
2025-09-01,-0.006663041611751703,1,0.0026163573664641717,0,0.0026650123055783296,0,-0.0042260026782832685,0.9999999999999998
2025-09-02,-0.0015343650419076403,1,0.002521691448282354,0.3,-0.006243931543100188,0.3,0.010555681014758565,0.9999999999999998
2025-09-03,0.007584188301844992,1,-0.006575712066504821,0.3,0.0026476250927948966,0.3,0.01642012280366278,0.9999999999999998
2025-09-04,0.0009379219229307184,1,-0.00040906920347242703,0.3,0,0.1,-0.02154147353396357,0.9999999999999998
2025-09-05,0.004100923356279062,1,-1.2260203345249465E-05,0.15000000000000002,-9.60829238676979E-05,0,0.0008318062504636401,0.9999999999999998
2025-09-06,-0.005894601521444956,1,0.0002354416538660189,0.3,-0.0005077598706736808,0.2,-0.006115374452369869,0.9999999999999998
2025-09-07,-0.0013410575480470792,1,0.0022237061067380635,0.3,-0.0013391298935491705,0.2,0.00817395676761534,0.9999999999999998
2025-09-08,-0.0004942962278559619,1,-0.0006425259718098459,0.3,0,0.15000000000000002,0.004194213224760878,0.9999999999999998
2025-09-09,-0.004776411100936151,1,0.0012938027824425263,0.1,0,0,-0.0016450193517996636,0.7142857142857142
2025-09-10,-0.003276098646882692,1,-0.0011445813756106417,0.25,0.003931992875258629,0.05,0.006288080377601454,0.42857142857142855
2025-09-11,-9.779676973489218E-05,1,0.0006302263856694026,0.3,-0.00045507557535620435,0.25,0.002452707830884358,0.14285714285714285
2025-09-12,0.0005368092886079562,1,0,0.1,-0.0003618455883670322,0.1,-0.004666644922682478,0.14285714285714285
2025-09-13,0.006222707353968114,1,0.000216881620076947,0,0.0004581181497871967,0.05,0.0020518957128152944,0.42857142857142855
2025-09-14,0.004147838111074793,1,0.00048196738580213604,0.05,-0.00015537916518837847,0.05,0.00411682842898213,0.42857142857142855
2025-09-15,-0.003650594397170381,1,0.00030769261192563135,0.1,0,0,0.0036917535654737293,0.42857142857142855
2025-09-16,-0.0009411363595950532,1,-0.00010041721506740942,0.05,0.0011403961168455225,0,-0.0008186533753050096,0.14285714285714285
2025-09-17,-0.004449187419311882,1,0.005133726462080176,0.1,-0.0013146179160123666,0.05,0.0009073217690119803,0.14285714285714285
2025-09-18,-0.013586437553965141,1,-0.005027168715452035,0.3,0.0035657890454278912,0.2,0.0007173921895938781,0.42857142857142855
2025-09-19,-0.0010972815814481937,1,0.0012571746395387891,0.3,-7.377542873859965E-05,0.2,-0.013965752805087002,0.7142857142857142
2025-09-20,0.020745717902918025,1,-0.0029648395472197534,0.25,0,0.05,0.0012527771492370722,0.9999999999999998
2025-09-21,-0.004931930615538694,1,-0.003419634836283194,0.3,0,0,-0.005913240984302291,0.9999999999999998
2025-09-22,0.00039899924827251293,1,0,0.1,0,0,-0.028056936899940217,0.7142857142857142
2025-09-23,0.006963852770069164,1,0.0005494693251239369,0,0.0003112692399708976,0,-0.003318537853814102,0.42857142857142855
2025-09-24,0.008080953210449705,1,-0.0008346793083119337,0.3,0.000240602480376765,0.05,0.0003380984432426247,0.14285714285714285
2025-09-25,-0.00041748662703263036,1,0,0.15000000000000002,0,0,0.007226204994975257,0.14285714285714285
2025-09-26,0.012022420174911239,1,0.002245998789590885,0,0.0007439524217015787,0,-0.0102690956946336,0.42857142857142855
2025-09-27,-0.002730472019862957,1,-0.0035343170165642733,0.3,-0.00045069281554788176,0.05,0.0010833722044544577,0.7142857142857142
2025-09-28,-0.0035133760404676873,1,0,0.3,0,0,-0.027087573679722633,0.9999999999999998
2025-09-29,0.0018866490382824922,1,-0.002006108324007073,0,0,0,-0.018367836531561595,0.9999999999999998
2025-09-30,-0.00011013667048535001,1,0.0006768542107790836,0.25,0,0,0.006491436873209544,0.7142857142857142
2025-10-01,-0.03662860783613013,1,0,0.05,0,0,-0.03162819145277747,0.7142857142857142
2025-10-02,0.013759809286748125,1,0.005005524225951604,0,-0.00015163771604761677,0,-0.01045707385767408,0.42857142857142855
2025-10-03,0.0021383667527636804,1,-0.002287018530209707,0.3,0,0.15000000000000002,-0.0017316187956781318,0.14285714285714285
2025-10-04,0.00027411933693096964,1,-2.644070316455327E-05,0.3,0,0,-0.0006143028654772658,0.14285714285714285
2025-10-05,0.00901174939732917,1,0.0005914655266021782,0.1,-0.0011077591649830082,0,0.0029077665920915746,0.42857142857142855
2025-10-06,-0.016199759976656913,1,-0.0002132974351361554,0.05,0,0.15000000000000002,0.016527463881390335,0.7142857142857142
2025-10-07,0.006700629623789903,1,0,0.1,0,0,-0.027546394149889707,0.7142857142857142
2025-10-08,-0.01007317836034693,1,0,0,0,0,0.0166015509374838,0.9999999999999998
2025-10-09,0.0025647900610489193,1,-0.0004988660904182325,0,0,0,-0.024079628315893546,0.9999999999999998
2025-10-10,-0.00545301476625883,1,0,0.05,0,0,-0.09815230938531364,0.9999999999999998
2025-10-11,0.0001121369041377795,1,0,0,0,0,-0.014778486291398605,0.7142857142857142
2025-10-12,-0.026726659459809586,1,0.0014162004113502462,0,0,0,0.031246391824358725,0.42857142857142855
2025-10-13,0.01619724952263084,1,0.00037410162480091457,0.05,-0.00019795168216637648,0.05,0.001352335436899894,0.14285714285714285
2025-10-14,0.014831112144196181,1,0.0004111909172738706,0.05,0,0,0.0029766814613945165,0.14285714285714285
2025-10-15,-0.006257157198157271,1,-0.001174411712054507,0.15000000000000002,0,0,0.01124333563277169,0.42857142857142855
2025-10-16,0.0016109280014502758,1,0,0.05,0,0,0.016133901897491428,0.7142857142857142
2025-10-17,-0.003959390051831149,1,0.005282687921666366,0,0.0007276186515805421,0,0.01596025061824335,0.9999999999999998
2025-10-18,-0.004376846616265988,1,0.002958271813452711,0.3,-0.0025286372181594742,0.3,-0.011070380222399985,0.9999999999999998
2025-10-19,-0.0023189390605336405,1,-0.00043295820466528315,0.3,0.0019674556368956928,0.3,-0.018731581497751334,0.9999999999999998
2025-10-20,-0.006631074987340019,1,-0.003188984466719603,0.25,-5.1596235846545824E-05,0.05,-0.008218200205820666,0.9999999999999998
2025-10-21,-0.000784974249797257,1,0,0.2,0,0.05,0.023476668370603318,0.9999999999999998
2025-10-22,-0.001736633878120186,1,0.0008491148762786907,0,0,0,0.012164026181860481,0.9999999999999998
2025-10-23,-0.0002206022485008398,1,0.004191125465397591,0.1,-0.0007913985891186712,0.15000000000000002,-0.018305572496806352,0.9999999999999998
2025-10-24,-0.00023213931434867482,1,0.0056241890072033125,0.3,0.0016036655995726506,0.3,-0.01421270236498501,0.9999999999999998
2025-10-25,-0.0010729226470899988,1,-0.0011791782323341523,0.3,-0.0018846895472534016,0.3,-0.005219271600903059,0.9999999999999998
2025-10-26,0.012824118879925519,1,0,0.3,0,0.25,-0.027920920643532212,0.7142857142857142
2025-10-27,-0.0009725168304294056,1,-0.00016489415571709288,0,0,0,0.0026153263619698563,0.42857142857142855
2025-10-28,-0.0031623334029748026,1,0,0.05,0,0,0.002913134223808164,0.14285714285714285
2025-10-29,-0.00547214036807208,1,-0.0007034127080091821,0,0,0,0.0031924645070396584,0.14285714285714285
2025-10-30,0.012124760045117377,1,0,0.05,0,0,0.0028967231973767472,0.14285714285714285
2025-10-31,-0.012140708260708172,1,0.0030764378312667304,0,-0.0013532817649165737,0.1,-0.0016366604120842667,0.14285714285714285
2025-11-01,-0.021670077886490162,1,-0.0014140889839777627,0.3,0.0004938939013677554,0.3,-0.0007596615362245922,0.14285714285714285
2025-11-02,-0.011666817901996342,1,0,0.3,0,0.25,-0.0028553126370968293,0.42857142857142855
2025-11-03,-0.007666405291838549,1,0,0,0,0,0.04021723073946333,0.7142857142857142
2025-11-04,0.013422564443420482,1,0.0003902037705167913,0,0,0,0.06777122333133402,0.9999999999999998
2025-11-05,0.00793347530737647,1,0.0014378866698150433,0.05,0.0018852389426006085,0,-0.0325861843391508,0.9999999999999998
2025-11-06,0.014610917917424755,1,0.0009358694618613299,0.25,-0.0022817824909407134,0.15000000000000002,0.028290267702558804,0.9999999999999998
2025-11-07,-0.018713942784575877,1,0.0005383947790171533,0.05,0,0.15000000000000002,-0.027876404328323234,0.9999999999999998
2025-11-08,-0.0017948681009023087,1,-0.0006782791307173284,0.05,0,0,0.01017552652746195,0.9999999999999998
2025-11-09,-0.02924102159978304,1,0.0033943059996004196,0.15000000000000002,0.00579656208195388,0.05,-0.03834036003068513,0.9999999999999998
2025-11-10,0.016033630839016093,1,-0.0013803290303981157,0.3,-0.0010960040794054748,0.3,-0.0038261612525925665,0.9999999999999998
2025-11-11,-0.012478088985736265,1,0,0.3,0,0.1,0.0350332452661786,0.9999999999999998
2025-11-12,0.0018983155571918732,1,-0.002814394243316656,0,0,0,0.00727949342349012,0.9999999999999998
2025-11-13,0.0031999187186878743,1,0,0.15000000000000002,0,0,0.03672575388390359,0.9999999999999998
2025-11-14,0.004241984806327477,1,0.0002603814155961572,0,0.0004138051706950137,0,0.044153015248964485,0.9999999999999998
2025-11-15,-0.005277665416801457,1,-0.0026338292153347993,0.1,0.0008121542628061889,0.05,-0.014016239402210133,0.9999999999999998
2025-11-16,0.002140873304127233,1,-0.00021450074207405122,0.3,0.00024310147983214848,0.1,0.01869990911005631,0.9999999999999998
2025-11-17,0.000790139829553639,1,0.0033853487112935456,0.05,0.0004422806184013552,0.05,0.02143233512280533,0.9999999999999998
2025-11-18,-0.005800784718295664,1,-0.0008011532640900896,0.25,1.0447443828979885E-05,0.05,-0.018921126693617046,0.9999999999999998
2025-11-19,0.005471715389651498,1,0,0.05,0,0,0.023427009129869218,0.9999999999999998
2025-11-20,0.021383875182810506,1,0,0,0,0,0.058634749758746794,0.9999999999999998
2025-11-21,-0.004064216749311759,1,0,0,0,0,0.020870636567038553,0.9999999999999998
2025-11-22,0.008810252597548567,1,0.0013797426968885703,0,-0.0002260557877878,0,0.0017042526810424601,0.9999999999999998
2025-11-23,0.0078379798326967,1,0.005269328749267743,0.3,-0.0008144665301406349,0.1,-0.018134908019721844,0.9999999999999998
2025-11-24,0.0040786252491168285,1,0.0042446547801985165,0.3,-7.214494483491763E-05,0.15000000000000002,-0.03536678005104622,0.9999999999999998
2025-11-25,0.01142590477717648,1,-0.004533135464827637,0.25,0.0027157112322624927,0.2,0.0042697497168882135,0.9999999999999998
2025-11-26,0.000998054254462077,1,0.0036466646320202473,0.3,-0.002141826883842441,0.15000000000000002,-0.029101403534427465,0.9999999999999998
2025-11-27,0.01638625126038997,1,-4.230052594084555E-05,0.3,0.0003183438727214707,0.3,-0.0027771436707924027,0.9999999999999998
2025-11-28,-0.008250105226048285,1,-0.0036769725138394733,0.2,0,0.05,-0.00017056254519126824,0.9999999999999998
2025-11-29,0.01563083937606806,1,-0.0013699672281568382,0.3,0,0,0.007432576009394712,0.9999999999999998
2025-11-30,0.0033327294063391333,1,-0.005260367074021588,0.3,0,0,0.0022789354119716657,0.9999999999999998
2025-12-01,0.006085254053035921,1,0,0,0,0,0.054716182303569366,0.9999999999999998
2025-12-02,0.011514376588100932,1,0,0,0,0,-0.06399032449373283,0.9999999999999998
2025-12-03,-7.875396574510019E-05,1,-0.003182196343716441,0,0,0,-0.043836725852855946,0.9999999999999998
2025-12-04,-0.0006539481757436181,1,0,0.25,0,0,0.01610092276720705,0.9999999999999998
2025-12-05,0.009461719654947775,1,0.0025030476301203634,0,-0.001455633245774152,0,0.03281355395715466,0.9999999999999998
2025-12-06,-0.006357816525633619,1,-0.0020282688430161215,0.2,-0.00035992121971162305,0.05,-0.0020744451784692327,0.9999999999999998
2025-12-07,0.006792420900816485,1,0.0018897299453140021,0.15000000000000002,0.00013021326362240871,0.05,-0.010030984085194419,0.9999999999999998
2025-12-08,0.006302253468688988,1,0.0049399653477266835,0.3,-0.0010718824265138665,0.15000000000000002,-0.011722558691880866,0.9999999999999998
2025-12-09,-0.013377553630962605,1,0.0024205359404036245,0.3,0.001508125234366389,0.1,-0.04216753630134419,0.9999999999999998
2025-12-10,0.0143524343023671,1,-0.002860479625222979,0.3,-4.9607140590751444E-05,0.2,0.002804316875802524,0.9999999999999998
2025-12-11,0.003487874671922236,1,-0.006507640797824251,0.05,0,0,0.010427857522670909,0.9999999999999998
2025-12-12,-0.0032764320436856342,1,0.0022563198720636137,0.3,0.0015919087587949435,0,0.03577783530345187,0.9999999999999998
2025-12-13,-0.0023009174851822507,1,-0.0033341639250297705,0.3,-0.0003129470309854696,0.25,-0.004506859504077088,0.9999999999999998
2025-12-14,-0.0011099802305363667,1,0,0.3,0,0.25,0.019799398651163397,0.9999999999999998
2025-12-15,0.00040915080995954496,1,0.0008943353184454281,0,0,0,0.02600506919223948,0.9999999999999998
2025-12-16,0.005004511327292436,1,-0.0003891592814584328,0.1,0.0023544157036678825,0.05,-0.007786782435824258,0.9999999999999998
2025-12-17,0.0028390176618781388,1,0,0.3,0,0.05,0.031086259909616495,0.9999999999999998
2025-12-18,-0.0022629530155226433,1,0.0006066503114532225,0,0,0,0.005214808455181554,0.9999999999999998
2025-12-19,0.0057791700559354856,1,0.002813212058606723,0.05,0,0,-0.04181910285189615,0.9999999999999998
2025-12-20,0.0012366041669032068,1,-0.003946126198535012,0.3,0,0,-0.0008350729795819276,0.9999999999999998
2025-12-21,0.006657427474492685,1,-0.0009713651074885093,0.3,0.0003902223814068293,0,-0.004325189010673472,0.7142857142857142
2025-12-22,-0.0007590817910222603,1,0.0009064988824252396,0.15000000000000002,0.0005936886409374437,0.05,-0.0007019662775539278,0.42857142857142855
2025-12-23,0.013981471222352786,1,0.0008895057249080765,0.3,0.0012947514023062467,0.05,0.001681397309606687,0.14285714285714285
2025-12-24,-0.0057734607743877555,1,-0.0008638730336413119,0.25,-0.0028087335457860265,0.3,-0.0005730145093503317,0.14285714285714285
2025-12-25,0.003215359418352162,1,-0.00028918287604165016,0.1,0.0007384438462172511,0.05,-0.0014179949544346046,0.14285714285714285
2025-12-26,0.00025776042239188704,1,0.004980109380882823,0.25,-0.0021644443654697627,0.25,0.0007109575934294764,0.14285714285714285
2025-12-27,-0.02002190212119956,1,-0.0011085073991098397,0.3,-0.0015024613028044769,0.3,0.0009283700092482488,0.14285714285714285
2025-12-28,0.010960932827332528,1,0,0.25,0,0.05,-0.0003814040499485947,0.14285714285714285
2025-12-29,0.03572772235996241,1,7.376689450234153E-05,0,0,0,0.002482487949735003,0.42857142857142855
2025-12-30,0.023782586388172912,1,-0.0004989414677515924,0.05,0,0,-0.00963406505270888,0.7142857142857142
2025-12-31,0.0035885797700270588,1,-0.0006812426264875739,0.25,-0.00019914691413828222,0,0.004864305331964993,0.9999999999999998
2026-01-01,-0.014791243434874651,1,0.0011884155296843345,0.1,0,0.05,-0.008920440069064537,0.7142857142857142
2026-01-02,-0.009999409938709021,1,0,0.05,0,0,-0.01894729751916609,0.7142857142857142
2026-01-03,0.008467281972591442,1,0.0018517290776858318,0,-0.00018301065331502287,0.05,-0.0025571110432977577,0.7142857142857142
2026-01-04,-0.01078441549747614,1,0.0027637936955395618,0.3,0.0018107808373565603,0.3,-0.005440315538218233,0.7142857142857142
2026-01-05,0.00016190446421874882,1,0,0.2,0,0.2,-0.011184519696635215,0.42857142857142855
2026-01-06,0.00952137936364967,1,-0.004520088659216981,0,0,0,-0.0017894727073436412,0.14285714285714285
2026-01-07,0.013006975509584698,1,0.00010272743488712877,0.3,0.0014631142756350074,0,-0.004891885509618111,0.14285714285714285
2026-01-08,0.00433213643012266,1,0.0024000525696628756,0.2,-8.079322062917527E-05,0.1,-0.001605463013966389,0.14285714285714285
2026-01-09,0.0028052800902448596,1,-0.002586743093936775,0.3,0.0004109770222355564,0.15000000000000002,-0.000779510754276553,0.14285714285714285
2026-01-10,0.013741600019594359,1,-0.003609495213165246,0.3,0.0016068635500539586,0.25,-0.0001464771283976913,0.14285714285714285
2026-01-11,0.0010577626086447434,1,0.0008563733325861449,0.3,0.0007676024235418026,0.1,0.0012518698189354835,0.14285714285714285
2026-01-12,0.0023638484309507143,1,0.002410560738566801,0.1,0.00021172924302823048,0,-0.0004119430530226596,0.14285714285714285
2026-01-13,-0.009152112481900928,1,0,0.15000000000000002,0,0.1,0.00853034832818711,0.14285714285714285
2026-01-14,0.021372971277239333,1,0,0,0,0,0.0017759798097895915,0.14285714285714285
2026-01-15,0.01938202311149752,1,0,0,0.0005791558151545359,0,-0.0017635199792653423,0.14285714285714285
2026-01-16,0.012013921128216755,1,0.00018194281910405153,0,-0.0007420801395512626,0.05,-0.0018683834377424043,0.42857142857142855
2026-01-17,-0.01486976108157311,1,-0.00028082673494623123,0.15000000000000002,0,0,-0.00025973874621345894,0.7142857142857142
2026-01-18,0.01203125184820591,1,0,0.2,0,0,-0.012054521567954753,0.9999999999999998
2026-01-19,-0.017540088724438165,1,0,0,0,0,-0.019947415110223906,0.9999999999999998
2026-01-20,-0.006364287695497472,1,0.0004437763191012891,0,-0.0015379101441685633,0,-0.06182876811600495,0.9999999999999998
2026-01-21,-0.005493654455087722,1,-0.005245206021619651,0.05,-0.0020226911795111846,0.1,0.008998986451453897,0.7142857142857142
2026-01-22,0.004464962895746884,1,0.004369204729618559,0.3,-0.001209698557936008,0.05,-0.0031233452341616497,0.7142857142857142
2026-01-23,-0.0003689876223630534,1,-0.00028701949517790124,0.3,0.0022023977234634914,0.2,0.0006105652878233121,0.7142857142857142
2026-01-24,-0.005276450623536383,1,-0.0038691863459146135,0.3,-0.0013286686103160718,0.3,-0.0018785684805765793,0.7142857142857142
2026-01-25,-0.014057047742323511,1,0,0.3,0,0.2,-0.026713626280296977,0.7142857142857142
2026-01-26,0.0005785704509690653,1,0.0017282669586847987,0.05,0,0,0.012475867485701982,0.42857142857142855
2026-01-27,-0.0033273307006398216,1,-0.00037868222580732437,0.3,0.00046442176293930973,0,0.0027802822500106526,0.14285714285714285
2026-01-28,0.005214430346303048,1,-0.002671342853341912,0.3,0,0.1,-0.0013119692332295798,0.42857142857142855
2026-01-29,-6.139317542798109E-05,1,0,0.2,0,0,-0.024551132720086043,0.42857142857142855
2026-01-30,-0.005032306299450364,1,0,0,0,0,-0.0035448031303090674,0.14285714285714285
2026-01-31,0.004230447339284833,1,0,0,0,0,0.011119541344170529,0.14285714285714285
2026-02-01,-0.002068281882202331,1,0.0004313532832159126,0,0,0,0.020336419781095395,0.42857142857142855
2026-02-02,0.009674401325369262,1,-0.0033767912533410253,0.1,0.0029163936541617658,0,-0.01228058161368067,0.42857142857142855
2026-02-03,0.010025096584820758,1,-0.002841343793114902,0.3,0,0.1,0.018419591809102274,0.42857142857142855
2026-02-04,0.012660436029522236,1,0.0006129386236664231,0.3,0,0,0.02564757365892139,0.7142857142857142
2026-02-05,0.0028780577584521187,1,0,0.1,0,0,0.1444589260751457,0.9999999999999998
2026-02-06,-0.013100705356990186,1,0.0005404708184485117,0,0,0,-0.1258726088952676,0.9999999999999998
2026-02-07,-0.003712252078996667,1,0.002484229324397347,0.1,0,0,0.0033245921304853503,0.9999999999999998
2026-02-08,0.008712233260691177,1,-0.0008221312630503234,0.3,0.0013623821042315284,0.05,-0.008234865212573883,0.9999999999999998
2026-02-09,0.010628046475774443,1,0.0025578237155241368,0.3,0.0009843113203303346,0,-0.0023870495872161815,0.9999999999999998
2026-02-10,-0.0009710055516734209,1,-0.005614979553958165,0.3,0.001005746798012069,0.05,0.02852780593129854,0.9999999999999998
2026-02-11,0.015437705196838005,1,-0.00019331154171618435,0.2,0,0.05,0.03272166553317895,0.9999999999999998
2026-02-12,-0.008517620019318325,1,0.004281847167073465,0.15000000000000002,-0.0004735173355993538,0,0.004324041416750305,0.9999999999999998
2026-02-13,-0.0193749485984952,1,0,0.3,0,0.2,-0.04539136548714872,0.9999999999999998
2026-02-14,-0.020424874929869604,1,0.0003095137199366036,0,0,0,-0.016312824644271993,0.9999999999999998
2026-02-15,-0.0015192823516067971,1,0.001644020567311827,0.05,0,0,0.035851652047972096,0.9999999999999998
2026-02-16,0.0009862710499414513,1,-0.00033400660851839347,0.15000000000000002,-0.00012187738552484006,0,-0.008604366400666471,0.9999999999999998
2026-02-17,-0.0036071420679332942,1,0.00029103695005733244,0.3,0.002245992852633208,0.1,0.011846045402870852,0.9999999999999998
2026-02-18,0.0025193022381805297,1,0,0.3,0,0.1,0.016695938972923745,0.9999999999999998
2026-02-19,-0.001983996538360497,1,0.0041244332333033075,0,0.002512837647201195,0,-0.0024650633585783714,0.9999999999999998
2026-02-20,0.00021605492784306575,1,-0.0029169040752492492,0.3,-0.004367786625532517,0.25,-0.012711596755371602,0.9999999999999998
2026-02-21,-8.550692982642354E-05,1,-0.003859917870117897,0.3,0,0.3,-0.0006889842998570324,0.9999999999999998
2026-02-22,0.005538172237568882,1,-0.00017911888960088618,0.3,0,0,0.006414915857424768,0.9999999999999998
2026-02-23,-0.010175978276628531,1,0,0.05,0,0,0.04781695351637759,0.9999999999999998
2026-02-24,-0.009277684613668498,1,0.0007132664522318919,0,0,0,0.005792681383342312,0.9999999999999998
2026-02-25,0.0025455465960445246,1,0,0.05,0,0,-0.08608912908293397,0.9999999999999998
2026-02-26,0.0014688931591698728,1,-0.0004914578153395724,0,0,0,0.010961015590796026,0.9999999999999998
2026-02-27,0.00639987455761748,1,-0.0005937525478354928,0.25,0,0,0.03595840098627573,0.9999999999999998
2026-02-28,-0.010558100897165903,1,0,0.1,0,0,-0.01746437575133268,0.9999999999999998
2026-03-01,0.013721133095386074,1,0.010365802556646259,0,-0.0006785729023088151,0,0.015315236488888504,0.9999999999999998
2026-03-02,-0.00739551091219135,1,0.004367007775289721,0.3,0.0012249933401283215,0.1,-0.04588652558894761,0.9999999999999998
2026-03-03,-0.013883348033268626,1,0.0027685614480083133,0.3,-0.002610562273812775,0.15000000000000002,0.014509639041571914,0.9999999999999998
2026-03-04,0.005628704363838607,1,-0.002968081307457851,0.3,0,0.25,-0.06808648226836118,0.9999999999999998
2026-03-05,0.0015221073780765106,1,-0.0018812128451247646,0.3,0.0018194279682820706,0,0.025023622839070947,0.9999999999999998
2026-03-06,-0.00681556695540562,1,-0.0005398948220133661,0.3,0,0.1,0.04224674171367533,0.9999999999999998
2026-03-07,0.021180687740971125,1,0.001007058473482175,0.1,0,0,0.008500924797770544,0.9999999999999998
2026-03-08,0.00284752887105252,1,0.0019527814699979444,0.15000000000000002,-0.0009761114876248485,0.05,0.012243236514521576,0.7142857142857142
2026-03-09,0.020065935465761423,1,0.0027602784735911426,0.3,0,0.15000000000000002,-0.023621440337648028,0.7142857142857142
2026-03-10,0.01740581556053929,1,0.004850846731357023,0.3,-6.208605361916853E-05,0,-0.01571098743603769,0.7142857142857142
2026-03-11,-0.013543932675082452,1,0.0005178262585568518,0.3,-0.00020522890853476384,0.15000000000000002,-0.0040085960563869295,0.7142857142857142
2026-03-12,-0.007354731121773371,1,0.0005239698116492945,0.3,-0.0017659589028967274,0.15000000000000002,-0.0056025444279773585,0.7142857142857142
2026-03-13,0.000552502439845651,1,-0.00012404805451114953,0.05,0.0007445507607149011,0.1,-0.0034022106271048977,0.42857142857142855
2026-03-14,-0.0022214926972851903,1,0.002390473985913559,0.1,0.0003175635013219562,0.05,-0.0007327407195208221,0.14285714285714285
2026-03-15,-0.013847034183244655,1,0.0011190577857050812,0.3,-0.0021373706487463552,0.15000000000000002,-0.004398866359918273,0.14285714285714285
2026-03-16,-0.007868057381848604,1,0.0004579011514249487,0.1,0,0.1,0.007457963446838592,0.14285714285714285
2026-03-17,-0.0060523061260548145,1,-0.0019865490968659287,0.05,0,0,-0.00633205546993377,0.42857142857142855
2026-03-18,-0.007377832426741767,1,0,0.3,0,0,-0.030734767630203226,0.7142857142857142
2026-03-19,0.007558493639973369,1,-0.0003151340447759594,0,0.0008884720052196826,0,-0.0244186695800849,0.9999999999999998
2026-03-20,8.996562997648771E-05,1,-0.00345673033841058,0.3,0,0.1,0.006114430889675225,0.9999999999999998
2026-03-21,0.0052567992159997376,1,-0.00252339964909811,0.3,0,0,-0.025586024333052897,0.9999999999999998
2026-03-22,0.01818297176767271,1,0,0,0,0,-0.015108859827741735,0.9999999999999998
2026-03-23,0.0015880975952048757,1,0.0018448755164076828,0,0.001108521175230635,0,0.046342979745850096,0.9999999999999998
2026-03-24,0.016014368915399594,1,0.0042402622931388126,0.3,0.0018140251783281655,0.15000000000000002,-0.0014924962486220215,0.9999999999999998
2026-03-25,-0.015942211481473283,1,-0.003727413372830824,0.3,-0.0012776741202869743,0.25,0.008494135337457907,0.9999999999999998
2026-03-26,-0.0008641583344728558,1,-0.00188096910322065,0.3,0,0.1,-0.04266830785971103,0.9999999999999998
2026-03-27,-0.012858790922023468,1,-0.000132285976056437,0.1,0,0,-0.03395270943635564,0.9999999999999998
2026-03-28,0.03187169758626152,1,-0.00266553813289147,0.1,0,0,-0.00010777676426981133,0.7142857142857142
2026-03-29,-0.0078366802884243,1,-0.0017225050110134816,0.2,0.00013522156839985655,0,-0.0025658390062841315,0.42857142857142855
2026-03-30,0.002667748682847463,1,0.00614541492097078,0.3,-0.0010518201064485312,0.15000000000000002,0.007069435764826342,0.42857142857142855
2026-03-31,-0.013037680294075387,1,0.004591750109178974,0.3,0.001755047095055943,0.2,0.01311903844045998,0.42857142857142855
2026-04-01,-0.006040102592291558,1,-0.005548172386612123,0.3,-0.0008127003355216403,0.15000000000000002,0.003018804379292837,0.42857142857142855
2026-04-02,-0.021797056839146744,1,-0.00023188124524403975,0.3,0,0.05,-0.012139462004422293,0.42857142857142855
2026-04-03,-0.0007232042675181476,1,0.0034259584079331944,0.05,-0.00043813618790841246,0,-0.00014940639896618026,0.42857142857142855
2026-04-04,0.0015745920505772521,1,-0.003904699756903483,0.3,0.0001539335301963547,0.1,0.002294245098548935,0.42857142857142855
2026-04-05,-0.004483510439599911,1,0.002670115473541273,0.3,-0.001095582621815538,0.05,0.010153560441570928,0.42857142857142855
2026-04-06,-0.0014081108540331677,1,0.001333724511073342,0.25,0,0.05,-0.0008660061218834304,0.42857142857142855
2026-04-07,0.004182649558838693,1,0,0.15000000000000002,0,0,0.0230662275861805,0.42857142857142855
2026-04-08,0.009870819111010233,1,0.0014428978184052993,0,0.0009219100054133378,0,-0.007329307134326343,0.42857142857142855
2026-04-09,0.022587878852345297,1,0.004360295504490523,0.2,0.00042027776737199927,0.15000000000000002,0.0021816545756350326,0.42857142857142855
2026-04-10,0.0030456176738570123,1,0.000686172523727464,0.3,0.000558105899989414,0.05,0.008876970647153362,0.42857142857142855
2026-04-11,-0.001062623719039523,1,-0.0018959907984444726,0.3,0,0.1,0.00644742444806729,0.7142857142857142
2026-04-12,0.007970022235114175,1,0.0017207939490222089,0.25,0.0003293529451868835,0,-0.03648395267334312,0.9999999999999998
2026-04-13,-0.01717991770191517,1,0.00028694298524897024,0.3,0.0014741905051528193,0.15000000000000002,0.06655280194496425,0.9999999999999998
2026-04-14,-0.003938806511964838,1,0.0025479474009910065,0.2,0.0006790636495081799,0.05,-0.01184669352832862,0.9999999999999998
2026-04-15,0.010426194326756658,1,0.0007855532296396177,0.3,-0.00025354141596903903,0.15000000000000002,0.012649324985941842,0.9999999999999998
2026-04-16,-0.004704818226584423,1,0,0.2,-0.0015122507155949734,0.15000000000000002,-0.00019472974733425463,0.9999999999999998
2026-04-17,-0.0164152375657812,1,-0.0005748484372129496,0,0,0.05,0.027842772326833402,0.9999999999999998
2026-04-18,-0.04133451406639523,1,4.5227937179788566E-05,0.05,0,0,-0.02314817010305458,0.9999999999999998
2026-04-19,0.0236740651676515,1,0.0025963372651424377,0.05,0.0019407267381561723,0,-0.031003258306316277,0.9999999999999998
2026-04-20,0.011536127178276574,1,-0.0005241141123478883,0.2,-0.000649332192544307,0.1,0.02498480786723089,0.9999999999999998
2026-04-21,-0.024479564152983888,1,0.0004218401378284398,0.3,-0.0011721866341179066,0.15000000000000002,0.006140699607306897,0.9999999999999998
2026-04-22,0.013061493822096957,1,-0.0005529960010073865,0.25,0.0007429788814176845,0.15000000000000002,0.022148731482845567,0.9999999999999998
2026-04-23,-0.016415451520819406,1,0.0058845200967523395,0.15000000000000002,-0.00120847078079305,0.05,-0.00871981336047317,0.9999999999999998
2026-04-24,-0.005735647156039491,1,0.00035529017643693805,0.3,-7.969314845036024E-05,0.05,-0.008522087717516778,0.9999999999999998
2026-04-25,0.00415807681325208,1,0.0025763096611460695,0.3,0.0003358984442813835,0.1,0.00218713906133805,0.9999999999999998
2026-04-26,-0.0010168680058013487,1,-0.00018945680905812877,0.3,-0.00035602775312463565,0.25,0.017420494504702285,0.9999999999999998
2026-04-27,4.799744876137304E-05,1,0.0007536911910049184,0.3,0.0008619177646301069,0.15000000000000002,-0.022059106830647372,0.9999999999999998
2026-04-28,-0.0028501838497153554,1,-0.0012319257256197035,0.3,-0.0007668282093732159,0.2,-0.00973751203583489,0.9999999999999998
2026-04-29,-0.001980486568786789,1,2.7362613192735808E-05,0.3,0,0.15000000000000002,-0.011661694933605134,0.9999999999999998
2026-04-30,-0.01816887236273922,1,0.004837797707726395,0.1,-0.00023575702409584664,0.05,0.00476144720588345,0.9999999999999998
2026-05-01,-0.021964167688746983,1,0.0050584279704153235,0.3,-0.0026473680026508645,0.3,0.020785002651524158,0.9999999999999998
2026-05-02,0.01056184586839583,1,-0.0012953058080533992,0.3,0.003979187435956873,0.3,0.0075605489166812295,0.9999999999999998
2026-05-03,-0.008404353183209992,1,0.0007114175592753326,0.3,0.0003454931252369988,0.3,0.0004742789506560485,0.9999999999999998
2026-05-04,-0.009773649589962026,1,0.0037409830735923607,0.3,9.70322289761043E-05,0.3,0.013503306224376784,0.9999999999999998
2026-05-05,-0.024827199018222144,1,0.0009162621390767071,0.3,-0.0022606005816462583,0.25,0.00943458740950731,0.9999999999999998
2026-05-06,-0.025621885364358592,1,0.0014853172296068352,0.2,0.002752435265304712,0.1,0.0012453536809331474,0.9999999999999998
2026-05-07,1.747417832087192E-05,1,0.003930970733734057,0.3,-0.003671941201186428,0.3,-0.021560908014409068,0.9999999999999998
2026-05-08,0.008743214424332063,1,0.0004276770797171139,0.3,0,0.3,0.004663803136338184,0.9999999999999998
2026-05-09,0.002757419965748604,1,0.00031867913773498915,0.05,-0.0016194755290175635,0,0.007221180092478073,0.9999999999999998
2026-05-10,0.01381716215825567,1,0.0013040669735444226,0.05,0,0.1,0.01912731265675149,0.9999999999999998
2026-05-11,-0.0061637820558857965,1,-0.003246545993691825,0.3,0.0025390840002396543,0.05,-0.009441267729601131,0.9999999999999998
2026-05-12,-0.0042172935588464695,1,-0.002972836883587206,0.3,0.0026834717670824377,0.1,-0.021462148605016933,0.9999999999999998
2026-05-13,0.007021119893843089,1,9.073776058721705E-05,0.25,0,0.1,-0.0109808979198408,0.9999999999999998
2026-05-14,-0.013151231780754783,1,-0.0008254914247822853,0.05,0,0,0.016644226143086024,0.9999999999999998
2026-05-15,-0.0026111485235634554,1,0,0.05,0,0,-0.025023644664108606,0.9999999999999998
2026-05-16,0.004752176822587185,1,0.00041735088844006894,0.05,0.0006435588943274979,0,-0.011701449531446797,0.7142857142857142
2026-05-17,-0.014258444099691847,1,-0.0008938159147660372,0.3,0.0005258926837352646,0.1,-0.0070835296527243605,0.42857142857142855
2026-05-18,0.0035515202463086825,1,0.00038203846588203306,0.1,0.0017700056098931328,0.05,-0.0007511498210213382,0.14285714285714285
2026-05-19,0.006594772968552614,1,0.005038726892021259,0.3,-0.0016226659055203073,0.1,0.0004888891449271477,0.14285714285714285
2026-05-20,-0.0030620789931279837,1,0.004032094614098242,0.3,-0.0014790552741587818,0.3,-0.004010275759444349,0.42857142857142855
2026-05-21,0.001828027407565872,1,-0.0015504730614563868,0.3,0.0018610043026938002,0.3,-0.0012005444883581471,0.7142857142857142
2026-05-22,-0.01127911583087643,1,0,0.3,0.0005312558109264956,0.3,0.029042426804526195,0.9999999999999998
2026-05-23,0.011134217814412421,1,-0.0006660557940781473,0.05,0,0,-0.0204360399958452,0.9999999999999998
2026-05-24,0.013998821773785917,1,0.0014036857947135105,0.1,0,0,0.0023802665123178043,0.9999999999999998
2026-05-25,-0.008323425714754574,1,-0.0004939549994771823,0.15000000000000002,0,0,-0.004613239995590626,0.9999999999999998
2026-05-26,0.006937936787756237,1,0.001498744065741448,0,-0.000118076498354867,0,0.018457550293182825,0.9999999999999998
2026-05-27,-0.006920942948472524,1,-0.000643201896742994,0.3,0,0.05,0.021690347385892778,0.9999999999999998
2026-05-28,-0.012068203122152128,1,-0.0006700238987934882,0.05,0,0,0.009533042743593465,0.9999999999999998
2026-05-29,0.004738359998532221,1,0.0010433921679489232,0.1,0.00028446726508673235,0.05,7.643664764363128E-05,0.9999999999999998
2026-05-30,0.011428485376563281,1,0.0008343111907254297,0.3,-0.0008463627997984986,0.3,-0.004657306509945977,0.9999999999999998
2026-05-31,0.0014185018252248188,1,0,0.3,0,0.2,0.005336138494966953,0.9999999999999998
2026-06-01,-0.004969210622095462,1,-0.001465827613136298,0,0,0,0.01575474843252972,0.9999999999999998
2026-06-02,0.008707093241888397,1,0,0.05,0,0,0.0692948962085758,0.9999999999999998
2026-06-03,0.0037810725210801325,1,0,0,0,0,0.032395205829135014,0.9999999999999998
2026-06-04,-0.002214577800707533,1,-0.0006461468902418801,0,0,0,0.013790196156494612,0.9999999999999998
2026-06-05,-0.022740920987868556,1,0,0.05,0,0,0.07493910727400699,0.9999999999999998
2026-06-06,0.006823895708076123,1,0,0,0,0,0.0057174629232565125,0.9999999999999998
2026-06-07,0.007491268575528643,1,0.002580753792772157,0,-0.00020941771033881196,0,-0.05868775095394103,0.9999999999999998
2026-06-08,0.003966867987157804,1,0.0016198729518143865,0.3,0,0.05,0.0018800952024443812,0.9999999999999998
2026-06-09,0.0036560214420132764,1,-0.002352218406209431,0.3,0.003156226747511255,0.1,0.025812381024449566,0.9999999999999998
2026-06-10,-0.01025996355917979,1,0.0024923012441663557,0.3,-0.0017394090913999208,0.2,0.007155144028176287,0.9999999999999998
2026-06-11,0.00023045908379479383,1,0.005568571201514714,0.2,0.002927846678659762,0.3,-0.03318313090392609,0.9999999999999998
2026-06-12,-0.017007860780092417,1,0.008799244546433556,0.3,0.00020729938875797414,0.3,0.0024646238760961526,0.9999999999999998
2026-06-13,-0.009515907891249844,1,-0.004673849140443963,0.3,-0.0006991586050150999,0.3,-0.011300301534646309,0.9999999999999998
2026-06-14,0.0035444825666589245,1,0,0.3,0,0.1,-0.023291616973318358,0.9999999999999998
2026-06-15,-0.011038708758830094,1,0,0,0,0,-0.02481385461890506,0.9999999999999998
2026-06-16,0.006928356867838201,1,0.0016789660374663526,0,4.572090181227395E-06,0,0.005803105599464104,0.9999999999999998
2026-06-17,0.0135000597252044,1,-0.0010725646984262767,0.3,0,0.05,0.02068177076442414,0.9999999999999998
2026-06-18,0.00467236164038062,1,0.0019117856612058403,0.1,0,0,0.02335645843705316,0.9999999999999998
2026-06-19,0.014942188120435422,1,0.0034248667824963376,0.05,0.00021484232094235266,0,-0.004596961469689851,0.9999999999999998
2026-06-20,0.019829254898570167,1,0.0011621539762011253,0.3,0.0013513141962857844,0.1,-0.014545503021682579,0.9999999999999998
2026-06-21,0.009332465221287414,1,-0.0017393697293359765,0.3,0.0006507676144733523,0.25,0.01757692955465957,0.9999999999999998
2026-06-22,0.006208915371501932,1,-0.000886677775440603,0.3,0,0.15000000000000002,-0.011770740093336786,0.9999999999999998
2026-06-23,-0.007507332785171573,1,-0.0005928916716552522,0.15000000000000002,0,0,0.027718532775954423,0.9999999999999998
2026-06-24,0.003200664093329077,1,0,0.05,0,0,0.02673559974027016,0.9999999999999998
2026-06-25,-0.008524607011437835,1,0,0,0,0,0.02722843200270423,0.9999999999999998
2026-06-26,0.00932007335732896,1,-0.0001430796801228098,0,0,0,-0.005868836179645764,0.9999999999999998
2026-06-27,-0.004288700803887159,1,-0.002155967857802807,0.3,0.0009143387651570265,0.05,0.002090498646773628,0.9999999999999998
2026-06-28,0.001057580672871448,1,0.009476538930573496,0.3,-0.0011887093562365863,0.1,0.004436686859002656,0.9999999999999998
2026-06-29,-0.007421437157951314,1,-0.0040655777638535255,0.3,0.0006542968757091785,0.25,-0.018649433896974668,0.9999999999999998
2026-06-30,-0.0054521336264254485,1,0,0.3,0,0.05,0.026455537431285637,0.9999999999999998
2026-07-01,0.0003505717125765149,1,0,0.05,0,0,-0.02375893897594518,0.9999999999999998
2026-07-02,0.00025493641787519884,1,0,0.05,0,0,-0.04085335255075655,0.9999999999999998
2026-07-03,0.000270979197646906,1,0,0.05,0,0,-0.025017632673388586,0.9999999999999998
2026-07-04,0.00010872419296547278,1,0,0.05,0,0,-0.010694353280838932,0.9999999999999998
2026-07-05,-5.552076275964056E-06,1,0,0.05,0,0,-0.005104641731990671,0.9999999999999998
2026-07-06,0.00013937035085356925,1,0,0.05,0,0,-0.005124712069356332,0.7142857142857142
2026-07-07,-0.00017816862466957118,1,0,0.05,0,0,0.005375371112412611,0.42857142857142855
2026-07-08,-8.511054215218563E-06,1,0,0.05,0,0,0.0020562135128227824,0.14285714285714285
2026-07-09,-3.390365174051073E-05,1,0,0.05,0,0,0.0008442743693804871,0.14285714285714285
2026-07-10,2.56827430397538E-05,1,0,0.05,0,0,0.009203230889733514,0.42857142857142855
2026-07-11,0.00011313099466217825,1,0,0.05,0,0,-0.004014357081055536,0.7142857142857142
2026-07-12,8.72547566978843E-05,1,0.0024188924686491193,0.05,0,0,0.004719469629026606,0.9999999999999998
2026-07-13,0.0015227416727981958,1,0.00204757871294828,0.15000000000000002,-0.0008417941968980358,0,-0.019658641689008324,0.9999999999999998
2026-07-14,-0.005853536721097729,1,0.0039245451790693555,0.15000000000000002,0.00016317300742912266,0.1,0.054141518015485154,0.9999999999999998
2026-07-15,-0.006804732690312773,1,-0.0018673732125071183,0.3,0.0022273576816687637,0.15000000000000002,0.004657208132165245,0.9999999999999998
2026-07-16,0.007208137090973153,1,-0.000445244672108629,0.3,0.00027967091101390904,0.2,-0.02100709355297197,0.9999999999999998
2026-07-17,-0.0017407209514084406,1,0.0009877368506286074,0.2,0,0,-0.005310663829192373,0.9999999999999998
2026-07-18,0.00881532614749771,1,-0.00043636894900328114,0.3,0,0,0.01266956189255308,0.9999999999999998
2026-07-19,-0.0008807984532276606,1,-0.0006267823174596288,0.3,0,0,0.0017239627618623186,0.9999999999999998
2026-07-20,0.0037486787292119917,1,0.0015467222025986303,0.25,-0.00039384478520673835,0.05,0.012804721302092089,0.9999999999999998
2026-07-21,-0.0032900851078351027,1,-2.6929290509769997E-05,0.15000000000000002,0.0009098130799629871,0.05,0.016612220238714667,0.9999999999999998
2026-07-22,0.00825091108564091,1,0.00213549836571201,0.3,0.001375653176690321,0.1,-0.002237614701638634,0.9999999999999998
2026-07-23,-0.00531078022310512,1,0.001491244993338114,0.3,0,0.15000000000000002,-0.022124810275752575,0.9999999999999998
2026-07-24,0.0010383941684323065,1,0.0007692276470563684,0.1,0,0,-0.011874757933254262,0.9999999999999998
2026-07-25,-0.0062881735616782996,1,-4.114058964751166E-05,0.25,-0.0004975884193829643,0,0.005442116410514506,0.9999999999999998
2026-07-26,-0.009042970667368398,1,-0.0015992084420595348,0.1,0,0.05,0.02925311549851272,0.9999999999999998
2026-07-27,-0.013572962060257068,1,0.0001651671046604406,0.15000000000000002,0,0,-0.0284775268532168,0.9999999999999998
2026-07-28,-0.0017379630873907543,1,0,0.05,0,0,0.009092039329701927,0.9999999999999998
2026-07-29,-0.011831800506075438,1,0.001697449677990562,0,0.0014978944626225256,0,-0.002449284905413961,0.9999999999999998
2026-07-30,-0.004930307876412373,1,-0.0002199455250192841,0.3,0.0015137997273905058,0.15000000000000002,0.008207024233838787,0.9999999999999998
2026-07-31,-0.004800628073660246,1,-6.546164346218574E-05,0.3,-0.0008447721325137536,0.3,-0.02912754801686928,0.9999999999999998
2026-08-01,0.006014609189860274,1,0.00280161445226463,0.3,0.00226543893438793,0.25,-0.005248671380815916,0.9999999999999998
2026-08-02,-0.005897957484662089,1,0.0002820545821537053,0.3,0.0016171339079357949,0.25,0.01689163598548193,0.9999999999999998
2026-08-03,0.009867312270538418,1,0.0010087162361123775,0.3,0.00022255902889332902,0.25,-0.006986251189739166,0.9999999999999998
2026-08-04,-0.0035447096607728722,1,0.002805474975114521,0.3,0.0019907891475686485,0.05,0.0071002531880463,0.9999999999999998
2026-08-05,0.008699527609875458,1,0.003613643930735407,0.3,-3.403148044412774E-05,0.3,0.014832229460009169,0.9999999999999998
2026-08-06,-0.0037142094426566236,1,-0.0007229265251569359,0.3,-0.0014459565772933728,0.3,-0.0039014086426731867,0.9999999999999998
2026-08-07,0.002069132155564577,1,0.0012549574898851005,0.3,-0.0006617316662097892,0.15000000000000002,0.007310276046171403,0.9999999999999998
2026-08-08,-0.005370665587393928,1,0.0002951713493623629,0.3,-0.00028960950345322087,0.25,0.000972125594649653,0.9999999999999998
2026-08-09,-0.015888716150554226,1,6.519511698365932E-05,0.1,0,0.2,-0.002060813043884224,0.9999999999999998
2026-08-10,0.009496085398852796,1,0.0006010279845670538,0.15000000000000002,0,0,-0.01698766314740485,0.9999999999999998
2026-08-11,-0.010643084755321705,1,-0.002418278050831077,0.2,0,0,-0.00037751263302637783,0.9999999999999998
2026-08-12,0.00021464256937474245,1,0.0009888483746178735,0.15000000000000002,0,0,-0.001681901747481895,0.9999999999999998
2026-08-13,0.0020256650618543934,1,-0.0013470376797076824,0.2,0,0,0.0017772868573396878,0.9999999999999998
2026-08-14,-0.018270120069033235,1,0.0015423747271875073,0.3,0,0,-0.0035659329620323452,0.7142857142857142
2026-08-15,0.014890877878096436,1,-0.0043946805727848644,0.3,0,0,-0.00010561865393746679,0.42857142857142855
2026-08-16,0.00936333467605835,1,0.001500215964730387,0.3,0,0,-0.0007621546219183029,0.14285714285714285
2026-08-17,-0.0011599802407698408,1,-0.0029336638495046827,0.3,0.0020048830138896393,0,0.0032842550654488584,0.14285714285714285
2026-08-18,0.00014467510862788135,1,0.00339819433245907,0.3,-0.0010740152833466255,0.1,0.00037298179900786225,0.14285714285714285
2026-08-19,-0.00048429230585825093,1,0,0.3,0,0.05,0.017561997871423554,0.14285714285714285
2026-08-20,-0.002447345179635162,1,0.0009800468877679122,0.05,0,0,0.006150649554554577,0.14285714285714285
2026-08-21,-0.000714701118684876,1,0,0.05,0,0,0.03273414034675543,0.42857142857142855
2026-08-22,0.011122817009545654,1,0,0,0,0,-0.01935879497177996,0.7142857142857142
2026-08-23,-0.0021241260837820517,1,0.0030265474358777736,0,0.0019912278428125775,0,0.012400282146677063,0.9999999999999998
2026-08-24,0.00804820314973105,1,0.003711281021222021,0.3,-0.0018840129556508601,0.25,0.011930686351959593,0.9999999999999998
2026-08-25,0.027882848792710416,1,0.0015436785326985501,0.3,0.001684295271077417,0.2,-0.010859865910622156,0.9999999999999998
2026-08-26,0.0008325299397034581,1,-0.0004033710670214532,0.2,-0.0008804694903037671,0.05,0.01621235021333167,0.9999999999999998
2026-08-27,0.009251910026945732,1,0,0.05,0,0,0.00858589897768802,0.9999999999999998
2026-08-28,0.0010571668499667554,1,0,0.05,0,0,-0.028547077796905566,0.9999999999999998
2026-08-29,0.0006640132396190553,1,0,0.05,0,0,0.005512880339313296,0.9999999999999998
2026-08-30,0.00029169635636893196,1,0,0.05,0,0,-0.011798968580333077,0.9999999999999998
2026-08-31,0.0003278625678652471,1,0,0.05,0,0,0.016287371960537308,0.9999999999999998
2026-09-01,0.0005792369250409407,1,0,0.05,0,0,-0.01720887709010138,0.9999999999999998
2026-09-02,0.0004568610898970568,1,0,0.05,0,0,-0.0061527785285518935,0.9999999999999998
2026-09-03,0.00042183746719140676,1,0,0.05,0,0,0.04957231500420255,0.9999999999999998
2026-09-04,0.000407830687817185,1,0,0.05,0,0,-0.0201998567480916,0.9999999999999998
2026-09-05,0.00018406586453180592,1,0,0.05,0,0,0.006055137179734048,0.9999999999999998
2026-09-06,5.341836243500502E-05,1,0,0.05,0,0,0.010078883500301169,0.9999999999999998
2026-09-07,0.0001564479335990434,1,0,0.05,0,0,-0.01248972399734782,0.9999999999999998
2026-09-08,-0.0012573709188178112,1,0,0.05,0,0,-0.005169307543241241,0.9999999999999998
2026-09-09,-0.0006844575465155448,1,0,0.05,0,0,-0.004358279947613507,0.9999999999999998
2026-09-10,-0.0001382263339708931,1,0.00042345612978374447,0.05,0,0,-0.01714662826098212,0.9999999999999998
2026-09-11,0.017675778567231834,1,0.00011297285330101659,0.05,0.0011156940156856763,0,0.020319940558060186,0.9999999999999998
2026-09-12,0.09329970875390273,1,0.00024332533344659167,0.2,-0.0016879188423079086,0.05,0.0022268928182055388,0.9999999999999998
2026-09-13,0.23620274775337202,1,-8.804077344075268E-05,0.3,0.001121417209211586,0.05,-0.012489421456521486,0.9999999999999998
2026-09-14,-0.10874730911933218,1,-0.0004946447129693752,0.3,-0.0007225403344527877,0.1,0.016561379114383042,0.9999999999999998
2026-09-15,-0.002923419174863792,1,0,0.3,0,0.1,-0.0396180409833558,0.9999999999999998
2026-09-16,0.05535453037634058,1,0.0028096169248474326,0,0.002802346250305391,0,0.00788126256521948,0.9999999999999998
2026-09-17,0.013846705673547269,1,0.0022829085891924025,0.3,-0.00298508567247427,0.2,0.0073846529880303696,0.9999999999999998
2026-09-18,0.031244127702046515,1,0,0.25,0,0.15000000000000002,0.06290909652374764,0.9999999999999998
2026-09-19,-0.0014875206220808686,1,0,0,0,0,0.006198777453067182,0.9999999999999998
2026-09-20,-0.010857589294858517,1,0,0,0,0,0.0019329339710953404,0.9999999999999998
2026-09-21,0.00914116090078673,1,0.000593552605586865,0,0.00010828828271496604,0,0.0582787785066725,0.9999999999999998
2026-09-22,-0.017661768665752874,1,0.0004027454555589429,0.05,-0.000724635864089123,0.1,-0.006439879732359542,0.9999999999999998
2026-09-23,0.04249149964126484,1,0,0.1,0,0,-0.023019627988534512,0.9999999999999998
2026-09-24,0.0134457501456926,1,0.00165760734145897,0,-0.0003387646213539028,0,0.0007006518882420875,0.9999999999999998
2026-09-25,-0.026586246413439662,1,0.0011796763735706008,0.1,0.00010897938863263335,0.25,-0.0011755041303133091,0.9999999999999998
2026-09-26,0.004996041725388238,1,-0.00023080796370277313,0.3,0.0009946615850956277,0.3,0.0028553777222565238,0.9999999999999998
2026-09-27,-0.017378554843711144,1,-9.185461938636763E-05,0.25,0,0,-0.0011937981550821373,0.9999999999999998
2026-09-28,0.010706059919001008,1,0.0002824197176337293,0.05,0,0,-0.005742227040081315,0.9999999999999998
2026-09-29,-0.0024292530707115114,1,0.0030770005345987102,0.05,-0.0007210987687144552,0.05,-0.001015440682015034,0.9999999999999998
2026-09-30,-0.003104745914059833,1,0.0019580666716283303,0.3,0.0027214742729640873,0.3,0.0012597936138297734,0.9999999999999998
2026-10-01,0.04294714472530435,1,0.00306413240057168,0.3,0.0016519427264354363,0.3,0.011313770248250306,0.9999999999999998
2026-10-02,0.0027258615583110285,1,0.0017734399710766411,0.15000000000000002,0.0033720636748487322,0.3,-0.009123474564515786,0.9999999999999998
2026-10-03,0.01065269521207172,1,0.003831225868153297,0.3,-0.0028628101042181696,0.3,0.0048879631587777075,0.9999999999999998
