date,pnl,gross
2017-09-16,0.0,0.0
2017-09-17,-0.0027967088960717456,0.14285714285714285
2017-09-18,-0.03558637962729074,0.2857142857142857
2017-09-19,0.016439082288833517,0.42857142857142855
2017-09-20,-0.00023944807218554515,0.5714285714285714
2017-09-21,0.0607595493096939,0.7142857142857142
2017-09-22,-0.0057995595395137975,0.857142857142857
2017-09-23,-0.07786778975660516,0.9999999999999998
2017-09-24,0.022413851095345046,0.9999999999999998
2017-09-25,-0.060223366163561304,0.9999999999999998
2017-09-26,0.01534619871946787,0.9999999999999998
2017-09-27,-0.07336096909491102,0.9999999999999998
2017-09-28,0.013769424033025383,0.9999999999999998
2017-09-29,0.01821831780476646,0.9999999999999998
2017-09-30,-0.04274590568708801,0.9999999999999998
2017-10-01,-0.0008793377382523713,0.9999999999999998
2017-10-02,0.01225063350422036,0.9999999999999998
2017-10-03,0.016256413523807734,0.9999999999999998
2017-10-04,0.015216096657863974,0.9999999999999998
2017-10-05,-0.016712436461027762,0.7142857142857142
2017-10-06,-0.02232663762597213,0.7142857142857142
2017-10-07,-0.005711877960702052,0.7142857142857142
2017-10-08,-0.016124750350078283,0.7142857142857142
2017-10-09,0.0025508377449101247,0.42857142857142855
2017-10-10,-0.0005072789908013688,0.14285714285714285
2017-10-11,0.0010160628278796289,0.14285714285714285
2017-10-12,0.009048721344788338,0.14285714285714285
2017-10-13,0.03228717537062361,0.42857142857142855
2017-10-14,0.016929490350296904,0.7142857142857142
2017-10-15,-0.019264024814651032,0.9999999999999998
2017-10-16,0.0009412466757475757,0.9999999999999998
2017-10-17,-0.04414271498398874,0.9999999999999998
2017-10-18,-0.013149856615132734,0.9999999999999998
2017-10-19,0.01085582254988476,0.9999999999999998
2017-10-20,0.0223458403886208,0.9999999999999998
2017-10-21,-0.009932588319880751,0.9999999999999998
2017-10-22,-0.011067216078977647,0.9999999999999998
2017-10-23,-0.025073170741433722,0.9999999999999998
2017-10-24,-0.010748723736619944,0.9999999999999998
2017-10-25,0.012564948119781535,0.9999999999999998
2017-10-26,0.017955881553877392,0.9999999999999998
2017-10-27,-0.005521985310096176,0.9999999999999998
2017-10-28,-0.012323567976548874,0.9999999999999998
2017-10-29,0.05955382977421052,0.9999999999999998
2017-10-30,0.0005391168474197514,0.9999999999999998
2017-10-31,0.026245705739057205,0.9999999999999998
2017-11-01,-0.006335251517648462,0.9999999999999998
2017-11-02,0.011701592640079082,0.9999999999999998
2017-11-03,0.044502052596646406,0.9999999999999998
2017-11-04,0.007174787485303145,0.9999999999999998
2017-11-05,-0.005707985531021197,0.9999999999999998
2017-11-06,-0.02124694061154924,0.9999999999999998
2017-11-07,-0.0036693652481219474,0.9999999999999998
2017-11-08,0.03757315041836328,0.9999999999999998
2017-11-09,0.009202040060154622,0.9999999999999998
2017-11-10,-0.07989878303239754,0.9999999999999998
2017-11-11,0.009721901944579166,0.9999999999999998
2017-11-12,-0.04348412301020237,0.9999999999999998
2017-11-13,0.04855953821726613,0.7142857142857142
2017-11-14,0.03186305794743081,0.7142857142857142
2017-11-15,0.031153504019261636,0.7142857142857142
2017-11-16,0.03196446560466399,0.7142857142857142
2017-11-17,-0.009243076492419074,0.7142857142857142
2017-11-18,0.020480963864566593,0.7142857142857142
2017-11-19,0.022328114200484018,0.7142857142857142
2017-11-20,0.026616806310781962,0.9999999999999998
2017-11-21,-0.01460363540567244,0.9999999999999998
2017-11-22,0.034329203044645255,0.9999999999999998
2017-11-23,0.019112781000626074,0.9999999999999998
2017-11-24,0.08462438497442036,0.9999999999999998
2017-11-25,0.02744112131301662,0.9999999999999998
2017-11-26,0.026590950822267027,0.9999999999999998
2017-11-27,0.03883445921764427,0.9999999999999998
2017-11-28,0.006276629965457746,0.9999999999999998
2017-11-29,-0.05801565888688197,0.9999999999999998
2017-11-30,0.014960624553573717,0.9999999999999998
2017-12-01,0.08211440000806511,0.9999999999999998
2017-12-02,0.005682990492113236,0.9999999999999998
2017-12-03,0.015317519962650402,0.9999999999999998
2017-12-04,0.025072671605104395,0.9999999999999998
2017-12-05,-0.009856254217908585,0.9999999999999998
2017-12-06,0.03582467849419712,0.9999999999999998
2017-12-07,0.1044757304485994,0.9999999999999998
2017-12-08,0.022669832385765917,0.9999999999999998
2017-12-09,-0.01858358651969477,0.9999999999999998
2017-12-10,-0.02586522810520147,0.9999999999999998
2017-12-11,0.14979582312968726,0.9999999999999998
2017-12-12,0.10450165647855827,0.9999999999999998
2017-12-13,0.04004791578886656,0.9999999999999998
2017-12-14,0.00641709634391635,0.9999999999999998
2017-12-15,0.03175414448873764,0.9999999999999998
2017-12-16,0.051740920745391265,0.9999999999999998
2017-12-17,0.012132153433731639,0.9999999999999998
2017-12-18,0.05386916773724619,0.9999999999999998
2017-12-19,-0.03246486576068946,0.9999999999999998
2017-12-20,-0.025669993940399365,0.9999999999999998
2017-12-21,-0.03600463312218715,0.9999999999999998
2017-12-22,-0.16542797025038442,0.9999999999999998
2017-12-23,0.0030793984707693225,0.9999999999999998
2017-12-24,0.022409556444638705,0.9999999999999998
2017-12-25,0.04811696356957506,0.9999999999999998
2017-12-26,0.09924275779559719,0.9999999999999998
2017-12-27,-0.014697043866383038,0.9999999999999998
2017-12-28,-0.061314082566965286,0.9999999999999998
2017-12-29,0.022823616292564013,0.9999999999999998
2017-12-30,-0.10680705459812587,0.9999999999999998
2017-12-31,0.09447989356013362,0.9999999999999998
2018-01-01,0.0028356939877457465,0.9999999999999998
2018-01-02,0.11518381535318964,0.9999999999999998
2018-01-03,0.053945113170623886,0.9999999999999998
2018-01-04,0.00788934758274029,0.9999999999999998
2018-01-05,0.07268487768538688,0.9999999999999998
2018-01-06,0.02708215542250291,0.9999999999999998
2018-01-07,0.03454404735836091,0.9999999999999998
2018-01-08,-0.036087563208344935,0.9999999999999998
2018-01-09,0.05280855912453923,0.9999999999999998
2018-01-10,0.002459136987593036,0.9999999999999998
2018-01-11,-0.10200271494213639,0.9999999999999998
2018-01-12,0.07096744024960754,0.9999999999999998
2018-01-13,0.07025543437135072,0.9999999999999998
2018-01-14,-0.040205019584128684,0.9999999999999998
2018-01-15,-0.02860469525553288,0.9999999999999998
2018-01-16,-0.20218708734343838,0.9999999999999998
2018-01-17,0.002082341667613942,0.7142857142857142
2018-01-18,-0.0019815866953146757,0.42857142857142855
2018-01-19,0.005875116988200518,0.14285714285714285
2018-01-20,-0.016714266488006214,0.14285714285714285
2018-01-21,0.013238939262633647,0.14285714285714285
2018-01-22,0.008368796136918311,0.14285714285714285
2018-01-23,8.79499663645675e-05,0.14285714285714285
2018-01-24,0.009104446615026135,0.14285714285714285
2018-01-25,-0.004440648652845009,0.42857142857142855
2018-01-26,-0.004797548737812186,0.7142857142857142
2018-01-27,0.05056116702819086,0.9999999999999998
2018-01-28,0.07593565042347349,0.9999999999999998
2018-01-29,-0.05644159403045278,0.9999999999999998
2018-01-30,-0.08458128577160327,0.9999999999999998
2018-01-31,0.021745639771080568,0.9999999999999998
2018-02-01,-0.088891638746629,0.9999999999999998
2018-02-02,-0.05443241155798419,0.7142857142857142
2018-02-03,0.018575701263918686,0.42857142857142855
2018-02-04,-0.01920919887982856,0.14285714285714285
2018-02-05,0.020793414731479873,0.14285714285714285
2018-02-06,-0.04839533353302557,0.42857142857142855
2018-02-07,0.012374460176574205,0.7142857142857142
2018-02-08,-0.03368947691478681,0.9999999999999998
2018-02-09,-0.12003424995131597,0.9999999999999998
2018-02-10,0.022271796379403432,0.9999999999999998
2018-02-11,0.05007924662370316,0.9999999999999998
2018-02-12,-0.08736450580783026,0.9999999999999998
2018-02-13,0.034639946858956314,0.9999999999999998
2018-02-14,-0.09986588873271836,0.9999999999999998
2018-02-15,-0.03233206828663679,0.9999999999999998
2018-02-16,-0.016322100570969545,0.9999999999999998
2018-02-17,-0.060308884058116304,0.9999999999999998
2018-02-18,0.06036817709103964,0.9999999999999998
2018-02-19,-0.052793634522689925,0.9999999999999998
2018-02-20,0.028597157847525603,0.9999999999999998
2018-02-21,0.059439360816716635,0.9999999999999998
2018-02-22,0.05055049141194007,0.9999999999999998
2018-02-23,-0.047431474156414,0.9999999999999998
2018-02-24,0.0303473958347894,0.9999999999999998
2018-02-25,-0.0009081532207708808,0.9999999999999998
2018-02-26,-0.0550194421260881,0.9999999999999998
2018-02-27,-0.014832053828769502,0.9999999999999998
2018-02-28,0.0237039089177402,0.9999999999999998
2018-03-01,-0.03897863375970422,0.9999999999999998
2018-03-02,0.004760616298837183,0.9999999999999998
2018-03-03,-0.018309333328618397,0.9999999999999998
2018-03-04,-0.0054944893519508825,0.7142857142857142
2018-03-05,0.005703745242720576,0.42857142857142855
2018-03-06,0.007475013364088987,0.14285714285714285
2018-03-07,-0.011321671710415015,0.14285714285714285
2018-03-08,-0.029519348424895113,0.42857142857142855
2018-03-09,0.012737219369831335,0.7142857142857142
2018-03-10,-0.0549656868967874,0.9999999999999998
2018-03-11,0.051996209095143346,0.7142857142857142
2018-03-12,-0.01661651869681218,0.42857142857142855
2018-03-13,-0.000791238027674455,0.14285714285714285
2018-03-14,0.015448457700298722,0.14285714285714285
2018-03-15,-0.002284180548486811,0.42857142857142855
2018-03-16,0.003090524767668642,0.7142857142857142
2018-03-17,0.06761320021763181,0.9999999999999998
2018-03-18,-0.01479423433561081,0.9999999999999998
2018-03-19,-0.043227905835141814,0.9999999999999998
2018-03-20,-0.018620920485696732,0.9999999999999998
2018-03-21,-0.000747701302432881,0.9999999999999998
2018-03-22,0.026616304360851745,0.9999999999999998
2018-03-23,-0.013355172912273842,0.9999999999999998
2018-03-24,0.04088870109198294,0.9999999999999998
2018-03-25,0.0006804624594660807,0.9999999999999998
2018-03-26,0.056728737680379775,0.9999999999999998
2018-03-27,0.057438932316411895,0.9999999999999998
2018-03-28,-0.007968481362674393,0.9999999999999998
2018-03-29,0.12375871949375436,0.9999999999999998
2018-03-30,0.0027138937535736954,0.9999999999999998
2018-03-31,-0.010193439773345657,0.9999999999999998
2018-04-01,0.024797881552105383,0.9999999999999998
2018-04-02,-0.027283257080024142,0.9999999999999998
2018-04-03,-0.06344909567206689,0.9999999999999998
2018-04-04,0.0856062157231843,0.9999999999999998
2018-04-05,-0.004191073857983944,0.9999999999999998
2018-04-06,0.027764126029068574,0.9999999999999998
2018-04-07,-0.04459797194824074,0.9999999999999998
2018-04-08,-0.029049735157434326,0.9999999999999998
2018-04-09,0.017588394751463555,0.9999999999999998
2018-04-10,-0.026992773735475442,0.9999999999999998
2018-04-11,-0.02747912264872797,0.9999999999999998
2018-04-12,-0.14503457489856172,0.9999999999999998
2018-04-13,0.0026250245309857637,0.9999999999999998
2018-04-14,-0.01645125152724765,0.9999999999999998
2018-04-15,-0.053260069129853684,0.9999999999999998
2018-04-16,0.03777091611493887,0.9999999999999998
2018-04-17,0.020090984867800667,0.9999999999999998
2018-04-18,-0.04174191538453263,0.9999999999999998
2018-04-19,-0.04584119573162477,0.9999999999999998
2018-04-20,-0.07834074038602297,0.9999999999999998
2018-04-21,0.0043165574781804175,0.7142857142857142
2018-04-22,-0.0027821576684409857,0.42857142857142855
2018-04-23,-0.004257327771535187,0.14285714285714285
2018-04-24,0.011446213811636683,0.14285714285714285
2018-04-25,-0.042482670078225024,0.42857142857142855
2018-04-26,0.04099805627904849,0.7142857142857142
2018-04-27,-0.03295561674415462,0.9999999999999998
2018-04-28,0.05541864901807268,0.9999999999999998
2018-04-29,0.009069505887759009,0.9999999999999998
2018-04-30,-0.023606463342350607,0.9999999999999998
2018-05-01,-0.008536190141438525,0.9999999999999998
2018-05-02,0.022040533207305472,0.9999999999999998
2018-05-03,0.09283333839665184,0.9999999999999998
2018-05-04,0.0025184161153352087,0.9999999999999998
2018-05-05,0.0291634158935895,0.9999999999999998
2018-05-06,-0.025663661774966644,0.9999999999999998
2018-05-07,-0.04131806234904249,0.9999999999999998
2018-05-08,-0.012646665518031062,0.9999999999999998
2018-05-09,0.009467508057942274,0.9999999999999998
2018-05-10,-0.03638653451811346,0.9999999999999998
2018-05-11,-0.06464651780980661,0.9999999999999998
2018-05-12,0.009747311628443332,0.9999999999999998
2018-05-13,0.04456793914201172,0.9999999999999998
2018-05-14,-0.0020316910057170397,0.9999999999999998
2018-05-15,-0.027141034464666196,0.9999999999999998
2018-05-16,-0.006458977896744321,0.9999999999999998
2018-05-17,-0.04519425970727846,0.9999999999999998
2018-05-18,0.03159179650188159,0.9999999999999998
2018-05-19,0.0024230625879682606,0.9999999999999998
2018-05-20,0.031566952734504265,0.9999999999999998
2018-05-21,-0.021521019875245344,0.9999999999999998
2018-05-22,-0.0647677438299271,0.9999999999999998
2018-05-23,-0.05705624384694306,0.7142857142857142
2018-05-24,0.011141152542420697,0.42857142857142855
2018-05-25,-0.003409667561904426,0.14285714285714285
2018-05-26,0.0008207571073683245,0.14285714285714285
2018-05-27,0.0049229944204308975,0.42857142857142855
2018-05-28,0.048204522181924746,0.7142857142857142
2018-05-29,-0.08041184330059288,0.9999999999999998
2018-05-30,0.013912111180623514,0.9999999999999998
2018-05-31,-0.024878346232315607,0.9999999999999998
2018-06-01,-0.0034345566703318777,0.9999999999999998
2018-06-02,-0.01793159474164718,0.9999999999999998
2018-06-03,-0.029776464870752375,0.9999999999999998
2018-06-04,0.03765581103052167,0.9999999999999998
2018-06-05,-0.024781827264084726,0.9999999999999998
2018-06-06,0.00029059383665314836,0.9999999999999998
2018-06-07,-0.0007527819303845933,0.9999999999999998
2018-06-08,0.010685192732930813,0.9999999999999998
2018-06-09,0.013294613263126196,0.9999999999999998
2018-06-10,0.10606963277241871,0.9999999999999998
2018-06-11,-0.0158883937443072,0.9999999999999998
2018-06-12,0.0599550580358008,0.9999999999999998
2018-06-13,0.03588326377710614,0.9999999999999998
2018-06-14,-0.07433731982821593,0.9999999999999998
2018-06-15,0.04907033660990517,0.9999999999999998
2018-06-16,-0.018368442302061132,0.9999999999999998
2018-06-17,0.0008058999755184528,0.9999999999999998
2018-06-18,-0.041746565862973546,0.9999999999999998
2018-06-19,-0.02159763482252402,0.9999999999999998
2018-06-20,-0.0013427157578200719,0.9999999999999998
2018-06-21,0.012034855509181085,0.9999999999999998
2018-06-22,0.11051208864223366,0.9999999999999998
2018-06-23,-0.023617767251063012,0.9999999999999998
2018-06-24,0.019332328893970886,0.9999999999999998
2018-06-25,-0.014558499282063165,0.9999999999999998
2018-06-26,0.04649972114437495,0.9999999999999998
2018-06-27,-0.019110522285728845,0.9999999999999998
2018-06-28,0.04676174193993578,0.9999999999999998
2018-06-29,-0.04683479387977983,0.9999999999999998
2018-06-30,-0.03792779509089383,0.9999999999999998
2018-07-01,0.004635085480639622,0.9999999999999998
2018-07-02,-0.04673392961419837,0.9999999999999998
2018-07-03,0.02296108913940403,0.9999999999999998
2018-07-04,-0.011592882232009522,0.9999999999999998
2018-07-05,0.0036346637721447186,0.9999999999999998
2018-07-06,-0.009046728250826972,0.9999999999999998
2018-07-07,-0.026906296461262073,0.9999999999999998
2018-07-08,0.0020544824278412857,0.9999999999999998
2018-07-09,0.01880764029686453,0.9999999999999998
2018-07-10,0.06898424970552268,0.9999999999999998
2018-07-11,-0.020824271161949286,0.9999999999999998
2018-07-12,0.02528026739054882,0.9999999999999998
2018-07-13,0.001232206383272575,0.9999999999999998
2018-07-14,-0.0039332872388458855,0.9999999999999998
2018-07-15,-0.028008510177238117,0.9999999999999998
2018-07-16,-0.06164708302402393,0.9999999999999998
2018-07-17,-0.06556177889768687,0.9999999999999998
2018-07-18,0.010550846295917671,0.7142857142857142
2018-07-19,0.001957855687028156,0.42857142857142855
2018-07-20,0.01275803892615989,0.42857142857142855
2018-07-21,-0.007144205334144488,0.42857142857142855
2018-07-22,0.0014145250245438349,0.42857142857142855
2018-07-23,-0.0022987971213816547,0.14285714285714285
2018-07-24,0.010582315583662705,0.14285714285714285
2018-07-25,-0.0029477526561539264,0.14285714285714285
2018-07-26,-0.0037372664617110114,0.14285714285714285
2018-07-27,0.010638622504443774,0.42857142857142855
2018-07-28,3.707247090183502e-05,0.7142857142857142
2018-07-29,-0.003331539203453614,0.9999999999999998
2018-07-30,-0.013356333647918881,0.9999999999999998
2018-07-31,-0.052955762705450035,0.9999999999999998
2018-08-01,-0.022449740369810726,0.9999999999999998
2018-08-02,-0.016489638172782647,0.9999999999999998
2018-08-03,0.0009381586289481936,0.9999999999999998
2018-08-04,-0.03956298728676137,0.9999999999999998
2018-08-05,0.001799310538581129,0.7142857142857142
2018-08-06,-0.004897613727684199,0.42857142857142855
2018-08-07,-0.0072658603733358525,0.14285714285714285
2018-08-08,0.008590733374640662,0.14285714285714285
2018-08-09,-0.01396727005392042,0.42857142857142855
2018-08-10,0.05101203030486625,0.7142857142857142
2018-08-11,0.01500327593832658,0.9999999999999998
2018-08-12,-0.006507334580530243,0.9999999999999998
2018-08-13,0.059007736675660796,0.9999999999999998
2018-08-14,0.014312150521561793,0.9999999999999998
2018-08-15,-0.012096612513890692,0.9999999999999998
2018-08-16,-0.014407317004482376,0.9999999999999998
2018-08-17,-0.07448266616033775,0.9999999999999998
2018-08-18,0.05158535616252379,0.9999999999999998
2018-08-19,-0.01694987583474005,0.9999999999999998
2018-08-20,0.0661598880888502,0.9999999999999998
2018-08-21,-0.037797623659658386,0.9999999999999998
2018-08-22,0.02816814243799617,0.9999999999999998
2018-08-23,-0.022864930199621585,0.9999999999999998
2018-08-24,-0.020522650850098374,0.9999999999999998
2018-08-25,0.003557071076122897,0.9999999999999998
2018-08-26,0.009361102980547303,0.9999999999999998
2018-08-27,-0.03936387308233969,0.9999999999999998
2018-08-28,-0.024596237707596634,0.9999999999999998
2018-08-29,0.016719377328153227,0.9999999999999998
2018-08-30,0.011864502867545723,0.9999999999999998
2018-08-31,0.003018128217539705,0.9999999999999998
2018-09-01,-0.03828271533252298,0.9999999999999998
2018-09-02,-0.004332089022595185,0.9999999999999998
2018-09-03,0.014843577795091939,0.9999999999999998
2018-09-04,0.0014623184559817348,0.9999999999999998
2018-09-05,0.14548273827736907,0.9999999999999998
2018-09-06,0.009545989760751255,0.9999999999999998
2018-09-07,0.04052750295056223,0.9999999999999998
2018-09-08,0.05902875101360452,0.9999999999999998
2018-09-09,-0.004000032468947336,0.9999999999999998
2018-09-10,-0.008148941938836392,0.9999999999999998
2018-09-11,0.031936477140700754,0.9999999999999998
2018-09-12,0.0024066358295330263,0.9999999999999998
2018-09-13,-0.08779421107156656,0.9999999999999998
2018-09-14,0.005514604622601733,0.9999999999999998
2018-09-15,-0.034344511815770806,0.9999999999999998
2018-09-16,0.004109424472875745,0.9999999999999998
2018-09-17,0.07388126705798226,0.9999999999999998
2018-09-18,-0.03777184028864435,0.9999999999999998
2018-09-19,-0.007548778061171337,0.9999999999999998
2018-09-20,-0.04150497838117642,0.9999999999999998
2018-09-21,-0.07262636240207733,0.9999999999999998
2018-09-22,0.01909696318413419,0.9999999999999998
2018-09-23,-0.004279062421904251,0.9999999999999998
2018-09-24,0.04562738011940396,0.9999999999999998
2018-09-25,0.03015715906844857,0.9999999999999998
2018-09-26,0.010007017788430899,0.9999999999999998
2018-09-27,-0.05120973532969585,0.9999999999999998
2018-09-28,0.021374256127560543,0.9999999999999998
2018-09-29,-0.01808238664002883,0.9999999999999998
2018-09-30,-0.003454293983995074,0.9999999999999998
2018-10-01,0.006315957011384659,0.9999999999999998
2018-10-02,0.020712946815503726,0.9999999999999998
2018-10-03,0.0134911593427906,0.9999999999999998
2018-10-04,-0.010069911195045191,0.9999999999999998
2018-10-05,-0.015095285895474717,0.9999999999999998
2018-10-06,0.009979385965081218,0.9999999999999998
2018-10-07,-0.002210515056559206,0.9999999999999998
2018-10-08,-0.008271310249114558,0.7142857142857142
2018-10-09,0.002326792661960305,0.42857142857142855
2018-10-10,0.0007547887689238151,0.14285714285714285
2018-10-11,-0.015441934592819475,0.14285714285714285
2018-10-12,0.007304258108596265,0.42857142857142855
2018-10-13,0.009713033522139177,0.7142857142857142
2018-10-14,-0.0077068672951005205,0.7142857142857142
2018-10-15,0.0327712895746023,0.42857142857142855
2018-10-16,0.0011351996872074014,0.42857142857142855
2018-10-17,-0.0030427740229443546,0.42857142857142855
2018-10-18,-0.010510609515395135,0.42857142857142855
2018-10-19,-0.004111102791838128,0.42857142857142855
2018-10-20,0.0013004691490151586,0.14285714285714285
2018-10-21,-0.00010687755987812527,0.14285714285714285
2018-10-22,-0.000368678881623801,0.14285714285714285
2018-10-23,0.0003319369509597863,0.14285714285714285
2018-10-24,-8.58200773539818e-05,0.42857142857142855
2018-10-25,0.004740545002406806,0.7142857142857142
2018-10-26,-0.002889348503634656,0.9999999999999998
2018-10-27,0.004043547444813766,0.9999999999999998
2018-10-28,0.0005012307365013859,0.9999999999999998
2018-10-29,0.031572993811634545,0.9999999999999998
2018-10-30,0.0014007064896459959,0.9999999999999998
2018-10-31,-0.005887422983009986,0.9999999999999998
2018-11-01,-0.005892251748192638,0.9999999999999998
2018-11-02,-0.00741155436797576,0.9999999999999998
2018-11-03,0.008916421545350309,0.9999999999999998
2018-11-04,-0.03622641813615806,0.9999999999999998
2018-11-05,0.00693474989832722,0.9999999999999998
2018-11-06,-0.026322927604974174,0.9999999999999998
2018-11-07,0.00025432452902193607,0.9999999999999998
2018-11-08,0.0238683229104108,0.9999999999999998
2018-11-09,0.01169963588924179,0.9999999999999998
2018-11-10,-0.0056365985225726375,0.9999999999999998
2018-11-11,8.505189828260715e-05,0.7142857142857142
2018-11-12,-8.818036961967003e-05,0.42857142857142855
2018-11-13,0.001015267853088056,0.14285714285714285
2018-11-14,-0.01391969793753946,0.14285714285714285
2018-11-15,-0.0031065148272925325,0.14285714285714285
2018-11-16,-0.004196566320226509,0.14285714285714285
2018-11-17,-0.0005485392357834708,0.14285714285714285
2018-11-18,-0.0018146933700379,0.14285714285714285
2018-11-19,0.06186580693999934,0.42857142857142855
2018-11-20,0.06607561495915068,0.7142857142857142
2018-11-21,-0.028933409033819975,0.9999999999999998
2018-11-22,0.07307058589067132,0.9999999999999998
2018-11-23,0.00013331717197891634,0.9999999999999998
2018-11-24,0.09579568661210289,0.9999999999999998
2018-11-25,-0.03620320847303264,0.9999999999999998
2018-11-26,0.06218494534925682,0.9999999999999998
2018-11-27,-0.006216726934127012,0.9999999999999998
2018-11-28,-0.10212239755303505,0.9999999999999998
2018-11-29,0.014071666223206894,0.9999999999999998
2018-11-30,0.046526318503802545,0.9999999999999998
2018-12-01,-0.03902116246576681,0.9999999999999998
2018-12-02,0.009727141600091136,0.9999999999999998
2018-12-03,0.06614312976067897,0.9999999999999998
2018-12-04,-0.015105391999896117,0.9999999999999998
2018-12-05,0.05568720190205342,0.9999999999999998
2018-12-06,0.09068022389415063,0.9999999999999998
2018-12-07,0.0025284653260075327,0.9999999999999998
2018-12-08,0.012707696865186335,0.9999999999999998
2018-12-09,-0.03462317205217508,0.9999999999999998
2018-12-10,0.03412568601906798,0.9999999999999998
2018-12-11,0.02053347063386398,0.9999999999999998
2018-12-12,-0.019796361241050806,0.9999999999999998
2018-12-13,0.03815905082928758,0.9999999999999998
2018-12-14,0.02561688522877688,0.9999999999999998
2018-12-15,0.0025303608018412737,0.9999999999999998
2018-12-16,-0.008219200988109939,0.9999999999999998
2018-12-17,-0.09880904508327755,0.9999999999999998
2018-12-18,-0.05409721011750479,0.9999999999999998
2018-12-19,0.0061797703980618094,0.9999999999999998
2018-12-20,-0.13072774052314845,0.9999999999999998
2018-12-21,0.052324988763431404,0.9999999999999998
2018-12-22,-0.04828909770456584,0.9999999999999998
2018-12-23,-0.05792873469887734,0.9999999999999998
2018-12-24,-0.04438187146846542,0.9999999999999998
2018-12-25,0.05125343468055149,0.7142857142857142
2018-12-26,-0.007387428827009798,0.7142857142857142
2018-12-27,0.03798173570956939,0.42857142857142855
2018-12-28,-0.05684006495690657,0.42857142857142855
2018-12-29,0.01209527155146205,0.42857142857142855
2018-12-30,-0.014131814647039121,0.42857142857142855
2018-12-31,0.005158332714479564,0.14285714285714285
2019-01-01,-0.01736091768794409,0.42857142857142855
2019-01-02,-0.007921155571862393,0.14285714285714285
2019-01-03,0.004308855941126918,0.14285714285714285
2019-01-04,0.0029559993838448938,0.14285714285714285
2019-01-05,-0.00031575926771789146,0.42857142857142855
2019-01-06,0.022680646872858513,0.7142857142857142
2019-01-07,-0.01164818212168929,0.7142857142857142
2019-01-08,-0.008572457697556244,0.9999999999999998
2019-01-09,0.0030008541873361985,0.9999999999999998
2019-01-10,-0.12608055306333185,0.9999999999999998
2019-01-11,0.0009911228750718035,0.9999999999999998
2019-01-12,-0.007683384395542723,0.9999999999999998
2019-01-13,-0.052074054226823305,0.9999999999999998
2019-01-14,0.07732322162504078,0.9999999999999998
2019-01-15,-0.041655963422969004,0.9999999999999998
2019-01-16,0.016219901301731118,0.9999999999999998
2019-01-17,0.0032782004727768257,0.9999999999999998
2019-01-18,-0.012424722013249954,0.9999999999999998
2019-01-19,0.024334827137062358,0.9999999999999998
2019-01-20,-0.027333358678405938,0.7142857142857142
2019-01-21,-0.007142899278076708,0.7142857142857142
2019-01-22,0.006385119210298605,0.42857142857142855
2019-01-23,-0.0014977959407741189,0.14285714285714285
2019-01-24,-0.000644387156580083,0.14285714285714285
2019-01-25,0.002221391421932173,0.42857142857142855
2019-01-26,-0.0006390393963177441,0.7142857142857142
2019-01-27,0.006696706397943639,0.42857142857142855
2019-01-28,0.032551408664779014,0.7142857142857142
2019-01-29,0.006226865431831049,0.7142857142857142
2019-01-30,-0.01811247027215437,0.7142857142857142
2019-01-31,0.008396649488428814,0.7142857142857142
2019-02-01,-0.0033356410459046025,0.7142857142857142
2019-02-02,-0.016412497203799753,0.7142857142857142
2019-02-03,0.020218691920964482,0.9999999999999998
2019-02-04,-0.0020145724197123327,0.9999999999999998
2019-02-05,0.0014435067869229534,0.9999999999999998
2019-02-06,0.022549182584179064,0.9999999999999998
2019-02-07,0.0015824588949279093,0.9999999999999998
2019-02-08,-0.1092543018640606,0.9999999999999998
2019-02-09,0.002536038055448055,0.9999999999999998
2019-02-10,-0.02468137208041651,0.9999999999999998
2019-02-11,0.017284308132921866,0.7142857142857142
2019-02-12,-0.003565406829500222,0.7142857142857142
2019-02-13,0.0022238637355727594,0.42857142857142855
2019-02-14,0.0036516930650658157,0.42857142857142855
2019-02-15,-0.0011998417915250832,0.14285714285714285
2019-02-16,0.0005850473793467879,0.14285714285714285
2019-02-17,0.022075719362172574,0.42857142857142855
2019-02-18,0.032516897441419355,0.42857142857142855
2019-02-19,-0.004874737683791914,0.7142857142857142
2019-02-20,0.01807627206804861,0.7142857142857142
2019-02-21,-0.013615212299004394,0.9999999999999998
2019-02-22,0.009038739198016118,0.9999999999999998
2019-02-23,0.054795574922414145,0.9999999999999998
2019-02-24,-0.12676334195126496,0.9999999999999998
2019-02-25,0.0332141680340886,0.9999999999999998
2019-02-26,-0.008518133960821904,0.9999999999999998
2019-02-27,-0.003222057411713163,0.9999999999999998
2019-02-28,0.0005788170575782846,0.9999999999999998
2019-03-01,0.0010368983760938864,0.9999999999999998
2019-03-02,-0.010559742604922205,0.9999999999999998
2019-03-03,-0.008974317510551553,0.9999999999999998
2019-03-04,-0.030815696060875634,0.9999999999999998
2019-03-05,0.06291737202464319,0.9999999999999998
2019-03-06,0.0029660284174449765,0.9999999999999998
2019-03-07,-0.00047541827185321184,0.9999999999999998
2019-03-08,-0.013225616335082065,0.9999999999999998
2019-03-09,0.02424336536328408,0.9999999999999998
2019-03-10,-0.01039987194981373,0.9999999999999998
2019-03-11,-0.015639178398952066,0.9999999999999998
2019-03-12,0.005011241304116009,0.9999999999999998
2019-03-13,-0.009371255858687864,0.9999999999999998
2019-03-14,0.003526416523905506,0.9999999999999998
2019-03-15,0.022590225508629318,0.9999999999999998
2019-03-16,0.026271940247503782,0.9999999999999998
2019-03-17,-0.011064819666898314,0.9999999999999998
2019-03-18,-0.003035059441884368,0.9999999999999998
2019-03-19,0.007132761957247767,0.9999999999999998
2019-03-20,0.004913200215750034,0.9999999999999998
2019-03-21,-0.016556143813656624,0.7142857142857142
2019-03-22,0.00177925903709903,0.42857142857142855
2019-03-23,0.0007392601455105421,0.14285714285714285
2019-03-24,0.0005444560749093683,0.14285714285714285
2019-03-25,0.005933820527251632,0.42857142857142855
2019-03-26,-0.0024223074699243527,0.7142857142857142
2019-03-27,-0.022652175420297873,0.7142857142857142
2019-03-28,0.002889793379993358,0.42857142857142855
2019-03-29,-0.004418133798594447,0.14285714285714285
2019-03-30,-0.0006560293909018146,0.14285714285714285
2019-03-31,-0.0020869247516284014,0.42857142857142855
2019-04-01,0.0029357169169011653,0.7142857142857142
2019-04-02,0.16362698071007037,0.9999999999999998
2019-04-03,-0.0023448890919615106,0.9999999999999998
2019-04-04,-0.011662202114483818,0.9999999999999998
2019-04-05,0.03471902265433823,0.9999999999999998
2019-04-06,0.005891258274121512,0.9999999999999998
2019-04-07,0.039078096569300266,0.9999999999999998
2019-04-08,0.019266712698043136,0.9999999999999998
2019-04-09,-0.01999084741990492,0.9999999999999998
2019-04-10,0.02260081549393988,0.9999999999999998
2019-04-11,-0.06423179579522247,0.9999999999999998
2019-04-12,0.00033174985380557366,0.9999999999999998
2019-04-13,-0.0005988014137692786,0.9999999999999998
2019-04-14,0.021249772689874484,0.9999999999999998
2019-04-15,-0.03218980055500358,0.9999999999999998
2019-04-16,0.032000305779519504,0.9999999999999998
2019-04-17,0.00380041570514733,0.9999999999999998
2019-04-18,0.028280931859452015,0.9999999999999998
2019-04-19,-0.0019386425643960754,0.9999999999999998
2019-04-20,0.003920667912066799,0.9999999999999998
2019-04-21,-0.01578919548530999,0.9999999999999998
2019-04-22,0.015208653916882638,0.9999999999999998
2019-04-23,0.0084680825677611,0.9999999999999998
2019-04-24,-0.019829862113233503,0.9999999999999998
2019-04-25,-0.04854837839131208,0.9999999999999998
2019-04-26,0.01949334295339544,0.9999999999999998
2019-04-27,0.0025841269328808476,0.9999999999999998
2019-04-28,-0.003248813779741954,0.9999999999999998
2019-04-29,-0.015364057737790811,0.9999999999999998
2019-04-30,0.029624651018419927,0.9999999999999998
2019-05-01,0.000658107689781251,0.9999999999999998
2019-05-02,0.015422690400931135,0.9999999999999998
2019-05-03,0.04450159546302056,0.9999999999999998
2019-05-04,-0.007927405790184024,0.9999999999999998
2019-05-05,-0.006874391816278356,0.9999999999999998
2019-05-06,0.028436294286022894,0.9999999999999998
2019-05-07,-0.0029174201314318693,0.9999999999999998
2019-05-08,0.017353482949514994,0.9999999999999998
2019-05-09,0.018883045257764183,0.9999999999999998
2019-05-10,0.01903437451805112,0.9999999999999998
2019-05-11,0.10495058851748504,0.9999999999999998
2019-05-12,-0.01323054044171312,0.9999999999999998
2019-05-13,0.07999854847808173,0.9999999999999998
2019-05-14,0.06211774006275704,0.9999999999999998
2019-05-15,0.08723669864932503,0.9999999999999998
2019-05-16,0.014447782603824063,0.9999999999999998
2019-05-17,-0.07052670623241163,0.9999999999999998
2019-05-18,-0.028639432821011328,0.9999999999999998
2019-05-19,0.11658981200107585,0.9999999999999998
2019-05-20,-0.030072237454384303,0.9999999999999998
2019-05-21,0.0036703294597846266,0.9999999999999998
2019-05-22,-0.03658573829387495,0.9999999999999998
2019-05-23,0.016511143547954573,0.9999999999999998
2019-05-24,0.015902330496962987,0.9999999999999998
2019-05-25,0.006343682071975996,0.9999999999999998
2019-05-26,0.06508134902019601,0.9999999999999998
2019-05-27,0.020137114507458136,0.9999999999999998
2019-05-28,-0.0013346723244871401,0.9999999999999998
2019-05-29,-0.008020489663956408,0.9999999999999998
2019-05-30,-0.04858312458075413,0.9999999999999998
2019-05-31,0.043552462050351,0.9999999999999998
2019-06-01,-0.0072415429311555295,0.9999999999999998
2019-06-02,0.019172763794328303,0.9999999999999998
2019-06-03,-0.07002661136073939,0.9999999999999998
2019-06-04,-0.04352560172323748,0.9999999999999998
2019-06-05,0.014535918381451626,0.9999999999999998
2019-06-06,0.0070223919954990315,0.9999999999999998
2019-06-07,0.012306986837448571,0.9999999999999998
2019-06-08,-0.01619600386545594,0.9999999999999998
2019-06-09,-0.04224866729818315,0.9999999999999998
2019-06-10,0.05690959636155256,0.9999999999999998
2019-06-11,-0.010582407608809349,0.9999999999999998
2019-06-12,0.04970683935161323,0.9999999999999998
2019-06-13,-0.00690647758252255,0.9999999999999998
2019-06-14,0.04177080939171539,0.9999999999999998
2019-06-15,0.019337263695696768,0.9999999999999998
2019-06-16,0.00797801152055294,0.9999999999999998
2019-06-17,0.030159868117582193,0.9999999999999998
2019-06-18,-0.0278446385649933,0.9999999999999998
2019-06-19,0.016031725927493464,0.9999999999999998
2019-06-20,0.020079458432047278,0.9999999999999998
2019-06-21,0.0760711776148335,0.9999999999999998
2019-06-22,0.05596166563223447,0.9999999999999998
2019-06-23,0.004577207477677535,0.9999999999999998
2019-06-24,0.012142687772901836,0.9999999999999998
2019-06-25,0.04523371029964728,0.9999999999999998
2019-06-26,0.08738279156931691,0.9999999999999998
2019-06-27,-0.1281468024473463,0.9999999999999998
2019-06-28,0.06864795476656559,0.9999999999999998
2019-06-29,-0.009550839006964183,0.9999999999999998
2019-06-30,-0.08302449956470175,0.9999999999999998
2019-07-01,-0.006904973578694628,0.9999999999999998
2019-07-02,0.004323518607446009,0.9999999999999998
2019-07-03,0.06702197409692899,0.9999999999999998
2019-07-04,-0.06356794020415917,0.9999999999999998
2019-07-05,0.0005598383395638562,0.9999999999999998
2019-07-06,0.014164327762184677,0.9999999999999998
2019-07-07,0.035316146062251634,0.9999999999999998
2019-07-08,0.04819001262980403,0.9999999999999998
2019-07-09,0.005448707259007144,0.9999999999999998
2019-07-10,-0.047194032939542815,0.9999999999999998
2019-07-11,-0.06714254233589571,0.9999999999999998
2019-07-12,0.0291698927691103,0.9999999999999998
2019-07-13,-0.027508080875195955,0.9999999999999998
2019-07-14,-0.13195568442662806,0.9999999999999998
2019-07-15,0.037662698681996336,0.9999999999999998
2019-07-16,-0.12888975854628373,0.9999999999999998
2019-07-17,0.030031171162394996,0.7142857142857142
2019-07-18,0.03616829290963681,0.42857142857142855
2019-07-19,-0.0026792183693481316,0.14285714285714285
2019-07-20,-0.004175485593645603,0.14285714285714285
2019-07-21,0.005367922848804138,0.42857142857142855
2019-07-22,0.020668565389367167,0.7142857142857142
2019-07-23,0.034905153952904236,0.9999999999999998
2019-07-24,-0.0033534950911245833,0.9999999999999998
2019-07-25,-0.01192892319095359,0.9999999999999998
2019-07-26,0.0039971168387752136,0.9999999999999998
2019-07-27,0.04496546809117182,0.9999999999999998
2019-07-28,-0.013458322008034039,0.9999999999999998
2019-07-29,0.004344754822521591,0.9999999999999998
2019-07-30,-3.392774920996577e-05,0.9999999999999998
2019-07-31,-0.04664809677867065,0.9999999999999998
2019-08-01,-0.010236427250564414,0.9999999999999998
2019-08-02,-0.007971757724625453,0.9999999999999998
2019-08-03,-0.0234560758975244,0.9999999999999998
2019-08-04,-0.0035590449419548665,0.9999999999999998
2019-08-05,-0.06566556116987668,0.9999999999999998
2019-08-06,0.03342087018597545,0.9999999999999998
2019-08-07,-0.018815834824467654,0.9999999999999998
2019-08-08,0.012318266135191509,0.9999999999999998
2019-08-09,0.03194619031684082,0.9999999999999998
2019-08-10,0.03476737206921524,0.9999999999999998
2019-08-11,-0.033860014808198384,0.9999999999999998
2019-08-12,0.01819434656021904,0.9999999999999998
2019-08-13,0.02881529157732371,0.9999999999999998
2019-08-14,0.09261353092238622,0.9999999999999998
2019-08-15,-0.01441111757929788,0.9999999999999998
2019-08-16,0.0045393538160978545,0.7142857142857142
2019-08-17,0.0023819096105710644,0.7142857142857142
2019-08-18,-0.01978801639110698,0.7142857142857142
2019-08-19,-0.035131298921335076,0.7142857142857142
2019-08-20,0.015308720994473618,0.7142857142857142
2019-08-21,0.03737818913363793,0.7142857142857142
2019-08-22,-0.004074272545744843,0.7142857142857142
2019-08-23,-0.024190802473304233,0.9999999999999998
2019-08-24,0.021316321779047076,0.9999999999999998
2019-08-25,0.010052443136979856,0.9999999999999998
2019-08-26,-0.01660298275237488,0.9999999999999998
2019-08-27,0.012963900289072745,0.9999999999999998
2019-08-28,0.06120489085113919,0.9999999999999998
2019-08-29,0.022879753229826338,0.9999999999999998
2019-08-30,-0.002865924003000465,0.9999999999999998
2019-08-31,-0.009387361022031596,0.9999999999999998
2019-09-01,-0.004488746647789937,0.9999999999999998
2019-09-02,-0.052773053646739114,0.9999999999999998
2019-09-03,-0.013710652380848828,0.9999999999999998
2019-09-04,0.014574590032645229,0.9999999999999998
2019-09-05,0.0034220955150431314,0.9999999999999998
2019-09-06,0.02692468443528897,0.9999999999999998
2019-09-07,-0.032440409822631806,0.9999999999999998
2019-09-08,-0.005510543533576592,0.9999999999999998
2019-09-09,0.0066459578469416246,0.9999999999999998
2019-09-10,0.01225121453632353,0.9999999999999998
2019-09-11,0.002191205911714865,0.9999999999999998
2019-09-12,-0.01888454481499218,0.9999999999999998
2019-09-13,0.0033790651692432974,0.9999999999999998
2019-09-14,-0.018758468142275168,0.9999999999999998
2019-09-15,-0.0006702656121607129,0.7142857142857142
2019-09-16,-0.008303776400917949,0.42857142857142855
2019-09-17,-0.003665948692218079,0.14285714285714285
2019-09-18,0.00031379927493185714,0.14285714285714285
2019-09-19,0.004007494009883396,0.14285714285714285
2019-09-20,-0.004074196679890056,0.42857142857142855
2019-09-21,-0.01158513906684812,0.7142857142857142
2019-09-22,-0.004843129547377874,0.7142857142857142
2019-09-23,-0.028430570414894128,0.7142857142857142
2019-09-24,-0.10739612318555553,0.7142857142857142
2019-09-25,0.0034803982684530237,0.42857142857142855
2019-09-26,-0.014411322967669987,0.42857142857142855
2019-09-27,0.0041149211575506,0.14285714285714285
2019-09-28,-0.0003217790218349801,0.14285714285714285
2019-09-29,0.009151143359551582,0.42857142857142855
2019-09-30,-0.03558997758311698,0.7142857142857142
2019-10-01,0.014321093123643155,0.9999999999999998
2019-10-02,-0.01744025503369488,0.9999999999999998
2019-10-03,0.023614530490425292,0.9999999999999998
2019-10-04,0.002778806721231363,0.9999999999999998
2019-10-05,-0.0010037805003971934,0.9999999999999998
2019-10-06,0.03472323318840356,0.9999999999999998
2019-10-07,-0.0502658935240691,0.9999999999999998
2019-10-08,9.007977104389384e-05,0.9999999999999998
2019-10-09,-0.05624447656067371,0.9999999999999998
2019-10-10,0.005062021528532619,0.9999999999999998
2019-10-11,0.04578272453514094,0.9999999999999998
2019-10-12,0.0006113671308071206,0.9999999999999998
2019-10-13,-0.0017281828901630786,0.9999999999999998
2019-10-14,-0.019695718084187797,0.9999999999999998
2019-10-15,0.02866747872060478,0.9999999999999998
2019-10-16,0.027064197277208647,0.9999999999999998
2019-10-17,-0.012025824685252226,0.9999999999999998
2019-10-18,0.020310179087182544,0.9999999999999998
2019-10-19,0.002833727517302324,0.9999999999999998
2019-10-20,-0.026618623906781116,0.9999999999999998
2019-10-21,0.005565084798789196,0.9999999999999998
2019-10-22,0.01929039585567042,0.9999999999999998
2019-10-23,0.0605074118660864,0.9999999999999998
2019-10-24,0.0096654776517826,0.9999999999999998
2019-10-25,-0.14977548748350814,0.9999999999999998
2019-10-26,-0.018888897882740396,0.7142857142857142
2019-10-27,-0.011982946578948604,0.42857142857142855
2019-10-28,0.0032546128603056514,0.14285714285714285
2019-10-29,0.004728743391459105,0.14285714285714285
2019-10-30,-0.014301353306581992,0.42857142857142855
2019-10-31,-0.002666038631915955,0.7142857142857142
2019-11-01,0.0064912278362660655,0.9999999999999998
2019-11-02,0.0032751986263110924,0.9999999999999998
2019-11-03,-0.008771669567596061,0.9999999999999998
2019-11-04,0.022166260636149678,0.9999999999999998
2019-11-05,0.0034081996233635828,0.9999999999999998
2019-11-06,0.008340912734831283,0.9999999999999998
2019-11-07,-0.018444905497302648,0.9999999999999998
2019-11-08,-0.03181924816941483,0.9999999999999998
2019-11-09,0.0033782830492479826,0.7142857142857142
2019-11-10,0.010071283046614468,0.42857142857142855
2019-11-11,-0.011785738113906357,0.42857142857142855
2019-11-12,0.004616982979924094,0.42857142857142855
2019-11-13,4.4699486879978e-05,0.42857142857142855
2019-11-14,-0.006779698790234561,0.42857142857142855
2019-11-15,-0.010055300805768694,0.42857142857142855
2019-11-16,0.005228537194441352,0.7142857142857142
2019-11-17,0.004389742142975683,0.9999999999999998
2019-11-18,-0.03389041201367753,0.9999999999999998
2019-11-19,-0.009586129487084257,0.9999999999999998
2019-11-20,-0.004244079897415876,0.7142857142857142
2019-11-21,-0.02959274403420975,0.42857142857142855
2019-11-22,-0.008755110647301691,0.14285714285714285
2019-11-23,-0.0018233154874477007,0.14285714285714285
2019-11-24,0.028594454191103926,0.42857142857142855
2019-11-25,-0.025978341025621857,0.7142857142857142
2019-11-26,-0.009108193097740455,0.9999999999999998
2019-11-27,-0.04193540212810496,0.9999999999999998
2019-11-28,0.012233071333955311,0.9999999999999998
2019-11-29,-0.03450127478387278,0.9999999999999998
2019-11-30,0.023174221986529412,0.9999999999999998
2019-12-01,0.012532748579173945,0.9999999999999998
2019-12-02,0.013616561757061421,0.9999999999999998
2019-12-03,0.005248990783178248,0.9999999999999998
2019-12-04,0.012749228626721629,0.9999999999999998
2019-12-05,-0.022505957095384346,0.9999999999999998
2019-12-06,-0.010321634215031962,0.9999999999999998
2019-12-07,0.00733669346742741,0.9999999999999998
2019-12-08,-0.01240023389803157,0.9999999999999998
2019-12-09,0.021819640465536947,0.9999999999999998
2019-12-10,0.014443775226317986,0.9999999999999998
2019-12-11,0.008420725541875496,0.9999999999999998
2019-12-12,-0.004171489455091401,0.9999999999999998
2019-12-13,-0.0039306256909215215,0.9999999999999998
2019-12-14,0.023908115283811027,0.9999999999999998
2019-12-15,-0.006137074128877116,0.9999999999999998
2019-12-16,0.05020115649517609,0.9999999999999998
2019-12-17,0.06027019481657095,0.9999999999999998
2019-12-18,-0.09429568174937825,0.9999999999999998
2019-12-19,0.026749849501825632,0.9999999999999998
2019-12-20,-0.002747316495072492,0.9999999999999998
2019-12-21,0.008866138792513332,0.9999999999999998
2019-12-22,-0.04577885219956145,0.9999999999999998
2019-12-23,0.02887494976397456,0.9999999999999998
2019-12-24,0.004895655969719669,0.9999999999999998
2019-12-25,0.013996194704386797,0.9999999999999998
2019-12-26,-0.0016139773849129793,0.9999999999999998
2019-12-27,-0.006348403680660343,0.9999999999999998
2019-12-28,-0.01139838123055623,0.9999999999999998
2019-12-29,-0.029361345675456948,0.9999999999999998
2019-12-30,0.01994536942202966,0.9999999999999998
2019-12-31,0.012819665494758579,0.9999999999999998
2020-01-01,-0.006577393199610706,0.9999999999999998
2020-01-02,0.030075028705207767,0.9999999999999998
2020-01-03,-0.05522541542183953,0.9999999999999998
2020-01-04,0.00024434103416304785,0.9999999999999998
2020-01-05,-0.004293725587041297,0.9999999999999998
2020-01-06,-0.05936095597946695,0.9999999999999998
2020-01-07,-0.014571115998125701,0.7142857142857142
2020-01-08,0.00528889352095335,0.42857142857142855
2020-01-09,0.0033819471640189882,0.14285714285714285
2020-01-10,0.006864342591198977,0.14285714285714285
2020-01-11,-0.008569778588428336,0.42857142857142855
2020-01-12,0.017479298590395886,0.7142857142857142
2020-01-13,-0.015025450723363061,0.9999999999999998
2020-01-14,0.1201018704223212,0.9999999999999998
2020-01-15,0.0027200658184775013,0.9999999999999998
2020-01-16,-0.01215137592945342,0.9999999999999998
2020-01-17,0.028364972160165196,0.9999999999999998
2020-01-18,0.01240200080431075,0.9999999999999998
2020-01-19,-0.03296047068596019,0.9999999999999998
2020-01-20,-0.003201549813986625,0.9999999999999998
2020-01-21,0.013271293665359726,0.9999999999999998
2020-01-22,-0.0072086471103619525,0.9999999999999998
2020-01-23,-0.031552356207401926,0.9999999999999998
2020-01-24,0.0010067768174821798,0.9999999999999998
2020-01-25,-0.012479423403625896,0.9999999999999998
2020-01-26,0.03999040380171924,0.9999999999999998
2020-01-27,0.023359558832248488,0.9999999999999998
2020-01-28,0.04254716502267207,0.9999999999999998
2020-01-29,-0.009344896342547258,0.9999999999999998
2020-01-30,0.04303952927547638,0.9999999999999998
2020-01-31,-0.021312998008888688,0.9999999999999998
2020-02-01,0.012001761157044431,0.9999999999999998
2020-02-02,0.01039166125661722,0.9999999999999998
2020-02-03,0.0011864126938038173,0.9999999999999998
2020-02-04,-0.0072634303547997586,0.9999999999999998
2020-02-05,0.06191956543650755,0.9999999999999998
2020-02-06,0.03133635934413281,0.9999999999999998
2020-02-07,0.02606803509969135,0.9999999999999998
2020-02-08,0.0033519850308680313,0.9999999999999998
2020-02-09,0.025346261163141086,0.9999999999999998
2020-02-10,-0.02711457276264983,0.9999999999999998
2020-02-11,0.049803391270369465,0.9999999999999998
2020-02-12,0.06636812820200154,0.9999999999999998
2020-02-13,0.00016817973387767138,0.9999999999999998
2020-02-14,0.03694685485246107,0.9999999999999998
2020-02-15,-0.05668771812529515,0.9999999999999998
2020-02-16,-0.011047339875445981,0.9999999999999998
2020-02-17,0.007073990777037907,0.9999999999999998
2020-02-18,0.05114409976565991,0.9999999999999998
2020-02-19,-0.07085502714351043,0.9999999999999998
2020-02-20,-0.002710579318594752,0.9999999999999998
2020-02-21,0.020406574927840922,0.9999999999999998
2020-02-22,-0.008458346706868068,0.9999999999999998
2020-02-23,0.03955029443935397,0.9999999999999998
2020-02-24,-0.030581978981953577,0.9999999999999998
2020-02-25,-0.05296569395395827,0.9999999999999998
2020-02-26,-0.07446260179964086,0.9999999999999998
2020-02-27,0.010491132911264576,0.9999999999999998
2020-02-28,-0.009635452695086309,0.9999999999999998
2020-02-29,-0.030499900065245326,0.9999999999999998
2020-03-01,0.001588996949587584,0.9999999999999998
2020-03-02,0.055128943226685254,0.9999999999999998
2020-03-03,-0.026272729389456954,0.9999999999999998
2020-03-04,0.00041990942268527165,0.9999999999999998
2020-03-05,0.02653523212432273,0.9999999999999998
2020-03-06,0.04044401893548243,0.9999999999999998
2020-03-07,-0.02916982044847876,0.9999999999999998
2020-03-08,-0.12752917407844735,0.9999999999999998
2020-03-09,0.0010548174187516926,0.7142857142857142
2020-03-10,-0.0034201077637870878,0.42857142857142855
2020-03-11,-0.002119212329556238,0.14285714285714285
2020-03-12,0.05989957779230206,0.14285714285714285
2020-03-13,-0.08905523872537535,0.42857142857142855
2020-03-14,0.05597701384769059,0.7142857142857142
2020-03-15,-0.024187785300173414,0.9999999999999998
2020-03-16,0.08183677446994132,0.9999999999999998
2020-03-17,-0.04915211478074302,0.9999999999999998
2020-03-18,-0.01840453122828153,0.9999999999999998
2020-03-19,-0.14845051613761923,0.9999999999999998
2020-03-20,0.007093773282349705,0.9999999999999998
2020-03-21,0.004707313476385769,0.9999999999999998
2020-03-22,0.06900358386796482,0.9999999999999998
2020-03-23,-0.11115722535025213,0.9999999999999998
2020-03-24,-0.03061991984443431,0.9999999999999998
2020-03-25,0.013529910897575657,0.9999999999999998
2020-03-26,-0.012612824876039897,0.9999999999999998
2020-03-27,0.05373060246241203,0.9999999999999998
2020-03-28,0.010768965162931906,0.9999999999999998
2020-03-29,0.052813746385906954,0.9999999999999998
2020-03-30,-0.07448976083781404,0.9999999999999998
2020-03-31,-0.00382533344928906,0.9999999999999998
2020-04-01,-0.02959197817524056,0.9999999999999998
2020-04-02,-0.031783455102100164,0.9999999999999998
2020-04-03,0.004580792533499002,0.9999999999999998
2020-04-04,-0.019059664881572153,0.9999999999999998
2020-04-05,0.011260532908391834,0.9999999999999998
2020-04-06,-0.14156349140922622,0.9999999999999998
2020-04-07,0.028625325486618673,0.9999999999999998
2020-04-08,-0.0369442582518106,0.9999999999999998
2020-04-09,0.015584211455839022,0.9999999999999998
2020-04-10,0.06406932430230095,0.9999999999999998
2020-04-11,-0.0026575439622556285,0.9999999999999998
2020-04-12,-0.002109726181240928,0.7142857142857142
2020-04-13,0.004872586944904697,0.42857142857142855
2020-04-14,-0.0016134158135431313,0.14285714285714285
2020-04-15,-0.0054503523463629,0.14285714285714285
2020-04-16,0.042713968586188374,0.42857142857142855
2020-04-17,-0.007605688879200141,0.7142857142857142
2020-04-18,0.06468969200396242,0.9999999999999998
2020-04-19,-0.028464609704487658,0.9999999999999998
2020-04-20,-0.04777804790895705,0.9999999999999998
2020-04-21,0.0024339559437636096,0.9999999999999998
2020-04-22,0.055793917154298364,0.9999999999999998
2020-04-23,0.03303573640961787,0.9999999999999998
2020-04-24,0.006875307032851218,0.9999999999999998
2020-04-25,0.01988442601875939,0.9999999999999998
2020-04-26,0.018405172095847574,0.9999999999999998
2020-04-27,0.0025410719415085987,0.9999999999999998
2020-04-28,-0.0024759387431848574,0.9999999999999998
2020-04-29,0.11601356459627118,0.9999999999999998
2020-04-30,-0.03068959411465915,0.9999999999999998
2020-05-01,0.026342392635260052,0.9999999999999998
2020-05-02,0.012756633993953766,0.9999999999999998
2020-05-03,-0.013791268075955262,0.9999999999999998
2020-05-04,-0.009326510948598097,0.9999999999999998
2020-05-05,0.005588736340886856,0.9999999999999998
2020-05-06,-0.008774289827382651,0.9999999999999998
2020-05-07,0.0789960313989173,0.9999999999999998
2020-05-08,-0.010954059417422777,0.9999999999999998
2020-05-09,-0.016222495981161596,0.9999999999999998
2020-05-10,-0.09626570910886642,0.9999999999999998
2020-05-11,-0.014063472227568593,0.9999999999999998
2020-05-12,0.025221537975474766,0.9999999999999998
2020-05-13,0.0542067115837873,0.9999999999999998
2020-05-14,0.035139226266526095,0.9999999999999998
2020-05-15,-0.045015472140689614,0.9999999999999998
2020-05-16,0.017772165006477932,0.9999999999999998
2020-05-17,0.032419969941604114,0.9999999999999998
2020-05-18,0.02180827506609639,0.9999999999999998
2020-05-19,0.0013718455675257866,0.9999999999999998
2020-05-20,-0.02422922499151741,0.9999999999999998
2020-05-21,-0.05017074464505554,0.9999999999999998
2020-05-22,0.027390626821331972,0.9999999999999998
2020-05-23,-0.001341285828722227,0.9999999999999998
2020-05-24,-0.04131946724112599,0.9999999999999998
2020-05-25,0.021255452826721474,0.9999999999999998
2020-05-26,-0.011413660629140506,0.9999999999999998
2020-05-27,0.03887394379925401,0.9999999999999998
2020-05-28,0.04888355318356262,0.9999999999999998
2020-05-29,-0.006908672138166981,0.9999999999999998
2020-05-30,0.0666853462380853,0.9999999999999998
2020-05-31,-0.03778843801938146,0.9999999999999998
2020-06-01,0.07591975979561226,0.9999999999999998
2020-06-02,-0.054744345751432485,0.9999999999999998
2020-06-03,0.02215673042007637,0.9999999999999998
2020-06-04,0.0036023155011156147,0.9999999999999998
2020-06-05,-0.015066490964390052,0.9999999999999998
2020-06-06,0.00633160537384969,0.9999999999999998
2020-06-07,0.009580325675616728,0.9999999999999998
2020-06-08,0.005475867090968254,0.9999999999999998
2020-06-09,-0.005724679740965354,0.9999999999999998
2020-06-10,0.013953581643751486,0.9999999999999998
2020-06-11,-0.06561937818968659,0.9999999999999998
2020-06-12,0.025409351153275687,0.9999999999999998
2020-06-13,0.0016634810638568305,0.9999999999999998
2020-06-14,-0.020343848341549113,0.9999999999999998
2020-06-15,0.0025944215682004996,0.9999999999999998
2020-06-16,0.014991125539446811,0.9999999999999998
2020-06-17,-0.006411559265751597,0.9999999999999998
2020-06-18,-0.009637472250479338,0.9999999999999998
2020-06-19,-0.008939514370228883,0.9999999999999998
2020-06-20,0.0023544679806994924,0.9999999999999998
2020-06-21,-0.005289945656450022,0.9999999999999998
2020-06-22,0.054099339507006614,0.9999999999999998
2020-06-23,-0.0030852922782638173,0.9999999999999998
2020-06-24,-0.03457967385509241,0.9999999999999998
2020-06-25,-0.007059922593155464,0.9999999999999998
2020-06-26,-0.010804381251808434,0.9999999999999998
2020-06-27,-0.027181843994718118,0.9999999999999998
2020-06-28,0.010212885619761634,0.7142857142857142
2020-06-29,0.004448862785067444,0.42857142857142855
2020-06-30,-0.0014749941010018422,0.14285714285714285
2020-07-01,-0.0027010005089743204,0.14285714285714285
2020-07-02,0.007449908210651828,0.42857142857142855
2020-07-03,0.00349617357762328,0.7142857142857142
2020-07-04,-0.013901470573688166,0.9999999999999998
2020-07-05,0.007597942693865687,0.9999999999999998
2020-07-06,-0.04564956766637047,0.9999999999999998
2020-07-07,0.00942653999611984,0.9999999999999998
2020-07-08,-0.0252188244708966,0.9999999999999998
2020-07-09,0.021268528860298168,0.9999999999999998
2020-07-10,-0.0012819981056910953,0.9999999999999998
2020-07-11,0.007534619712399469,0.9999999999999998
2020-07-12,-0.00809612400781684,0.7142857142857142
2020-07-13,0.004067667966565775,0.42857142857142855
2020-07-14,-0.0009855199021266462,0.42857142857142855
2020-07-15,0.0007449152246068411,0.14285714285714285
2020-07-16,-0.0022959753908841176,0.14285714285714285
2020-07-17,-0.00012031494686322506,0.14285714285714285
2020-07-18,0.0010488608328902732,0.14285714285714285
2020-07-19,-0.0016041549291506343,0.14285714285714285
2020-07-20,0.0013487817052900823,0.14285714285714285
2020-07-21,0.004371660193912138,0.14285714285714285
2020-07-22,0.006275384300317519,0.14285714285714285
2020-07-23,0.0037693741567308265,0.14285714285714285
2020-07-24,0.0012346463902238418,0.42857142857142855
2020-07-25,0.0392468292465522,0.7142857142857142
2020-07-26,0.02096403753501648,0.9999999999999998
2020-07-27,0.07287079821611596,0.9999999999999998
2020-07-28,-0.013651728736804977,0.9999999999999998
2020-07-29,0.010468075773232275,0.9999999999999998
2020-07-30,0.026811277771300927,0.9999999999999998
2020-07-31,0.027789373214912032,0.9999999999999998
2020-08-01,0.07928842097934051,0.9999999999999998
2020-08-02,-0.04973197007772416,0.9999999999999998
2020-08-03,0.02476790360279523,0.9999999999999998
2020-08-04,0.0035339586633449374,0.9999999999999998
2020-08-05,0.038985842164870874,0.9999999999999998
2020-08-06,-0.006676578675938625,0.9999999999999998
2020-08-07,-0.02668905815615357,0.9999999999999998
2020-08-08,0.030530290102727446,0.9999999999999998
2020-08-09,-0.012074256481858388,0.9999999999999998
2020-08-10,0.015819833500840038,0.9999999999999998
2020-08-11,-0.0418424963561999,0.9999999999999998
2020-08-12,0.018365104622678482,0.9999999999999998
2020-08-13,0.05756070335557305,0.9999999999999998
2020-08-14,0.015177976102714371,0.9999999999999998
2020-08-15,-0.0027370114432391226,0.9999999999999998
2020-08-16,0.00398680282627839,0.9999999999999998
2020-08-17,0.012402131800817003,0.9999999999999998
2020-08-18,-0.0240902253307596,0.9999999999999998
2020-08-19,-0.025119139702935105,0.9999999999999998
2020-08-20,0.014623931556863142,0.9999999999999998
2020-08-21,-0.047266238352314735,0.9999999999999998
2020-08-22,0.015144642084654044,0.9999999999999998
2020-08-23,-0.006365288485229658,0.9999999999999998
2020-08-24,0.025999064675263025,0.9999999999999998
2020-08-25,-0.048670121679022946,0.9999999999999998
2020-08-26,0.010103926767027867,0.9999999999999998
2020-08-27,-0.00895650590755198,0.9999999999999998
2020-08-28,0.02405145688350018,0.9999999999999998
2020-08-29,0.0018439463180882072,0.9999999999999998
2020-08-30,0.04868901901811273,0.9999999999999998
2020-08-31,0.0030325985330085232,0.9999999999999998
2020-09-01,0.059642417385738486,0.9999999999999998
2020-09-02,-0.06012939986816222,0.9999999999999998
2020-09-03,-0.12104542719433695,0.9999999999999998
2020-09-04,0.01424781076716427,0.7142857142857142
2020-09-05,-0.03398690713486964,0.42857142857142855
2020-09-06,0.004123684446856813,0.14285714285714285
2020-09-07,-0.0012282207064308083,0.14285714285714285
2020-09-08,0.014774947467621837,0.42857142857142855
2020-09-09,-0.017578566646329372,0.7142857142857142
2020-09-10,-0.030143062991414355,0.9999999999999998
2020-09-11,-0.010018430231202732,0.9999999999999998
2020-09-12,-0.021121538193008597,0.9999999999999998
2020-09-13,0.032892436167038755,0.9999999999999998
2020-09-14,-0.030794319478298634,0.9999999999999998
2020-09-15,0.012073047562619628,0.9999999999999998
2020-09-16,-0.009113628077310833,0.9999999999999998
2020-09-17,-0.03249576895865904,0.9999999999999998
2020-09-18,0.006900498765073765,0.9999999999999998
2020-09-19,-0.007822759674188518,0.9999999999999998
2020-09-20,0.025611783887311123,0.9999999999999998
2020-09-21,0.06450894176836354,0.9999999999999998
2020-09-22,-0.011038675631292632,0.9999999999999998
2020-09-23,0.04786425208004559,0.9999999999999998
2020-09-24,-0.0681174860667878,0.9999999999999998
2020-09-25,-0.0017502668082433406,0.9999999999999998
2020-09-26,-0.004535907929724214,0.9999999999999998
2020-09-27,-0.0070562679929595295,0.9999999999999998
2020-09-28,0.009158417964839613,0.9999999999999998
2020-09-29,-0.014917148643076961,0.9999999999999998
2020-09-30,0.003217268440226363,0.9999999999999998
2020-10-01,0.017232465929323,0.9999999999999998
2020-10-02,0.012714226487592952,0.9999999999999998
2020-10-03,0.0008571546687746312,0.9999999999999998
2020-10-04,-0.015084852850713183,0.9999999999999998
2020-10-05,-0.007826291406744113,0.9999999999999998
2020-10-06,0.0190347492215784,0.7142857142857142
2020-10-07,-0.0029832214778467664,0.7142857142857142
2020-10-08,-0.018345228521808542,0.7142857142857142
2020-10-09,-0.011226543467363143,0.42857142857142855
2020-10-10,-0.002883377149579227,0.14285714285714285
2020-10-11,0.0008850191204884064,0.14285714285714285
2020-10-12,0.009768082879831599,0.42857142857142855
2020-10-13,-0.0050284472129477065,0.42857142857142855
2020-10-14,-0.00259574186866921,0.7142857142857142
2020-10-15,0.002120758920380516,0.9999999999999998
2020-10-16,-0.02413926449869324,0.9999999999999998
2020-10-17,0.005658216983249085,0.9999999999999998
2020-10-18,0.013702818480538524,0.7142857142857142
2020-10-19,0.008824232739448561,0.7142857142857142
2020-10-20,-0.005322614692448713,0.7142857142857142
2020-10-21,0.04721803481278977,0.7142857142857142
2020-10-22,0.02687795874841065,0.7142857142857142
2020-10-23,-0.0053589616456027,0.7142857142857142
2020-10-24,0.007788874373865534,0.7142857142857142
2020-10-25,-0.011061305202459156,0.9999999999999998
2020-10-26,-0.015558523751241612,0.9999999999999998
2020-10-27,0.03624408084782748,0.9999999999999998
2020-10-28,-0.03238506896031167,0.9999999999999998
2020-10-29,0.005717466149960991,0.9999999999999998
2020-10-30,-0.0019711276374199116,0.9999999999999998
2020-10-31,0.013545444869359376,0.9999999999999998
2020-11-01,0.012179245391282841,0.9999999999999998
2020-11-02,-0.024928080892633146,0.9999999999999998
2020-11-03,0.023845098747755637,0.9999999999999998
2020-11-04,0.02314167225984753,0.9999999999999998
2020-11-05,0.06879441744759672,0.9999999999999998
2020-11-06,0.04668525019431634,0.9999999999999998
2020-11-07,-0.04715548050253064,0.9999999999999998
2020-11-08,0.0440942312926813,0.9999999999999998
2020-11-09,-0.01571271626036252,0.9999999999999998
2020-11-10,0.005756678750763853,0.9999999999999998
2020-11-11,0.0268066439445832,0.9999999999999998
2020-11-12,0.018711130633476677,0.9999999999999998
2020-11-13,0.01593607849044831,0.9999999999999998
2020-11-14,-0.023962149911145696,0.9999999999999998
2020-11-15,-0.01742069434604093,0.9999999999999998
2020-11-16,0.0375729295659266,0.9999999999999998
2020-11-17,0.051762421312726556,0.9999999999999998
2020-11-18,-0.00046507972188769564,0.9999999999999998
2020-11-19,-0.006788445600701852,0.9999999999999998
2020-11-20,0.0651825737062398,0.9999999999999998
2020-11-21,0.04275105780293997,0.9999999999999998
2020-11-22,-0.0008624215637004773,0.9999999999999998
2020-11-23,0.0421003643542539,0.9999999999999998
2020-11-24,0.018601244678641934,0.9999999999999998
2020-11-25,-0.040935247302987136,0.9999999999999998
2020-11-26,-0.08543152800744706,0.9999999999999998
2020-11-27,-0.0014825024871175094,0.9999999999999998
2020-11-28,0.03516112339678445,0.9999999999999998
2020-11-29,0.04923702858779554,0.9999999999999998
2020-11-30,0.07653089729806715,0.9999999999999998
2020-12-01,-0.049084150950971336,0.9999999999999998
2020-12-02,0.02162774304031156,0.9999999999999998
2020-12-03,0.02156523606948235,0.9999999999999998
2020-12-04,-0.05932794581260785,0.9999999999999998
2020-12-05,0.03940167339557919,0.9999999999999998
2020-12-06,0.009506252523983514,0.9999999999999998
2020-12-07,-0.013530348105448838,0.9999999999999998
2020-12-08,-0.052724476359118075,0.9999999999999998
2020-12-09,0.022396914906157465,0.9999999999999998
2020-12-10,-0.02012078480454304,0.9999999999999998
2020-12-11,-0.018975352897836188,0.9999999999999998
2020-12-12,0.04310584811865214,0.9999999999999998
2020-12-13,0.029734351751208525,0.9999999999999998
2020-12-14,-0.0012515918840549918,0.9999999999999998
2020-12-15,0.006085918895578522,0.9999999999999998
2020-12-16,0.09023834809483319,0.9999999999999998
2020-12-17,0.0385928752743968,0.9999999999999998
2020-12-18,0.015400771384495467,0.9999999999999998
2020-12-19,0.018735167478100775,0.9999999999999998
2020-12-20,-0.022841785610550662,0.9999999999999998
2020-12-21,-0.039518398733454516,0.9999999999999998
2020-12-22,0.04764691562794664,0.9999999999999998
2020-12-23,-0.05215926738997133,0.9999999999999998
2020-12-24,0.03360048860280606,0.9999999999999998
2020-12-25,0.032539084721368454,0.9999999999999998
2020-12-26,0.04453680423522965,0.9999999999999998
2020-12-27,0.0333855563354598,0.9999999999999998
2020-12-28,0.04824034281085486,0.9999999999999998
2020-12-29,0.006737582442813083,0.9999999999999998
2020-12-30,0.04099203848981979,0.9999999999999998
2020-12-31,-0.009637169391195242,0.9999999999999998
2021-01-01,0.0019552742788531132,0.9999999999999998
2021-01-02,0.07972432192248943,0.9999999999999998
2021-01-03,0.14443523390658283,0.9999999999999998
2021-01-04,0.016951501129224663,0.9999999999999998
2021-01-05,0.058818036937887994,0.9999999999999998
2021-01-06,0.09088164791229911,0.9999999999999998
2021-01-07,0.04287775661350012,0.9999999999999998
2021-01-08,0.011315865056009618,0.9999999999999998
2021-01-09,0.018216484374888257,0.9999999999999998
2021-01-10,-0.032700829605571406,0.9999999999999998
2021-01-11,-0.10257612798197616,0.9999999999999998
2021-01-12,-0.03607436658417495,0.9999999999999998
2021-01-13,0.08659664515706697,0.9999999999999998
2021-01-14,0.06891785429525753,0.9999999999999998
2021-01-15,-0.056491341090844235,0.9999999999999998
2021-01-16,0.015291424466704501,0.9999999999999998
2021-01-17,-0.00045957242586963654,0.9999999999999998
2021-01-18,0.02168586080189183,0.9999999999999998
2021-01-19,0.032609550673696745,0.9999999999999998
2021-01-20,-0.0018801278428711146,0.9999999999999998
2021-01-21,-0.16122452043931162,0.9999999999999998
2021-01-22,0.08824229376742485,0.9999999999999998
2021-01-23,-0.012887373141210186,0.9999999999999998
2021-01-24,0.06717165412026148,0.9999999999999998
2021-01-25,-0.026870255048419327,0.9999999999999998
2021-01-26,0.021824246085774154,0.9999999999999998
2021-01-27,-0.07906245286943318,0.9999999999999998
2021-01-28,0.08602968078165105,0.9999999999999998
2021-01-29,0.032007787016487425,0.9999999999999998
2021-01-30,-0.0003083921956582025,0.9999999999999998
2021-01-31,-0.04087099199924081,0.9999999999999998
2021-02-01,0.029890806846027844,0.9999999999999998
2021-02-02,0.07933030644863878,0.9999999999999998
2021-02-03,0.0807820507355421,0.9999999999999998
2021-02-04,-0.029852541605546616,0.9999999999999998
2021-02-05,0.05698747848878648,0.9999999999999998
2021-02-06,-0.0007471767855405358,0.9999999999999998
2021-02-07,-0.024271728054179206,0.9999999999999998
2021-02-08,0.14056714200114903,0.9999999999999998
2021-02-09,0.006052231292573373,0.9999999999999998
2021-02-10,-0.02539294244630213,0.9999999999999998
2021-02-11,0.0482194375603132,0.9999999999999998
2021-02-12,0.008244770419974843,0.9999999999999998
2021-02-13,-0.008284331147902889,0.9999999999999998
2021-02-14,0.01090302426433631,0.9999999999999998
2021-02-15,-0.012639195276398504,0.9999999999999998
2021-02-16,0.013503910850307551,0.9999999999999998
2021-02-17,0.04936693987527828,0.9999999999999998
2021-02-18,0.018693719177705008,0.9999999999999998
2021-02-19,0.04649065133591156,0.9999999999999998
2021-02-20,-0.011461983603812618,0.9999999999999998
2021-02-21,0.01946306001400266,0.9999999999999998
2021-02-22,-0.06932594393222012,0.9999999999999998
2021-02-23,-0.10419656123016921,0.9999999999999998
2021-02-24,0.02240791558392751,0.9999999999999998
2021-02-25,-0.06965286898318838,0.9999999999999998
2021-02-26,-0.021121736433614417,0.9999999999999998
2021-02-27,0.002873936727238235,0.9999999999999998
2021-02-28,-0.024092730565462565,0.9999999999999998
2021-03-01,0.1027617527126998,0.9999999999999998
2021-03-02,-0.038185978801413716,0.9999999999999998
2021-03-03,0.04694788236079271,0.9999999999999998
2021-03-04,-0.02869284457226528,0.9999999999999998
2021-03-05,0.00023375959809135427,0.9999999999999998
2021-03-06,0.04150440700450741,0.9999999999999998
2021-03-07,0.044198208030384094,0.9999999999999998
2021-03-08,0.04481293769398441,0.9999999999999998
2021-03-09,0.03402929899628881,0.9999999999999998
2021-03-10,-0.01120554856812733,0.9999999999999998
2021-03-11,0.025696871760284228,0.9999999999999998
2021-03-12,-0.021107856645620534,0.9999999999999998
2021-03-13,0.07888708255947129,0.9999999999999998
2021-03-14,-0.03739007886951489,0.9999999999999998
2021-03-15,-0.04321772535075456,0.9999999999999998
2021-03-16,0.014720816112560372,0.9999999999999998
2021-03-17,0.02282594755145872,0.9999999999999998
2021-03-18,-0.02386303280024398,0.9999999999999998
2021-03-19,0.012690719016505533,0.9999999999999998
2021-03-20,-7.117965380948332e-05,0.9999999999999998
2021-03-21,-0.012900888981959121,0.9999999999999998
2021-03-22,-0.041093040421145755,0.7142857142857142
2021-03-23,-0.0009248105029943914,0.42857142857142855
2021-03-24,-0.006676288667375385,0.14285714285714285
2021-03-25,0.0009478834986457656,0.14285714285714285
2021-03-26,-0.010216550918014955,0.14285714285714285
2021-03-27,-0.0015128770487496206,0.14285714285714285
2021-03-28,0.001166123210860642,0.14285714285714285
2021-03-29,0.007565921699683538,0.14285714285714285
2021-03-30,0.006620553391768114,0.42857142857142855
2021-03-31,0.01497944825726177,0.7142857142857142
2021-04-01,0.01221942810207218,0.9999999999999998
2021-04-02,0.04403694946289049,0.9999999999999998
2021-04-03,-0.04541430596938094,0.9999999999999998
2021-04-04,0.02678480833268592,0.9999999999999998
2021-04-05,0.015615266148016112,0.9999999999999998
2021-04-06,-0.008502984852115645,0.9999999999999998
2021-04-07,-0.052773963710102165,0.9999999999999998
2021-04-08,0.04875729812871708,0.9999999999999998
2021-04-09,-0.0026126269098070134,0.9999999999999998
2021-04-10,0.030024124374768084,0.9999999999999998
2021-04-11,0.006123344708622634,0.9999999999999998
2021-04-12,-0.004308013443179714,0.9999999999999998
2021-04-13,0.06876239009622641,0.9999999999999998
2021-04-14,0.024169635413133987,0.9999999999999998
2021-04-15,0.01832346355185299,0.9999999999999998
2021-04-16,-0.032668875028377724,0.9999999999999998
2021-04-17,-0.03244413748062496,0.9999999999999998
2021-04-18,-0.0498255938437777,0.9999999999999998
2021-04-19,-0.021271111953989116,0.9999999999999998
2021-04-20,0.04624928810339168,0.9999999999999998
2021-04-21,-0.01762023774733928,0.9999999999999998
2021-04-22,-0.010818445624742932,0.9999999999999998
2021-04-23,-0.011984089781516601,0.9999999999999998
2021-04-24,-0.042775826349798866,0.9999999999999998
2021-04-25,0.014217583637221804,0.9999999999999998
2021-04-26,0.09588386540665247,0.9999999999999998
2021-04-27,0.03583156681534993,0.9999999999999998
2021-04-28,0.013890449190349815,0.9999999999999998
2021-04-29,-0.010168515307886813,0.9999999999999998
2021-04-30,0.04146208290187558,0.9999999999999998
2021-05-01,0.03196123269166639,0.9999999999999998
2021-05-02,-0.009782626417083216,0.9999999999999998
2021-05-03,0.08688875968255604,0.9999999999999998
2021-05-04,-0.06265610233820788,0.9999999999999998
2021-05-05,0.08380614930465911,0.9999999999999998
2021-05-06,-0.013982007578712482,0.9999999999999998
2021-05-07,0.006747382668323863,0.9999999999999998
2021-05-08,0.07538359310384012,0.9999999999999998
2021-05-09,-0.0035640420167130644,0.9999999999999998
2021-05-10,-0.017926121585782603,0.9999999999999998
2021-05-11,0.036386217783126,0.9999999999999998
2021-05-12,-0.10645959888766512,0.9999999999999998
2021-05-13,-0.010742905811694677,0.9999999999999998
2021-05-14,0.0497579403955931,0.9999999999999998
2021-05-15,-0.08351881889321752,0.9999999999999998
2021-05-16,-0.012429424193472257,0.9999999999999998
2021-05-17,-0.07292827524609895,0.9999999999999998
2021-05-18,0.006237317695637621,0.9999999999999998
2021-05-19,-0.210782552307813,0.9999999999999998
2021-05-20,0.08540558820993224,0.7142857142857142
2021-05-21,-0.043630342779832465,0.42857142857142855
2021-05-22,-0.0039081329217555945,0.14285714285714285
2021-05-23,0.01120273645757592,0.14285714285714285
2021-05-24,-0.08208758516236062,0.42857142857142855
2021-05-25,-0.0033946874589978796,0.7142857142857142
2021-05-26,-0.04508490198863999,0.9999999999999998
2021-05-27,0.03398488630198011,0.9999999999999998
2021-05-28,0.09767030839337493,0.9999999999999998
2021-05-29,0.04280756655358001,0.9999999999999998
2021-05-30,-0.038165900061933385,0.9999999999999998
2021-05-31,-0.08945415107812556,0.9999999999999998
2021-06-01,0.021075653358092666,0.9999999999999998
2021-06-02,-0.025253549017013446,0.9999999999999998
2021-06-03,-0.04993994926620699,0.9999999999999998
2021-06-04,0.06060134064600267,0.9999999999999998
2021-06-05,0.0296360431341611,0.9999999999999998
2021-06-06,-0.019784424706509294,0.9999999999999998
2021-06-07,0.05377964019202405,0.9999999999999998
2021-06-08,0.01910285340014766,0.9999999999999998
2021-06-09,-0.08041756637683764,0.9999999999999998
2021-06-10,0.03630683239882725,0.9999999999999998
2021-06-11,0.014971184839827324,0.9999999999999998
2021-06-12,0.020560506183905192,0.9999999999999998
2021-06-13,-0.07784421148795569,0.9999999999999998
2021-06-14,-0.03316959535619437,0.9999999999999998
2021-06-15,0.011971414432644286,0.9999999999999998
2021-06-16,0.0571595593069489,0.9999999999999998
2021-06-17,0.002527524937145119,0.9999999999999998
2021-06-18,0.05932589207710614,0.9999999999999998
2021-06-19,0.020009490841318794,0.9999999999999998
2021-06-20,-0.019773913228928172,0.9999999999999998
2021-06-21,0.13571043094690502,0.9999999999999998
2021-06-22,-0.012581966608026244,0.9999999999999998
2021-06-23,-0.04174071090881296,0.9999999999999998
2021-06-24,-0.02015801709044846,0.9999999999999998
2021-06-25,0.09015394770001893,0.9999999999999998
2021-06-26,-0.017227733096433707,0.9999999999999998
2021-06-27,-0.07986186438844363,0.9999999999999998
2021-06-28,-0.022706130006141384,0.9999999999999998
2021-06-29,-0.03985145532236039,0.9999999999999998
2021-06-30,-0.012982188411769744,0.9999999999999998
2021-07-01,0.05937519083277513,0.9999999999999998
2021-07-02,-0.015581797995254146,0.9999999999999998
2021-07-03,-0.030059840239189613,0.9999999999999998
2021-07-04,-0.03030183298794263,0.9999999999999998
2021-07-05,0.04987808129879227,0.9999999999999998
2021-07-06,-0.03652133715858701,0.9999999999999998
2021-07-07,0.006725620950636785,0.9999999999999998
2021-07-08,0.05764096376449141,0.9999999999999998
2021-07-09,-0.0216625487180049,0.9999999999999998
2021-07-10,0.01327234007677063,0.9999999999999998
2021-07-11,-0.018041790378129315,0.9999999999999998
2021-07-12,0.04282704242821022,0.9999999999999998
2021-07-13,0.02802881610822137,0.9999999999999998
2021-07-14,-0.01530539411755189,0.9999999999999998
2021-07-15,0.03332897989133246,0.9999999999999998
2021-07-16,0.019034928682127333,0.9999999999999998
2021-07-17,-0.008039911785225888,0.9999999999999998
2021-07-18,-0.0019063987138209732,0.9999999999999998
2021-07-19,0.0340252371221952,0.9999999999999998
2021-07-20,0.02552170218296259,0.9999999999999998
2021-07-21,-0.09889605722565364,0.9999999999999998
2021-07-22,-0.006979831083208092,0.7142857142857142
2021-07-23,-0.019791832776476472,0.42857142857142855
2021-07-24,-0.003683311182052506,0.14285714285714285
2021-07-25,0.002194804414725731,0.14285714285714285
2021-07-26,0.014684523994540436,0.42857142857142855
2021-07-27,0.03243234550990465,0.7142857142857142
2021-07-28,0.0071448536335919285,0.9999999999999998
2021-07-29,0.017812140049426325,0.9999999999999998
2021-07-30,0.04387839872150277,0.9999999999999998
2021-07-31,0.005261333980318748,0.9999999999999998
2021-08-01,-0.01461433756596969,0.9999999999999998
2021-08-02,0.0012349918344659594,0.9999999999999998
2021-08-03,-0.030878536550356488,0.9999999999999998
2021-08-04,0.06290239588080702,0.9999999999999998
2021-08-05,0.033143476223377426,0.9999999999999998
2021-08-06,0.035572334516633324,0.9999999999999998
2021-08-07,0.06676369729750829,0.9999999999999998
2021-08-08,-0.03224478103870886,0.9999999999999998
2021-08-09,0.05270405495125417,0.9999999999999998
2021-08-10,-0.010241527178413475,0.9999999999999998
2021-08-11,0.002250475814750629,0.9999999999999998
2021-08-12,-0.030283216094829528,0.9999999999999998
2021-08-13,0.08362724229259387,0.9999999999999998
2021-08-14,-0.016556465696992314,0.9999999999999998
2021-08-15,0.005765275829765158,0.9999999999999998
2021-08-16,-0.03563039634978054,0.9999999999999998
2021-08-17,-0.034649067289585826,0.9999999999999998
2021-08-18,0.0004450014682583213,0.9999999999999998
2021-08-19,0.051245242014776746,0.9999999999999998
2021-08-20,0.04320613834474284,0.9999999999999998
2021-08-21,-0.014428325998960264,0.9999999999999998
2021-08-22,0.006545030515634707,0.9999999999999998
2021-08-23,0.015394659555120312,0.9999999999999998
2021-08-24,-0.04101535647256271,0.9999999999999998
2021-08-25,0.022497503394981792,0.9999999999999998
2021-08-26,-0.04247622076345952,0.9999999999999998
2021-08-27,0.05299178108104395,0.9999999999999998
2021-08-28,-0.006228948571934954,0.9999999999999998
2021-08-29,-0.004583050453635217,0.9999999999999998
2021-08-30,-0.01742079038348004,0.9999999999999998
2021-08-31,0.0322313025976546,0.9999999999999998
2021-09-01,0.07612573760998186,0.9999999999999998
2021-09-02,-0.0008894477399002398,0.9999999999999998
2021-09-03,0.02774185576096399,0.9999999999999998
2021-09-04,-0.007470266207699193,0.9999999999999998
2021-09-05,0.026745515198913876,0.9999999999999998
2021-09-06,0.005796136847777965,0.9999999999999998
2021-09-07,-0.11766813570003695,0.9999999999999998
2021-09-08,0.0005904060988948245,0.9999999999999998
2021-09-09,-0.006818486198321038,0.9999999999999998
2021-09-10,-0.04828255823676107,0.9999999999999998
2021-09-11,0.012772532417770873,0.9999999999999998
2021-09-12,0.030422503894419577,0.9999999999999998
2021-09-13,-0.02122173508627012,0.7142857142857142
2021-09-14,0.01974899072867889,0.42857142857142855
2021-09-15,0.015811548661722612,0.42857142857142855
2021-09-16,-0.004411056939523412,0.42857142857142855
2021-09-17,-0.012059909025748843,0.42857142857142855
2021-09-18,0.006750824973382006,0.42857142857142855
2021-09-19,-0.011341628630879341,0.42857142857142855
2021-09-20,-0.04177751349025516,0.42857142857142855
2021-09-21,-0.026527881239139278,0.42857142857142855
2021-09-22,0.012639877284260968,0.14285714285714285
2021-09-23,-0.004183822829044885,0.14285714285714285
2021-09-24,0.024721000586493177,0.42857142857142855
2021-09-25,0.0017398463417326892,0.7142857142857142
2021-09-26,-0.029346774041382896,0.9999999999999998
2021-09-27,0.03394805990432259,0.9999999999999998
2021-09-28,0.033829065463191386,0.9999999999999998
2021-09-29,-0.01408772811817937,0.9999999999999998
2021-09-30,-0.05378837742812593,0.9999999999999998
2021-10-01,-0.10064108883473163,0.9999999999999998
2021-10-02,-0.006351659918975733,0.9999999999999998
2021-10-03,-0.010053574337635726,0.9999999999999998
2021-10-04,-0.005735329778463937,0.9999999999999998
2021-10-05,-0.041708122937015084,0.9999999999999998
2021-10-06,-0.045457813904984205,0.9999999999999998
2021-10-07,0.012807441516502722,0.9999999999999998
2021-10-08,0.0014393569633599826,0.7142857142857142
2021-10-09,-0.004767839457781357,0.42857142857142855
2021-10-10,0.0033233959557454284,0.14285714285714285
2021-10-11,0.006050958745358483,0.14285714285714285
2021-10-12,-0.008864112128612362,0.42857142857142855
2021-10-13,0.020326471512736248,0.7142857142857142
2021-10-14,0.024921794008337564,0.9999999999999998
2021-10-15,0.047933859278109996,0.9999999999999998
2021-10-16,-0.011426246252899782,0.9999999999999998
2021-10-17,0.0075859124172154,0.9999999999999998
2021-10-18,-0.009383743114637019,0.9999999999999998
2021-10-19,0.03597139306713037,0.9999999999999998
2021-10-20,0.05006188796082965,0.9999999999999998
2021-10-21,-0.041870719057608405,0.9999999999999998
2021-10-22,-0.022067918720366834,0.9999999999999998
2021-10-23,0.029469205581497897,0.9999999999999998
2021-10-24,-0.013719925194102419,0.9999999999999998
2021-10-25,0.03520059988406076,0.9999999999999998
2021-10-26,-0.032323069443028866,0.9999999999999998
2021-10-27,-0.04123191773377631,0.9999999999999998
2021-10-28,0.0649175160113825,0.9999999999999998
2021-10-29,0.02935033888283966,0.9999999999999998
2021-10-30,-0.014054784719732701,0.9999999999999998
2021-10-31,-0.008592945916068849,0.9999999999999998
2021-11-01,0.0005555635586388386,0.9999999999999998
2021-11-02,0.050240602912580465,0.9999999999999998
2021-11-03,-0.001073879253009502,0.9999999999999998
2021-11-04,-0.019652238952098493,0.9999999999999998
2021-11-05,-0.010110353920372957,0.9999999999999998
2021-11-06,0.009242352792373286,0.9999999999999998
2021-11-07,0.02513334479222428,0.9999999999999998
2021-11-08,0.05478209294471047,0.9999999999999998
2021-11-09,-0.012148084278996604,0.9999999999999998
2021-11-10,-0.026375625570737686,0.9999999999999998
2021-11-11,0.008922976451963492,0.9999999999999998
2021-11-12,-0.010704848203122784,0.9999999999999998
2021-11-13,-0.00026186555498303177,0.9999999999999998
2021-11-14,0.006933580011406369,0.9999999999999998
2021-11-15,-0.021373485599211255,0.9999999999999998
2021-11-16,-0.0666924753786927,0.9999999999999998
2021-11-17,0.011702486811389188,0.9999999999999998
2021-11-18,-0.06256371613703814,0.9999999999999998
2021-11-19,0.033630793869513405,0.7142857142857142
2021-11-20,0.011650261765827933,0.42857142857142855
2021-11-21,-0.011316285915385383,0.42857142857142855
2021-11-22,-0.017401988999798706,0.42857142857142855
2021-11-23,0.00577314709265191,0.14285714285714285
2021-11-24,-0.0016417454748831606,0.14285714285714285
2021-11-25,-0.006751683148459562,0.14285714285714285
2021-11-26,-0.014273637283482252,0.14285714285714285
2021-11-27,0.0022759600366592447,0.14285714285714285
2021-11-28,-0.007076241643472453,0.14285714285714285
2021-11-29,-0.009415796065625181,0.42857142857142855
2021-11-30,-0.005723844705907092,0.42857142857142855
2021-12-01,0.0014927524417608982,0.42857142857142855
2021-12-02,0.006055922914435369,0.42857142857142855
2021-12-03,0.041680928621012234,0.7142857142857142
2021-12-04,0.03808763153493353,0.7142857142857142
2021-12-05,-0.0084365284970838,0.7142857142857142
2021-12-06,-0.020207580600156677,0.7142857142857142
2021-12-07,0.002594639798892301,0.7142857142857142
2021-12-08,-0.014089137517865565,0.9999999999999998
2021-12-09,0.06681002722724225,0.9999999999999998
2021-12-10,0.02955276923144104,0.9999999999999998
2021-12-11,-0.04811063239544513,0.9999999999999998
2021-12-12,-0.011350579784148182,0.9999999999999998
2021-12-13,0.07580669444727743,0.9999999999999998
2021-12-14,-0.0274195258809701,0.9999999999999998
2021-12-15,-0.02606404575864849,0.9999999999999998
2021-12-16,0.020495503665563734,0.9999999999999998
2021-12-17,0.026471792514875466,0.9999999999999998
2021-12-18,-0.018234755901371406,0.9999999999999998
2021-12-19,0.0064120520456352696,0.9999999999999998
2021-12-20,-0.004817130053365115,0.9999999999999998
2021-12-21,-0.02946964480744728,0.9999999999999998
2021-12-22,0.007609171867649609,0.9999999999999998
2021-12-23,-0.03949726009067963,0.9999999999999998
2021-12-24,0.008497320595691846,0.9999999999999998
2021-12-25,-0.00159712648880248,0.9999999999999998
2021-12-26,0.00033175218980872027,0.9999999999999998
2021-12-27,0.00437131504500231,0.9999999999999998
2021-12-28,0.06154956349474084,0.9999999999999998
2021-12-29,0.033054580722725116,0.9999999999999998
2021-12-30,-0.01771255499442526,0.9999999999999998
2021-12-31,0.014220469515537707,0.9999999999999998
2022-01-01,-0.02813815784784797,0.9999999999999998
2022-01-02,-0.0035208827338974362,0.9999999999999998
2022-01-03,0.01735691438158033,0.9999999999999998
2022-01-04,0.004260255194052229,0.9999999999999998
2022-01-05,0.05867460638432289,0.9999999999999998
2022-01-06,0.02328052598366784,0.9999999999999998
2022-01-07,0.048397989167224126,0.9999999999999998
2022-01-08,0.017335818409801616,0.9999999999999998
2022-01-09,-0.01357033409981087,0.9999999999999998
2022-01-10,0.011513368246353389,0.9999999999999998
2022-01-11,-0.03605008676803941,0.9999999999999998
2022-01-12,-0.03417787991415705,0.9999999999999998
2022-01-13,0.03480173507402844,0.9999999999999998
2022-01-14,-0.016177472531915878,0.9999999999999998
2022-01-15,-0.0029486732960284697,0.9999999999999998
2022-01-16,-0.0028183973670836086,0.9999999999999998
2022-01-17,0.030694865567366975,0.9999999999999998
2022-01-18,0.0062353330673169715,0.9999999999999998
2022-01-19,0.020386271831801694,0.9999999999999998
2022-01-20,0.025432724817400193,0.9999999999999998
2022-01-21,0.12448063823371475,0.9999999999999998
2022-01-22,0.04928820135444395,0.9999999999999998
2022-01-23,-0.04301908135787128,0.9999999999999998
2022-01-24,0.014016548003359471,0.9999999999999998
2022-01-25,-0.008092965618475929,0.9999999999999998
2022-01-26,0.0010685068043167726,0.9999999999999998
2022-01-27,0.002862592807006641,0.9999999999999998
2022-01-28,-0.03243283670588762,0.9999999999999998
2022-01-29,-0.0170110967434178,0.9999999999999998
2022-01-30,0.0038812430312178295,0.9999999999999998
2022-01-31,-0.024235202104958983,0.9999999999999998
2022-02-01,-0.02179465215331763,0.9999999999999998
2022-02-02,0.042489193504068164,0.9999999999999998
2022-02-03,-0.008722140312126828,0.9999999999999998
2022-02-04,-0.1125375628060344,0.9999999999999998
2022-02-05,-0.00032588369223669435,0.9999999999999998
2022-02-06,-0.018891848950978146,0.9999999999999998
2022-02-07,-0.031058147627036375,0.9999999999999998
2022-02-08,0.0009127476067438411,0.7142857142857142
2022-02-09,-0.010591408795881118,0.42857142857142855
2022-02-10,0.004887863414710133,0.14285714285714285
2022-02-11,0.0052034931057856745,0.14285714285714285
2022-02-12,0.000524200889471119,0.14285714285714285
2022-02-13,0.001458752280693314,0.14285714285714285
2022-02-14,-0.0022454657111083427,0.14285714285714285
2022-02-15,-0.02895101085478218,0.42857142857142855
2022-02-16,0.01216435914234926,0.7142857142857142
2022-02-17,0.05384165130409756,0.7142857142857142
2022-02-18,0.018640562558955923,0.7142857142857142
2022-02-19,0.0012229882140057935,0.7142857142857142
2022-02-20,0.03345862252865928,0.7142857142857142
2022-02-21,0.011774315978432493,0.42857142857142855
2022-02-22,-0.004559200767383486,0.14285714285714285
2022-02-23,-0.0036645904461512988,0.14285714285714285
2022-02-24,0.0025269036411452884,0.14285714285714285
2022-02-25,0.01885735515251017,0.42857142857142855
2022-02-26,0.0002406837024038039,0.7142857142857142
2022-02-27,-0.04768533518467518,0.9999999999999998
2022-02-28,0.1305218392573517,0.9999999999999998
2022-03-01,0.02411147480433095,0.9999999999999998
2022-03-02,-0.010820603435683914,0.9999999999999998
2022-03-03,-0.03561463840389905,0.9999999999999998
2022-03-04,-0.07631216188860011,0.9999999999999998
2022-03-05,0.011393311036012151,0.9999999999999998
2022-03-06,-0.03376209232928517,0.9999999999999998
2022-03-07,-0.012747302173570443,0.7142857142857142
2022-03-08,0.011188671131938886,0.42857142857142855
2022-03-09,0.009809016664316977,0.14285714285714285
2022-03-10,0.007142627013763611,0.14285714285714285
2022-03-11,0.007542153051549518,0.42857142857142855
2022-03-12,-0.002611541041280447,0.7142857142857142
2022-03-13,0.023306207952330436,0.9999999999999998
2022-03-14,-0.03974012432839931,0.9999999999999998
2022-03-15,-0.00041948480031689855,0.9999999999999998
2022-03-16,-0.052897509563253405,0.9999999999999998
2022-03-17,-0.0040845622574224956,0.9999999999999998
2022-03-18,-0.032718443481966356,0.9999999999999998
2022-03-19,-0.006955182088773724,0.9999999999999998
2022-03-20,0.018617054056173,0.7142857142857142
2022-03-21,-0.001011867066035878,0.42857142857142855
2022-03-22,-0.004597209819177214,0.14285714285714285
2022-03-23,0.0021703551400424413,0.14285714285714285
2022-03-24,0.010516885667016534,0.42857142857142855
2022-03-25,0.0013220525204456633,0.7142857142857142
2022-03-26,0.008846720717407185,0.9999999999999998
2022-03-27,0.049970436839035,0.9999999999999998
2022-03-28,0.008796874552983723,0.9999999999999998
2022-03-29,0.013457982979731217,0.9999999999999998
2022-03-30,-0.006029271391603362,0.9999999999999998
2022-03-31,-0.0319477888016168,0.9999999999999998
2022-04-01,0.034959062365741415,0.9999999999999998
2022-04-02,-0.006758440672368858,0.9999999999999998
2022-04-03,0.01785270041447284,0.9999999999999998
2022-04-04,0.0015247116849879112,0.9999999999999998
2022-04-05,-0.027606990724730933,0.9999999999999998
2022-04-06,-0.060572112894938565,0.9999999999999998
2022-04-07,0.012430182140618636,0.9999999999999998
2022-04-08,-0.019114039018422343,0.9999999999999998
2022-04-09,0.01630510927526629,0.9999999999999998
2022-04-10,-0.015480314921898494,0.9999999999999998
2022-04-11,-0.06602852639896394,0.9999999999999998
2022-04-12,0.014924682942853536,0.9999999999999998
2022-04-13,0.028352347960271744,0.9999999999999998
2022-04-14,-0.03008853203444683,0.9999999999999998
2022-04-15,0.010705916079392305,0.9999999999999998
2022-04-16,0.0009444796460865708,0.9999999999999998
2022-04-17,-0.020316794134009383,0.9999999999999998
2022-04-18,0.01787491036704445,0.7142857142857142
2022-04-19,0.01145543488903912,0.7142857142857142
2022-04-20,-0.004122300661914189,0.7142857142857142
2022-04-21,-0.01831848053538591,0.7142857142857142
2022-04-22,-0.005901614899914247,0.42857142857142855
2022-04-23,-0.0014890022415250644,0.14285714285714285
2022-04-24,-5.881761438245638e-05,0.14285714285714285
2022-04-25,-0.0038918453630161754,0.14285714285714285
2022-04-26,0.026117478763773485,0.42857142857142855
2022-04-27,-0.02113748092782107,0.7142857142857142
2022-04-28,-0.01491146303000961,0.9999999999999998
2022-04-29,0.03485585417836596,0.9999999999999998
2022-04-30,0.02853449289932892,0.9999999999999998
2022-05-01,-0.02917757758376555,0.9999999999999998
2022-05-02,-0.0062248061669542155,0.9999999999999998
2022-05-03,0.023703065562042287,0.9999999999999998
2022-05-04,-0.05430069710805191,0.9999999999999998
2022-05-05,0.07258231300656533,0.9999999999999998
2022-05-06,0.01727664166469685,0.9999999999999998
2022-05-07,0.018353210856487383,0.9999999999999998
2022-05-08,0.042453198620733074,0.9999999999999998
2022-05-09,0.11621304541450012,0.9999999999999998
2022-05-10,-0.04085205149629586,0.9999999999999998
2022-05-11,0.08589915051034712,0.9999999999999998
2022-05-12,0.03018387331086163,0.9999999999999998
2022-05-13,-0.017122890986773418,0.9999999999999998
2022-05-14,-0.025019742139759472,0.9999999999999998
2022-05-15,-0.042071287635024095,0.9999999999999998
2022-05-16,0.05184488166535794,0.9999999999999998
2022-05-17,-0.026151626954935617,0.9999999999999998
2022-05-18,0.07031699006763194,0.9999999999999998
2022-05-19,-0.055108100399466335,0.9999999999999998
2022-05-20,0.033695004859045086,0.9999999999999998
2022-05-21,-0.008221595027027954,0.9999999999999998
2022-05-22,-0.03151711982654547,0.9999999999999998
2022-05-23,0.03695072339085889,0.9999999999999998
2022-05-24,-0.011041522995612344,0.9999999999999998
2022-05-25,0.011388125683928661,0.9999999999999998
2022-05-26,0.04456397623808699,0.9999999999999998
2022-05-27,0.028140328871414887,0.9999999999999998
2022-05-28,-0.02547262580158702,0.9999999999999998
2022-05-29,-0.013300612521032233,0.9999999999999998
2022-05-30,-0.08933345221298657,0.9999999999999998
2022-05-31,0.013564678108453635,0.9999999999999998
2022-06-01,0.06343245051138893,0.9999999999999998
2022-06-02,-0.015223351116101909,0.9999999999999998
2022-06-03,0.02852781727014175,0.9999999999999998
2022-06-04,-0.01088520507218043,0.9999999999999998
2022-06-05,-0.001165620816533536,0.9999999999999998
2022-06-06,-0.03884399497878833,0.9999999999999998
2022-06-07,0.01637341816164019,0.9999999999999998
2022-06-08,0.021087537703145025,0.9999999999999998
2022-06-09,0.002602018257748218,0.9999999999999998
2022-06-10,0.052253842933303166,0.9999999999999998
2022-06-11,0.050397336891652975,0.9999999999999998
2022-06-12,0.06446852794589042,0.9999999999999998
2022-06-13,0.15550651586993047,0.9999999999999998
2022-06-14,0.007789811026023225,0.9999999999999998
2022-06-15,-0.02207104306601808,0.9999999999999998
2022-06-16,0.11657638648501159,0.9999999999999998
2022-06-17,-0.010494194144152324,0.9999999999999998
2022-06-18,0.07869193319817877,0.9999999999999998
2022-06-19,-0.10938425960990805,0.9999999999999998
2022-06-20,0.00024432098099701503,0.9999999999999998
2022-06-21,-0.002439547225381536,0.9999999999999998
2022-06-22,0.0512455489057631,0.9999999999999998
2022-06-23,-0.07317562260768261,0.9999999999999998
2022-06-24,-0.037859778307582144,0.9999999999999998
2022-06-25,-0.012912738654731979,0.9999999999999998
2022-06-26,0.028584686751922626,0.9999999999999998
2022-06-27,0.009223646089807833,0.9999999999999998
2022-06-28,0.03146995613219785,0.9999999999999998
2022-06-29,0.023163722324391362,0.9999999999999998
2022-06-30,0.01751029272597539,0.9999999999999998
2022-07-01,0.02170220605938341,0.9999999999999998
2022-07-02,-0.0027424761205686616,0.9999999999999998
2022-07-03,-0.004951677636949979,0.9999999999999998
2022-07-04,-0.05945278780352136,0.9999999999999998
2022-07-05,0.009621180187265111,0.9999999999999998
2022-07-06,-0.03323567380527094,0.9999999999999998
2022-07-07,-0.046980206358053896,0.9999999999999998
2022-07-08,0.010482230550442987,0.9999999999999998
2022-07-09,-0.0010610659793943915,0.9999999999999998
2022-07-10,0.03719949557294767,0.9999999999999998
2022-07-11,0.05252586149585177,0.9999999999999998
2022-07-12,0.042173569366558354,0.9999999999999998
2022-07-13,-0.06042739130278082,0.9999999999999998
2022-07-14,-0.04392348469667301,0.9999999999999998
2022-07-15,-0.02157458482625465,0.9999999999999998
2022-07-16,-0.05912456098253981,0.9999999999999998
2022-07-17,0.010965476300533525,0.7142857142857142
2022-07-18,-0.05580654256063006,0.42857142857142855
2022-07-19,-0.001602698259092521,0.14285714285714285
2022-07-20,-0.001793433097877631,0.14285714285714285
2022-07-21,0.006623133022636244,0.42857142857142855
2022-07-22,-0.01661794699731106,0.7142857142857142
2022-07-23,-0.0011464279151171316,0.9999999999999998
2022-07-24,0.018696252815595057,0.9999999999999998
2022-07-25,-0.07714727877216251,0.9999999999999998
2022-07-26,0.0015714972715203388,0.9999999999999998
2022-07-27,0.10437354531014217,0.9999999999999998
2022-07-28,0.04654437757496731,0.9999999999999998
2022-07-29,-0.002248648970899158,0.9999999999999998
2022-07-30,-0.00995663514051198,0.9999999999999998
2022-07-31,-0.012927640504355183,0.9999999999999998
2022-08-01,-0.014886333813732718,0.9999999999999998
2022-08-02,-0.005844758353647448,0.9999999999999998
2022-08-03,-0.007585457641706648,0.9999999999999998
2022-08-04,-0.007410827712289623,0.9999999999999998
2022-08-05,0.05533871834397951,0.9999999999999998
2022-08-06,-0.021010012874220933,0.9999999999999998
2022-08-07,0.0076352987653131015,0.9999999999999998
2022-08-08,0.036335055921103414,0.9999999999999998
2022-08-09,-0.03475463232075831,0.9999999999999998
2022-08-10,0.061623514879078564,0.9999999999999998
2022-08-11,0.006740497183893022,0.9999999999999998
2022-08-12,0.0305565203206044,0.9999999999999998
2022-08-13,0.0072995725478611755,0.9999999999999998
2022-08-14,-0.014976495966694366,0.9999999999999998
2022-08-15,-0.013736061110609484,0.9999999999999998
2022-08-16,-0.01080856995243162,0.9999999999999998
2022-08-17,-0.02206681239364155,0.9999999999999998
2022-08-18,7.307878660484102e-05,0.9999999999999998
2022-08-19,-0.11510233676326129,0.9999999999999998
2022-08-20,-0.002378247267850124,0.7142857142857142
2022-08-21,0.009241846957120981,0.42857142857142855
2022-08-22,-0.00039710678535407305,0.14285714285714285
2022-08-23,-0.0025302318612542927,0.14285714285714285
2022-08-24,0.0024061516981677055,0.42857142857142855
2022-08-25,-0.006906914339753637,0.42857142857142855
2022-08-26,0.0367927814813408,0.42857142857142855
2022-08-27,0.00441801068481769,0.42857142857142855
2022-08-28,0.014178047524218652,0.42857142857142855
2022-08-29,-0.026880526209176848,0.42857142857142855
2022-08-30,0.008671662978384042,0.42857142857142855
2022-08-31,-0.006657014492172878,0.42857142857142855
2022-09-01,-0.009142738717817202,0.7142857142857142
2022-09-02,0.007652380717195012,0.9999999999999998
2022-09-03,0.00860645294741993,0.9999999999999998
2022-09-04,-0.011261672117850254,0.9999999999999998
2022-09-05,-0.007079024487465112,0.9999999999999998
2022-09-06,0.04340447916489481,0.9999999999999998
2022-09-07,-0.03649170059241386,0.9999999999999998
2022-09-08,-0.0023471126320462714,0.9999999999999998
2022-09-09,-0.07817464393005631,0.9999999999999998
2022-09-10,-0.023005007224244995,0.9999999999999998
2022-09-11,-0.002075242534778905,0.9999999999999998
2022-09-12,0.000696464231172751,0.9999999999999998
2022-09-13,0.08992126712392362,0.9999999999999998
2022-09-14,-0.023416976582892202,0.9999999999999998
2022-09-15,0.06097957398054979,0.9999999999999998
2022-09-16,0.010756335653315472,0.9999999999999998
2022-09-17,-0.01986065834458506,0.9999999999999998
2022-09-18,0.06313186959188313,0.9999999999999998
2022-09-19,-0.018744554702191215,0.9999999999999998
2022-09-20,0.03619785145353965,0.9999999999999998
2022-09-21,0.03989597357997244,0.9999999999999998
2022-09-22,-0.05802521141170913,0.9999999999999998
2022-09-23,0.002615393686038986,0.9999999999999998
2022-09-24,0.013328044405136292,0.9999999999999998
2022-09-25,0.01154495872591449,0.9999999999999998
2022-09-26,-0.02706395763760624,0.9999999999999998
2022-09-27,0.007047685290980614,0.9999999999999998
2022-09-28,-0.012260111334410014,0.9999999999999998
2022-09-29,-0.003821974896813619,0.9999999999999998
2022-09-30,0.007140608952647234,0.9999999999999998
2022-10-01,0.00943766906636583,0.9999999999999998
2022-10-02,0.020032206506638364,0.9999999999999998
2022-10-03,-0.03305570728088845,0.9999999999999998
2022-10-04,-0.032248431615227786,0.9999999999999998
2022-10-05,0.007916426481607147,0.9999999999999998
2022-10-06,0.00519210344734773,0.9999999999999998
2022-10-07,0.01864624110902725,0.9999999999999998
2022-10-08,0.008996532460103266,0.9999999999999998
2022-10-09,-0.0035093885969201505,0.9999999999999998
2022-10-10,0.020593335966244505,0.9999999999999998
2022-10-11,0.005948601365577993,0.9999999999999998
2022-10-12,-0.007902078653035872,0.9999999999999998
2022-10-13,-0.0029061120508376724,0.9999999999999998
2022-10-14,0.001769236264206728,0.9999999999999998
2022-10-15,0.011143483232055742,0.9999999999999998
2022-10-16,-0.017240504114195837,0.9999999999999998
2022-10-17,-0.01703880036877462,0.9999999999999998
2022-10-18,0.013672195908110068,0.9999999999999998
2022-10-19,0.015350673042696536,0.9999999999999998
2022-10-20,0.0031543186491871096,0.9999999999999998
2022-10-21,-0.009771043128298637,0.9999999999999998
2022-10-22,-0.004839767614035408,0.7142857142857142
2022-10-23,-0.020472108169974954,0.7142857142857142
2022-10-24,0.005641766537774757,0.42857142857142855
2022-10-25,-0.009229836685167716,0.14285714285714285
2022-10-26,0.007368739884169431,0.14285714285714285
2022-10-27,-0.012340274689347232,0.42857142857142855
2022-10-28,0.014442113934337883,0.7142857142857142
2022-10-29,0.01874722364742184,0.7142857142857142
2022-10-30,-0.013661747375995932,0.9999999999999998
2022-10-31,-0.008897836020048287,0.9999999999999998
2022-11-01,0.0016441137643337096,0.9999999999999998
2022-11-02,-0.027129306552086167,0.9999999999999998
2022-11-03,0.005547227253854147,0.9999999999999998
2022-11-04,0.06044898098653738,0.9999999999999998
2022-11-05,-0.001844614593683458,0.9999999999999998
2022-11-06,-0.027292947622313483,0.9999999999999998
2022-11-07,-0.007582733470796519,0.9999999999999998
2022-11-08,-0.12405850669583127,0.9999999999999998
2022-11-09,-0.11289626445234878,0.7142857142857142
2022-11-10,0.060500333983332474,0.42857142857142855
2022-11-11,-0.0030066043416513274,0.14285714285714285
2022-11-12,0.002577418683214293,0.14285714285714285
2022-11-13,0.011893478626139056,0.42857142857142855
2022-11-14,-0.012928492342531269,0.7142857142857142
2022-11-15,-0.012974950386230096,0.9999999999999998
2022-11-16,0.021624385535611662,0.9999999999999998
2022-11-17,0.005461756209182891,0.9999999999999998
2022-11-18,-0.005311594253509021,0.9999999999999998
2022-11-19,-0.002050602019750287,0.9999999999999998
2022-11-20,0.04362453774837503,0.9999999999999998
2022-11-21,0.030450583274037255,0.9999999999999998
2022-11-22,-0.02856903308918455,0.9999999999999998
2022-11-23,-0.031291399347069676,0.9999999999999998
2022-11-24,-0.007915714847792549,0.9999999999999998
2022-11-25,0.0042548394739097585,0.9999999999999998
2022-11-26,-0.0007646981935970508,0.9999999999999998
2022-11-27,0.005688202666558304,0.9999999999999998
2022-11-28,0.017511324724861384,0.9999999999999998
2022-11-29,-0.027892558301629768,0.9999999999999998
2022-11-30,-0.0537898685996286,0.9999999999999998
2022-12-01,0.012526702355008487,0.9999999999999998
2022-12-02,-0.010764928092188271,0.9999999999999998
2022-12-03,0.02737482956842286,0.9999999999999998
2022-12-04,-0.0221584544546378,0.9999999999999998
2022-12-05,0.011958620192215302,0.9999999999999998
2022-12-06,-0.008165368193402623,0.9999999999999998
2022-12-07,0.023163116617453544,0.9999999999999998
2022-12-08,-0.03137997609952792,0.9999999999999998
2022-12-09,0.009591160739845773,0.9999999999999998
2022-12-10,-0.0011547637479716395,0.7142857142857142
2022-12-11,0.00186460217082846,0.7142857142857142
2022-12-12,-0.006070680406991008,0.7142857142857142
2022-12-13,-0.014898046534963821,0.42857142857142855
2022-12-14,0.00035994289382665454,0.14285714285714285
2022-12-15,-0.004329076843307697,0.14285714285714285
2022-12-16,-0.026126443924352667,0.42857142857142855
2022-12-17,0.0015723516006928627,0.14285714285714285
2022-12-18,-0.000410767075207644,0.14285714285714285
2022-12-19,-0.0022008025162727407,0.14285714285714285
2022-12-20,-0.005269427960596163,0.14285714285714285
2022-12-21,0.0005159650392923124,0.14285714285714285
2022-12-22,-0.0001879831653770561,0.14285714285714285
2022-12-23,8.423455432838077e-05,0.14285714285714285
2022-12-24,-3.068726004199472e-05,0.14285714285714285
2022-12-25,-0.0006796842811851854,0.42857142857142855
2022-12-26,0.004365620430000833,0.7142857142857142
2022-12-27,-0.013350388741673021,0.9999999999999998
2022-12-28,-0.013582632526556056,0.9999999999999998
2022-12-29,0.006942929671200469,0.9999999999999998
2022-12-30,-0.0010067900994512615,0.7142857142857142
2022-12-31,-0.0018353652139233342,0.42857142857142855
2023-01-01,0.000276391567415275,0.14285714285714285
2023-01-02,-0.0013414415948200598,0.14285714285714285
2023-01-03,-0.00034007849321198054,0.42857142857142855
2023-01-04,-0.01639369903945215,0.7142857142857142
2023-01-05,0.0027363848383301476,0.9999999999999998
2023-01-06,-0.010409599089638556,0.9999999999999998
2023-01-07,0.001370455898420205,0.7142857142857142
2023-01-08,-0.011097151152144323,0.7142857142857142
2023-01-09,-0.005905096476852784,0.42857142857142855
2023-01-10,-0.0021792808989722218,0.14285714285714285
2023-01-11,0.004634075134407372,0.14285714285714285
2023-01-12,0.014576902487976209,0.42857142857142855
2023-01-13,0.02913412187955161,0.7142857142857142
2023-01-14,0.04261760522719173,0.7142857142857142
2023-01-15,-0.001361583462168336,0.9999999999999998
2023-01-16,0.015354216411947005,0.9999999999999998
2023-01-17,-0.004867596958882169,0.9999999999999998
2023-01-18,-0.028045806762857832,0.9999999999999998
2023-01-19,0.022646809963931085,0.9999999999999998
2023-01-20,0.07246687698462682,0.9999999999999998
2023-01-21,-0.007022241435152619,0.9999999999999998
2023-01-22,-0.0014573160880779752,0.9999999999999998
2023-01-23,0.004310423349799363,0.9999999999999998
2023-01-24,-0.02785367122612225,0.9999999999999998
2023-01-25,0.027455046288620825,0.9999999999999998
2023-01-26,-0.004472496558588778,0.9999999999999998
2023-01-27,0.00031815961589165553,0.9999999999999998
2023-01-28,-0.009127071023336373,0.9999999999999998
2023-01-29,0.03878008599391324,0.9999999999999998
2023-01-30,-0.04315956408399289,0.9999999999999998
2023-01-31,0.012622487877784635,0.9999999999999998
2023-02-01,0.030881120175189396,0.9999999999999998
2023-02-02,-0.004658789865273349,0.9999999999999998
2023-02-03,0.0049852324727938085,0.9999999999999998
2023-02-04,-0.0013616894875342342,0.9999999999999998
2023-02-05,-0.01967684763275451,0.9999999999999998
2023-02-06,-0.008236117714561451,0.9999999999999998
2023-02-07,0.028118947323281122,0.9999999999999998
2023-02-08,-0.0122025863921949,0.9999999999999998
2023-02-09,-0.05717811670642835,0.9999999999999998
2023-02-10,-0.014410734173306568,0.9999999999999998
2023-02-11,0.013885954938015917,0.9999999999999998
2023-02-12,-0.009517459949835714,0.9999999999999998
2023-02-13,-0.0033364577610465176,0.9999999999999998
2023-02-14,0.026521899388815766,0.9999999999999998
2023-02-15,0.08613349187729077,0.9999999999999998
2023-02-16,-0.027623465750235214,0.9999999999999998
2023-02-17,0.03942433382935472,0.9999999999999998
2023-02-18,0.0006521562578289396,0.9999999999999998
2023-02-19,-0.010809642046498088,0.9999999999999998
2023-02-20,0.018774165510038292,0.9999999999999998
2023-02-21,-0.020683372071498,0.9999999999999998
2023-02-22,-0.01049654691131635,0.9999999999999998
2023-02-23,-0.002761241384781565,0.9999999999999998
2023-02-24,-0.02873405948741247,0.9999999999999998
2023-02-25,-0.0046928579968535935,0.9999999999999998
2023-02-26,0.02326031265454042,0.9999999999999998
2023-02-27,-0.0037448284418110647,0.9999999999999998
2023-02-28,-0.016095480966792693,0.9999999999999998
2023-03-01,0.020581129186007498,0.7142857142857142
2023-03-02,-0.006210718814719517,0.7142857142857142
2023-03-03,-0.03390305016211348,0.7142857142857142
2023-03-04,-0.0007444935135391697,0.42857142857142855
2023-03-05,-0.0001314887697940761,0.14285714285714285
2023-03-06,-0.00027004982856535474,0.14285714285714285
2023-03-07,0.0023196478700721708,0.42857142857142855
2023-03-08,0.008889940440910151,0.42857142857142855
2023-03-09,0.04405846763666912,0.7142857142857142
2023-03-10,0.008673585683966109,0.9999999999999998
2023-03-11,-0.02352070899581425,0.9999999999999998
2023-03-12,-0.07447780560546244,0.9999999999999998
2023-03-13,-0.05546692569794443,0.7142857142857142
2023-03-14,-0.008403846874882714,0.42857142857142855
2023-03-15,0.00297594962551788,0.14285714285714285
2023-03-16,0.0028268848784986592,0.14285714285714285
2023-03-17,0.035032317420294966,0.42857142857142855
2023-03-18,-0.012729173569595314,0.7142857142857142
2023-03-19,0.02570288468359401,0.9999999999999998
2023-03-20,-0.018023353372192515,0.9999999999999998
2023-03-21,0.026804319608281994,0.9999999999999998
2023-03-22,-0.03380989455079197,0.9999999999999998
2023-03-23,0.04206562182165607,0.9999999999999998
2023-03-24,-0.03256095865241187,0.9999999999999998
2023-03-25,-0.0020428810528800296,0.9999999999999998
2023-03-26,0.018381318266293408,0.9999999999999998
2023-03-27,-0.03161064518368822,0.9999999999999998
2023-03-28,0.01935620468922083,0.9999999999999998
2023-03-29,0.02560384495826284,0.9999999999999998
2023-03-30,-0.005494671751106016,0.9999999999999998
2023-03-31,0.01557582487555664,0.9999999999999998
2023-04-01,-0.0004193100768315471,0.9999999999999998
2023-04-02,-0.012155082639855316,0.9999999999999998
2023-04-03,-0.002141981885701193,0.9999999999999998
2023-04-04,0.023107216716312322,0.9999999999999998
2023-04-05,0.010319156288079554,0.9999999999999998
2023-04-06,-0.011918440305713316,0.9999999999999998
2023-04-07,-0.004591728248494741,0.9999999999999998
2023-04-08,-0.003425979826466196,0.9999999999999998
2023-04-09,0.009625731499617205,0.9999999999999998
2023-04-10,0.036987243843074606,0.9999999999999998
2023-04-11,0.00417286030715791,0.9999999999999998
2023-04-12,0.0021148044626475007,0.9999999999999998
2023-04-13,0.03279530895174431,0.9999999999999998
2023-04-14,0.02339870638733543,0.9999999999999998
2023-04-15,-0.005053286771862397,0.9999999999999998
2023-04-16,0.006866349603961706,0.9999999999999998
2023-04-17,-0.024968699858125547,0.9999999999999998
2023-04-18,0.02325214496410432,0.9999999999999998
2023-04-19,-0.06640581451930726,0.9999999999999998
2023-04-20,-0.0072203219386306455,0.9999999999999998
2023-04-21,-0.04160705947530578,0.9999999999999998
2023-04-22,0.017029965641005448,0.9999999999999998
2023-04-23,-0.007311062137692335,0.9999999999999998
2023-04-24,-0.00685979815991633,0.9999999999999998
2023-04-25,0.02094137254074834,0.9999999999999998
2023-04-26,0.0019986198763461967,0.9999999999999998
2023-04-27,0.03004107409841083,0.9999999999999998
2023-04-28,-0.007382502245234622,0.9999999999999998
2023-04-29,0.003072328556681713,0.9999999999999998
2023-04-30,-0.009836123253826877,0.9999999999999998
2023-05-01,-0.03044588862703034,0.9999999999999998
2023-05-02,0.01503311666485959,0.7142857142857142
2023-05-03,0.01112848475307515,0.7142857142857142
2023-05-04,-0.007571570707558697,0.7142857142857142
2023-05-05,0.03038046654906296,0.7142857142857142
2023-05-06,-0.025331723521982027,0.7142857142857142
2023-05-07,-0.010057720491653741,0.7142857142857142
2023-05-08,-0.013928405036548382,0.7142857142857142
2023-05-09,-0.000720195670799728,0.7142857142857142
2023-05-10,-0.0011905854360661982,0.42857142857142855
2023-05-11,-0.003735932043383406,0.14285714285714285
2023-05-12,-0.00035287827990237373,0.14285714285714285
2023-05-13,0.0013477478153182622,0.42857142857142855
2023-05-14,-0.00294927788486215,0.7142857142857142
2023-05-15,-0.009576935439209608,0.9999999999999998
2023-05-16,0.0002759988607112532,0.9999999999999998
2023-05-17,-0.006059198438030086,0.9999999999999998
2023-05-18,0.016765777565824792,0.9999999999999998
2023-05-19,-0.004257018871033331,0.9999999999999998
2023-05-20,-0.006016665443613724,0.9999999999999998
2023-05-21,0.01064845867477568,0.9999999999999998
2023-05-22,-0.005221539155494014,0.9999999999999998
2023-05-23,-0.016647289411104795,0.9999999999999998
2023-05-24,0.03106629856925828,0.9999999999999998
2023-05-25,-0.004105040584154003,0.9999999999999998
2023-05-26,-0.010404363624195015,0.9999999999999998
2023-05-27,-0.003195038589890467,0.9999999999999998
2023-05-28,-0.043804500969780454,0.9999999999999998
2023-05-29,0.010256565950363526,0.9999999999999998
2023-05-30,-0.0011337328361975588,0.9999999999999998
2023-05-31,0.0159708744137304,0.9999999999999998
2023-06-01,0.010658515801686218,0.9999999999999998
2023-06-02,-0.019704082535293422,0.9999999999999998
2023-06-03,0.007181330035691239,0.9999999999999998
2023-06-04,-0.0001431736771069922,0.9999999999999998
2023-06-05,0.04673769219409531,0.9999999999999998
2023-06-06,-0.04951777260276913,0.9999999999999998
2023-06-07,0.030425221483620393,0.9999999999999998
2023-06-08,-0.006492177833656695,0.9999999999999998
2023-06-09,0.0020001710239358284,0.9999999999999998
2023-06-10,0.03622753649782539,0.9999999999999998
2023-06-11,-0.001785834840514971,0.9999999999999998
2023-06-12,0.0034840223742447123,0.9999999999999998
2023-06-13,0.0003164494453149247,0.9999999999999998
2023-06-14,0.04115300804855165,0.9999999999999998
2023-06-15,-0.014180318579127783,0.9999999999999998
2023-06-16,-0.029807979133951952,0.9999999999999998
2023-06-17,-0.0059760158670718,0.9999999999999998
2023-06-18,0.005454773729604646,0.9999999999999998
2023-06-19,-0.01417317481886254,0.9999999999999998
2023-06-20,-0.04295539950047036,0.9999999999999998
2023-06-21,-0.04080466786418687,0.7142857142857142
2023-06-22,0.002545149162747696,0.42857142857142855
2023-06-23,-0.0029690643235158014,0.14285714285714285
2023-06-24,-0.0013421458928756643,0.14285714285714285
2023-06-25,0.0019711374608533897,0.42857142857142855
2023-06-26,-0.010073992449161049,0.7142857142857142
2023-06-27,0.01494458643339421,0.9999999999999998
2023-06-28,-0.026306093477211127,0.9999999999999998
2023-06-29,0.012702804420141375,0.9999999999999998
2023-06-30,0.022492342625469616,0.9999999999999998
2023-07-01,-0.0005354984438760702,0.9999999999999998
2023-07-02,0.0038836337194553252,0.9999999999999998
2023-07-03,0.013465902384052871,0.9999999999999998
2023-07-04,-0.011203665021257633,0.9999999999999998
2023-07-05,-0.010926223555315192,0.9999999999999998
2023-07-06,-0.026786233100604455,0.9999999999999998
2023-07-07,0.014217260830133634,0.9999999999999998
2023-07-08,-0.00250776370324468,0.9999999999999998
2023-07-09,-0.002697313010236235,0.9999999999999998
2023-07-10,0.00888276765831497,0.9999999999999998
2023-07-11,0.002902958250296183,0.9999999999999998
2023-07-12,-0.005680644235775299,0.9999999999999998
2023-07-13,0.05311865890624666,0.9999999999999998
2023-07-14,-0.0347871826340072,0.9999999999999998
2023-07-15,-0.002024730624931081,0.9999999999999998
2023-07-16,-0.003354482072660591,0.9999999999999998
2023-07-17,-0.004392490892936417,0.9999999999999998
2023-07-18,-0.008289150842059221,0.9999999999999998
2023-07-19,-0.0014201429639078553,0.9999999999999998
2023-07-20,-0.001044706559439834,0.9999999999999998
2023-07-21,0.0017437173144811964,0.9999999999999998
2023-07-22,-0.006346153163398658,0.7142857142857142
2023-07-23,0.0043349910265073925,0.42857142857142855
2023-07-24,-0.003919178968544261,0.14285714285714285
2023-07-25,-0.0006866499438297485,0.14285714285714285
2023-07-26,-0.002757445006810483,0.42857142857142855
2023-07-27,0.003413565094028571,0.7142857142857142
2023-07-28,-0.0050739739440054474,0.9999999999999998
2023-07-29,-0.0021198274786669545,0.9999999999999998
2023-07-30,0.006274646494411836,0.9999999999999998
2023-07-31,0.0025253571278928766,0.9999999999999998
2023-08-01,-0.012527575881537191,0.9999999999999998
2023-08-02,0.01801420702057824,0.9999999999999998
2023-08-03,0.0012709974638974314,0.9999999999999998
2023-08-04,0.003110568046419336,0.9999999999999998
2023-08-05,-0.0006895246030034983,0.9999999999999998
2023-08-06,0.0016670996323204432,0.9999999999999998
2023-08-07,-0.0015170527066329829,0.9999999999999998
2023-08-08,-0.016768975253626195,0.9999999999999998
2023-08-09,0.0035511334803051014,0.9999999999999998
2023-08-10,0.0032607262651501677,0.9999999999999998
2023-08-11,0.0016753478145660017,0.9999999999999998
2023-08-12,-0.000136869567733001,0.9999999999999998
2023-08-13,0.0047714261020872775,0.9999999999999998
2023-08-14,-0.00316441674591894,0.9999999999999998
2023-08-15,0.008767006912636852,0.9999999999999998
2023-08-16,0.014124194565990107,0.9999999999999998
2023-08-17,0.07174274634134116,0.9999999999999998
2023-08-18,0.016667276504591197,0.9999999999999998
2023-08-19,-0.0034960252535442262,0.9999999999999998
2023-08-20,-0.006490931601367452,0.9999999999999998
2023-08-21,0.006440689275335407,0.9999999999999998
2023-08-22,0.011067634358471759,0.9999999999999998
2023-08-23,-0.020860059742848144,0.9999999999999998
2023-08-24,0.010277657078190583,0.9999999999999998
2023-08-25,0.004582950729999187,0.9999999999999998
2023-08-26,0.0028693686433068034,0.9999999999999998
2023-08-27,-0.005008069858510074,0.9999999999999998
2023-08-28,0.0013029294117982444,0.9999999999999998
2023-08-29,-0.05367701701793399,0.9999999999999998
2023-08-30,0.01464226079549102,0.9999999999999998
2023-08-31,0.04247579157821149,0.9999999999999998
2023-09-01,0.007764886513155495,0.9999999999999998
2023-09-02,-0.0036452462164924637,0.9999999999999998
2023-09-03,-0.0015918094194788757,0.9999999999999998
2023-09-04,0.004405178921722351,0.9999999999999998
2023-09-05,-0.0004953767329141835,0.9999999999999998
2023-09-06,0.0010754954491879447,0.9999999999999998
2023-09-07,-0.014053699332641632,0.9999999999999998
2023-09-08,0.01012387791682603,0.9999999999999998
2023-09-09,0.0005086388931194441,0.9999999999999998
2023-09-10,0.006758376222876984,0.9999999999999998
2023-09-11,0.033444723229149605,0.9999999999999998
2023-09-12,-0.026698609213376252,0.9999999999999998
2023-09-13,-0.011975917401105266,0.9999999999999998
2023-09-14,-0.011606382825806004,0.9999999999999998
2023-09-15,-0.005928222239701847,0.9999999999999998
2023-09-16,0.002844097344923539,0.9999999999999998
2023-09-17,0.004277945604363839,0.9999999999999998
2023-09-18,-0.008802639310037908,0.9999999999999998
2023-09-19,-0.007693536675647234,0.7142857142857142
2023-09-20,0.0030928298171161946,0.42857142857142855
2023-09-21,0.002871885022438082,0.14285714285714285
2023-09-22,-0.0004305375284812221,0.14285714285714285
2023-09-23,-1.7589758571800993e-05,0.14285714285714285
2023-09-24,0.0014788243896129457,0.14285714285714285
2023-09-25,-0.0004801785032388731,0.14285714285714285
2023-09-26,-0.00032149735189016925,0.42857142857142855
2023-09-27,-0.003348905844724844,0.7142857142857142
2023-09-28,-0.02961817139153261,0.9999999999999998
2023-09-29,-0.0022339442699276287,0.9999999999999998
2023-09-30,-0.002059075938968444,0.9999999999999998
2023-10-01,-0.027327989457517028,0.7142857142857142
2023-10-02,0.012370671894584188,0.42857142857142855
2023-10-03,0.00013130208156212004,0.14285714285714285
2023-10-04,0.00017301414422984403,0.14285714285714285
2023-10-05,-0.007667730940970151,0.42857142857142855
2023-10-06,0.013849944671903367,0.7142857142857142
2023-10-07,-0.0033285251150600758,0.9999999999999998
2023-10-08,-0.0009257344854982639,0.9999999999999998
2023-10-09,-0.021999111972793802,0.9999999999999998
2023-10-10,-0.007583020923921989,0.9999999999999998
2023-10-11,-0.00963630392280995,0.9999999999999998
2023-10-12,-0.010851786726054411,0.9999999999999998
2023-10-13,0.005988476831323307,0.9999999999999998
2023-10-14,0.00021308874216068496,0.7142857142857142
2023-10-15,0.002498659011050808,0.42857142857142855
2023-10-16,0.0051511426579182555,0.14285714285714285
2023-10-17,-0.0017990807065908973,0.14285714285714285
2023-10-18,-0.00026214793252203405,0.14285714285714285
2023-10-19,0.0011355554249166597,0.14285714285714285
2023-10-20,0.004077684105753773,0.14285714285714285
2023-10-21,0.004786955777729583,0.42857142857142855
2023-10-22,0.008305905004920707,0.7142857142857142
2023-10-23,0.08159369263424349,0.9999999999999998
2023-10-24,0.018418399055426967,0.9999999999999998
2023-10-25,0.00905823115247739,0.9999999999999998
2023-10-26,-0.00044818394908874293,0.9999999999999998
2023-10-27,-0.010450015358624495,0.9999999999999998
2023-10-28,0.0018890933498086902,0.9999999999999998
2023-10-29,0.011855416968430173,0.9999999999999998
2023-10-30,0.0031281751766715207,0.9999999999999998
2023-10-31,0.003952483069883161,0.9999999999999998
2023-11-01,0.020187748955782788,0.9999999999999998
2023-11-02,-0.019280277398856897,0.9999999999999998
2023-11-03,0.005643202466576568,0.9999999999999998
2023-11-04,0.011204054939059401,0.9999999999999998
2023-11-05,0.009031043194436537,0.9999999999999998
2023-11-06,0.0029306403136741817,0.9999999999999998
2023-11-07,0.0009099119044037596,0.9999999999999998
2023-11-08,0.003942241656981648,0.9999999999999998
2023-11-09,0.07686737932792419,0.9999999999999998
2023-11-10,-0.002097566373762405,0.9999999999999998
2023-11-11,-0.008211028528491924,0.9999999999999998
2023-11-12,-0.002949558282058006,0.9999999999999998
2023-11-13,-0.005919226073670512,0.9999999999999998
2023-11-14,-0.03057971864933167,0.9999999999999998
2023-11-15,0.05242443840019072,0.9999999999999998
2023-11-16,-0.0458750218192082,0.9999999999999998
2023-11-17,0.005985143351641962,0.9999999999999998
2023-11-18,-0.00017410357111696806,0.9999999999999998
2023-11-19,0.023278484741661935,0.9999999999999998
2023-11-20,0.003661145062756276,0.9999999999999998
2023-11-21,-0.044658918047588585,0.9999999999999998
2023-11-22,0.05699656812583452,0.9999999999999998
2023-11-23,-0.0017695563016937306,0.9999999999999998
2023-11-24,0.01013850575738706,0.9999999999999998
2023-11-25,0.0014326501376660246,0.9999999999999998
2023-11-26,-0.009393282206786367,0.9999999999999998
2023-11-27,-0.01118014850345783,0.9999999999999998
2023-11-28,0.012825488007568771,0.9999999999999998
2023-11-29,-0.004248444996095556,0.9999999999999998
2023-11-30,0.003979267135314657,0.9999999999999998
2023-12-01,0.02130379176755203,0.9999999999999998
2023-12-02,0.028492480945588754,0.9999999999999998
2023-12-03,0.013130534156192471,0.9999999999999998
2023-12-04,0.03674433063558379,0.9999999999999998
2023-12-05,0.035936852744394836,0.9999999999999998
2023-12-06,-0.01674841561112089,0.9999999999999998
2023-12-07,0.021960961968426222,0.9999999999999998
2023-12-08,0.011004591050871591,0.9999999999999998
2023-12-09,-0.009042118868714753,0.9999999999999998
2023-12-10,0.0034126153294082853,0.9999999999999998
2023-12-11,-0.05601107825522232,0.9999999999999998
2023-12-12,-0.0019663143184791006,0.9999999999999998
2023-12-13,0.02945299177986071,0.9999999999999998
2023-12-14,0.01398986354380782,0.9999999999999998
2023-12-15,-0.03304902864244252,0.9999999999999998
2023-12-16,0.005929035364775624,0.9999999999999998
2023-12-17,-0.017958495257396564,0.9999999999999998
2023-12-18,0.02072164390633546,0.9999999999999998
2023-12-19,-0.013833482440747832,0.9999999999999998
2023-12-20,0.022046125770711297,0.9999999999999998
2023-12-21,0.010706756792331905,0.9999999999999998
2023-12-22,0.020185798038584665,0.9999999999999998
2023-12-23,-0.006549650299828456,0.9999999999999998
2023-12-24,-0.01769650234956321,0.9999999999999998
2023-12-25,0.008415830227117003,0.9999999999999998
2023-12-26,-0.021156084998373674,0.9999999999999998
2023-12-27,0.043872411806489035,0.9999999999999998
2023-12-28,-0.01714982522873631,0.9999999999999998
2023-12-29,-0.015423882558002752,0.9999999999999998
2023-12-30,-0.0007635266634793967,0.9999999999999998
2023-12-31,-0.0004401967706153531,0.9999999999999998
2024-01-01,0.03779743421171677,0.9999999999999998
2024-01-02,0.00938607676861558,0.9999999999999998
2024-01-03,-0.05429430876134465,0.9999999999999998
2024-01-04,0.028225194198029484,0.9999999999999998
2024-01-05,-8.52940473109081e-05,0.7142857142857142
2024-01-06,-0.005839576767467301,0.7142857142857142
2024-01-07,-0.002342030836912821,0.42857142857142855
2024-01-08,0.00811897907965012,0.14285714285714285
2024-01-09,-0.0008543883507232753,0.14285714285714285
2024-01-10,0.008157407862728623,0.14285714285714285
2024-01-11,0.0004477363475227092,0.14285714285714285
2024-01-12,-0.02455937663548524,0.42857142857142855
2024-01-13,0.005052477635505631,0.42857142857142855
2024-01-14,-0.024187073009307856,0.7142857142857142
2024-01-15,0.016899690442973424,0.9999999999999998
2024-01-16,0.022425672674096668,0.9999999999999998
2024-01-17,-0.015249560845953799,0.9999999999999998
2024-01-18,-0.02866834897992098,0.9999999999999998
2024-01-19,0.008296931510932247,0.9999999999999998
2024-01-20,-0.003562516473426646,0.9999999999999998
2024-01-21,-0.004413646823126615,0.9999999999999998
2024-01-22,-0.03835079255264933,0.7142857142857142
2024-01-23,-0.005144149034751665,0.42857142857142855
2024-01-24,-0.0002061061577354922,0.14285714285714285
2024-01-25,0.0004726599303426641,0.14285714285714285
2024-01-26,-0.014859970631645635,0.42857142857142855
2024-01-27,-0.0026837975934600453,0.7142857142857142
2024-01-28,0.0034429312316784063,0.9999999999999998
2024-01-29,-0.028281780744978054,0.9999999999999998
2024-01-30,-0.001076644197149974,0.7142857142857142
2024-01-31,0.007094707969969376,0.42857142857142855
2024-02-01,-0.004390270970284347,0.42857142857142855
2024-02-02,-0.0009216022171323297,0.42857142857142855
2024-02-03,0.0004318953426462563,0.14285714285714285
2024-02-04,0.0009612337274246495,0.14285714285714285
2024-02-05,-0.0005471635627926723,0.14285714285714285
2024-02-06,-0.008736918131683088,0.42857142857142855
2024-02-07,-0.010864209548990162,0.42857142857142855
2024-02-08,-0.003968590210952544,0.42857142857142855
2024-02-09,-0.005158015657473604,0.14285714285714285
2024-02-10,-0.004128202531662191,0.42857142857142855
2024-02-11,-0.0029546783139176446,0.42857142857142855
2024-02-12,-0.007001169733805533,0.14285714285714285
2024-02-13,-0.0011485456993073286,0.14285714285714285
2024-02-14,0.00665923664554984,0.14285714285714285
2024-02-15,0.0037408392032331553,0.42857142857142855
2024-02-16,-0.0005686330630487733,0.42857142857142855
2024-02-17,-0.005624334306407876,0.7142857142857142
2024-02-18,0.021593214220405686,0.9999999999999998
2024-02-19,0.007556475733147771,0.9999999999999998
2024-02-20,0.016561921694948963,0.9999999999999998
2024-02-21,-0.011695692798643461,0.9999999999999998
2024-02-22,-0.004821559187925816,0.9999999999999998
2024-02-23,-0.013576485767608278,0.9999999999999998
2024-02-24,0.020160133549897645,0.9999999999999998
2024-02-25,0.021603528507036725,0.9999999999999998
2024-02-26,0.03673438377452353,0.9999999999999998
2024-02-27,0.033957928793083784,0.9999999999999998
2024-02-28,0.06899794610973507,0.9999999999999998
2024-02-29,-0.016776856155969907,0.9999999999999998
2024-03-01,0.024250106576616186,0.9999999999999998
2024-03-02,-0.0049626162700581716,0.9999999999999998
2024-03-03,0.01879319404739876,0.9999999999999998
2024-03-04,0.060717339520229494,0.9999999999999998
2024-03-05,-0.04333965330444744,0.9999999999999998
2024-03-06,0.05571337205424663,0.9999999999999998
2024-03-07,0.012239448772761393,0.9999999999999998
2024-03-08,0.01162299752480833,0.9999999999999998
2024-03-09,0.004198462490797027,0.9999999999999998
2024-03-10,0.0012809715448778847,0.9999999999999998
2024-03-11,0.046660328774263946,0.9999999999999998
2024-03-12,-0.01477791322984839,0.9999999999999998
2024-03-13,0.014457194737136466,0.9999999999999998
2024-03-14,-0.02688821900756238,0.9999999999999998
2024-03-15,-0.03120001854078385,0.9999999999999998
2024-03-16,-0.05948444343715974,0.9999999999999998
2024-03-17,0.04094046482030887,0.9999999999999998
2024-03-18,-0.022770221633780393,0.9999999999999998
2024-03-19,-0.09333884577888776,0.9999999999999998
2024-03-20,0.10430453674701509,0.9999999999999998
2024-03-21,-0.020609034885592344,0.9999999999999998
2024-03-22,-0.03541380623754763,0.9999999999999998
2024-03-23,0.0004935220375521519,0.9999999999999998
2024-03-24,0.044000514147257794,0.9999999999999998
2024-03-25,0.03946375121021494,0.9999999999999998
2024-03-26,0.0003395859827933777,0.9999999999999998
2024-03-27,-0.01570402464033521,0.9999999999999998
2024-03-28,0.017900019038344813,0.9999999999999998
2024-03-29,-0.013696919288638362,0.9999999999999998
2024-03-30,-0.0025036231819727246,0.9999999999999998
2024-03-31,0.032116600652641096,0.9999999999999998
2024-04-01,-0.030842350128945366,0.9999999999999998
2024-04-02,-0.06213420573100968,0.9999999999999998
2024-04-03,0.005895119153047855,0.7142857142857142
2024-04-04,0.008972897203844277,0.42857142857142855
2024-04-05,-0.002701833227642487,0.42857142857142855
2024-04-06,0.0015589518505710553,0.14285714285714285
2024-04-07,-0.0029396874371147635,0.14285714285714285
2024-04-08,-0.021867602762602394,0.42857142857142855
2024-04-09,0.030572239632358316,0.7142857142857142
2024-04-10,-0.011399249498779278,0.7142857142857142
2024-04-11,0.007812428128162181,0.7142857142857142
2024-04-12,0.0585722811350529,0.9999999999999998
2024-04-13,0.059664975732949176,0.9999999999999998
2024-04-14,-0.03791470812225468,0.9999999999999998
2024-04-15,0.025618017468927057,0.9999999999999998
2024-04-16,0.00021051924367171166,0.9999999999999998
2024-04-17,0.03584491766480726,0.9999999999999998
2024-04-18,-0.031064779209090627,0.9999999999999998
2024-04-19,-0.00120719413085234,0.9999999999999998
2024-04-20,-0.02494755206970962,0.9999999999999998
2024-04-21,0.0013725798970663265,0.9999999999999998
2024-04-22,-0.022776012757882488,0.9999999999999998
2024-04-23,-0.00021839899776999279,0.7142857142857142
2024-04-24,0.02024609560455117,0.7142857142857142
2024-04-25,-0.00280718331571714,0.7142857142857142
2024-04-26,0.006942506294788229,0.7142857142857142
2024-04-27,-0.012339180065332408,0.7142857142857142
2024-04-28,0.0011687642658787033,0.7142857142857142
2024-04-29,0.0010447440276991759,0.7142857142857142
2024-04-30,0.056423930660502046,0.9999999999999998
2024-05-01,0.026098275057726304,0.9999999999999998
2024-05-02,-0.008139460730839524,0.9999999999999998
2024-05-03,-0.05175999799106489,0.9999999999999998
2024-05-04,-0.010164065192554271,0.9999999999999998
2024-05-05,-0.0038836659417670815,0.9999999999999998
2024-05-06,0.018576946192541622,0.9999999999999998
2024-05-07,0.01621388146060763,0.9999999999999998
2024-05-08,0.01445636257569645,0.9999999999999998
2024-05-09,-0.025595677716737344,0.9999999999999998
2024-05-10,0.039044603392217464,0.9999999999999998
2024-05-11,-0.00046492236691938007,0.9999999999999998
2024-05-12,-0.008169892820998148,0.9999999999999998
2024-05-13,-0.015176885405713303,0.9999999999999998
2024-05-14,0.022784017290309818,0.9999999999999998
2024-05-15,-0.06362213801127332,0.9999999999999998
2024-05-16,0.015437847218305108,0.7142857142857142
2024-05-17,-0.027581241081076804,0.7142857142857142
2024-05-18,-0.00203383696897923,0.42857142857142855
2024-05-19,0.00159467419373648,0.14285714285714285
2024-05-20,0.019010602542507905,0.14285714285714285
2024-05-21,0.0032849218430555174,0.42857142857142855
2024-05-22,-0.010186575265235706,0.7142857142857142
2024-05-23,-0.0017966409673392638,0.7142857142857142
2024-05-24,-0.0033414608416253754,0.9999999999999998
2024-05-25,0.008213967172170709,0.9999999999999998
2024-05-26,0.004648733065853116,0.9999999999999998
2024-05-27,0.015630011285428066,0.9999999999999998
2024-05-28,-0.013832836004674994,0.9999999999999998
2024-05-29,-0.01549959446751847,0.9999999999999998
2024-05-30,0.0025784571385372153,0.9999999999999998
2024-05-31,-0.004021254737920475,0.9999999999999998
2024-06-01,0.008793245199986142,0.9999999999999998
2024-06-02,-0.004582068316368869,0.9999999999999998
2024-06-03,0.005873448445748329,0.9999999999999998
2024-06-04,0.018284488702371756,0.9999999999999998
2024-06-05,0.011360046006412269,0.9999999999999998
2024-06-06,-0.008966173180578517,0.9999999999999998
2024-06-07,-0.02791545475074108,0.9999999999999998
2024-06-08,0.00011907327407917329,0.9999999999999998
2024-06-09,0.005806903439176668,0.9999999999999998
2024-06-10,-0.005976866594031848,0.9999999999999998
2024-06-11,-0.03924874855667126,0.9999999999999998
2024-06-12,0.01603287820557586,0.9999999999999998
2024-06-13,-0.02366313242744788,0.9999999999999998
2024-06-14,-0.003671889652114679,0.9999999999999998
2024-06-15,0.013881336947169084,0.9999999999999998
2024-06-16,0.011185096444080608,0.9999999999999998
2024-06-17,-0.016874244071252372,0.9999999999999998
2024-06-18,-0.013985959562546165,0.9999999999999998
2024-06-19,0.009523663781216716,0.9999999999999998
2024-06-20,-0.005631287480540529,0.7142857142857142
2024-06-21,-0.0023690225619161,0.42857142857142855
2024-06-22,-0.0006297387411597844,0.14285714285714285
2024-06-23,0.002409558125734393,0.14285714285714285
2024-06-24,0.014007026240216663,0.42857142857142855
2024-06-25,-0.013632125437342988,0.7142857142857142
2024-06-26,0.011120814208681613,0.9999999999999998
2024-06-27,-0.018278657454360487,0.9999999999999998
2024-06-28,0.020746161065592367,0.9999999999999998
2024-06-29,-0.0040243323207280295,0.9999999999999998
2024-06-30,-0.023121232348419854,0.9999999999999998
2024-07-01,-0.0013070066057766171,0.9999999999999998
2024-07-02,0.009406010852489296,0.9999999999999998
2024-07-03,0.034198882612377496,0.9999999999999998
2024-07-04,0.062304719502204085,0.9999999999999998
2024-07-05,0.016628255675298957,0.9999999999999998
2024-07-06,-0.028282782080431817,0.9999999999999998
2024-07-07,0.042838541942123644,0.9999999999999998
2024-07-08,-0.022451462966669174,0.9999999999999998
2024-07-09,-0.01949570105840032,0.9999999999999998
2024-07-10,-0.002686251913942216,0.9999999999999998
2024-07-11,0.003907878455370122,0.9999999999999998
2024-07-12,-0.010138909015585128,0.9999999999999998
2024-07-13,-0.017798624034986853,0.9999999999999998
2024-07-14,-0.02418734349692465,0.9999999999999998
2024-07-15,-0.06891306039052891,0.9999999999999998
2024-07-16,0.0032859938781403504,0.9999999999999998
2024-07-17,0.015780859020101876,0.9999999999999998
2024-07-18,-0.004926187137395763,0.9999999999999998
2024-07-19,-0.03198339888226119,0.9999999999999998
2024-07-20,-0.004218802113765434,0.7142857142857142
2024-07-21,-0.004630909378125037,0.42857142857142855
2024-07-22,0.00233211826969469,0.14285714285714285
2024-07-23,-0.0010972068778206125,0.14285714285714285
2024-07-24,-0.01114603936131388,0.42857142857142855
2024-07-25,-0.015151606689576918,0.7142857142857142
2024-07-26,0.022590958738851037,0.7142857142857142
2024-07-27,-0.0028525866978544785,0.7142857142857142
2024-07-28,0.004184859912683929,0.7142857142857142
2024-07-29,-0.002479602302782641,0.7142857142857142
2024-07-30,-0.007331032973323302,0.7142857142857142
2024-07-31,-0.013477559194080873,0.7142857142857142
2024-08-01,0.0001623818123158216,0.42857142857142855
2024-08-02,-0.026943277556110146,0.42857142857142855
2024-08-03,-0.0032833633339128423,0.14285714285714285
2024-08-04,-0.008268009304932235,0.14285714285714285
2024-08-05,0.011940724530605367,0.14285714285714285
2024-08-06,-0.011960048893845306,0.42857142857142855
2024-08-07,0.022531797633470955,0.7142857142857142
2024-08-08,-0.09421567050697863,0.7142857142857142
2024-08-09,0.016055767201676178,0.7142857142857142
2024-08-10,-0.0020138903493459306,0.7142857142857142
2024-08-11,0.028307768907598434,0.9999999999999998
2024-08-12,-0.037891278003864576,0.9999999999999998
2024-08-13,-0.006865035392213635,0.9999999999999998
2024-08-14,0.02323048428695666,0.9999999999999998
2024-08-15,0.026913238866579075,0.9999999999999998
2024-08-16,-0.016018168843495086,0.9999999999999998
2024-08-17,-0.009431414253269538,0.9999999999999998
2024-08-18,0.00931610658551286,0.9999999999999998
2024-08-19,-0.013342492410817032,0.9999999999999998
2024-08-20,0.015635298081855608,0.9999999999999998
2024-08-21,-0.029414289567576236,0.9999999999999998
2024-08-22,0.007879571693761139,0.9999999999999998
2024-08-23,-0.05692520124097104,0.9999999999999998
2024-08-24,-0.001939195698207445,0.9999999999999998
2024-08-25,0.003523610109303067,0.9999999999999998
2024-08-26,0.022836806708195944,0.9999999999999998
2024-08-27,0.06894011539059254,0.9999999999999998
2024-08-28,-0.011225601927001123,0.9999999999999998
2024-08-29,-0.002574902373824801,0.9999999999999998
2024-08-30,0.0023842839569582315,0.9999999999999998
2024-08-31,0.003994895130895598,0.9999999999999998
2024-09-01,0.03157358149517047,0.9999999999999998
2024-09-02,-0.039032067750040145,0.9999999999999998
2024-09-03,0.03626116433226404,0.9999999999999998
2024-09-04,-0.009355685932212131,0.9999999999999998
2024-09-05,0.02272582242336912,0.7142857142857142
2024-09-06,0.035775484761225794,0.7142857142857142
2024-09-07,-0.00908111208128624,0.7142857142857142
2024-09-08,-0.008448800493975825,0.7142857142857142
2024-09-09,-0.02385900612700758,0.7142857142857142
2024-09-10,-0.008159090290006103,0.7142857142857142
2024-09-11,0.008996378608504158,0.7142857142857142
2024-09-12,-0.011735783968753077,0.9999999999999998
2024-09-13,-0.036747449159309636,0.9999999999999998
2024-09-14,0.008568831722164952,0.9999999999999998
2024-09-15,0.028257180724982994,0.9999999999999998
2024-09-16,0.012181845644428336,0.9999999999999998
2024-09-17,-0.027892909195630082,0.9999999999999998
2024-09-18,-0.01890756237640961,0.9999999999999998
2024-09-19,-0.028487726767536515,0.9999999999999998
2024-09-20,-0.015582583210596374,0.7142857142857142
2024-09-21,-0.0049569072051854285,0.42857142857142855
2024-09-22,0.00032763493957907246,0.14285714285714285
2024-09-23,-0.001539344216915858,0.14285714285714285
2024-09-24,-0.0011970222775333308,0.14285714285714285
2024-09-25,0.003211168737038876,0.14285714285714285
2024-09-26,-0.003685906115821744,0.14285714285714285
2024-09-27,-0.0023130210664084635,0.14285714285714285
2024-09-28,0.0004303962019066576,0.14285714285714285
2024-09-29,0.0007753688609556316,0.14285714285714285
2024-09-30,-0.004264858244731124,0.14285714285714285
2024-10-01,-0.02155541785252727,0.42857142857142855
2024-10-02,-0.013424996392743383,0.7142857142857142
2024-10-03,-0.0015496072230283021,0.7142857142857142
2024-10-04,0.017657846565754528,0.7142857142857142
2024-10-05,-0.00012402903849898346,0.7142857142857142
2024-10-06,0.008135620130361175,0.7142857142857142
2024-10-07,-0.005922910214420214,0.7142857142857142
2024-10-08,0.002315484761760292,0.7142857142857142
2024-10-09,-0.019061147847414882,0.7142857142857142
2024-10-10,0.0005260558367478295,0.9999999999999998
2024-10-11,0.029450950779490663,0.9999999999999998
2024-10-12,0.012891617705934496,0.9999999999999998
2024-10-13,-0.0041698838896660475,0.9999999999999998
2024-10-14,0.05813953598679898,0.9999999999999998
2024-10-15,0.003236433324729059,0.9999999999999998
2024-10-16,0.004776678108161846,0.9999999999999998
2024-10-17,-0.0024825034615771338,0.9999999999999998
2024-10-18,0.014442663114608397,0.9999999999999998
2024-10-19,0.0007757599268092272,0.9999999999999998
2024-10-20,0.023419501247651683,0.9999999999999998
2024-10-21,-0.02658179410987243,0.9999999999999998
2024-10-22,-0.007871129601935976,0.9999999999999998
2024-10-23,-0.02433851669726222,0.9999999999999998
2024-10-24,0.013693942913167943,0.9999999999999998
2024-10-25,-0.029766056504891884,0.9999999999999998
2024-10-26,0.007940462867885521,0.7142857142857142
2024-10-27,0.004849870345878041,0.42857142857142855
2024-10-28,0.0034378355585165886,0.14285714285714285
2024-10-29,0.004816217352310954,0.14285714285714285
2024-10-30,0.00016731061669122174,0.14285714285714285
2024-10-31,-0.005802866987688987,0.14285714285714285
2024-11-01,-0.001010806236479343,0.14285714285714285
2024-11-02,-0.0021465563588302663,0.42857142857142855
2024-11-03,-0.008608727760109363,0.7142857142857142
2024-11-04,-0.019140589596604612,0.9999999999999998
2024-11-05,0.0163009584062187,0.9999999999999998
2024-11-06,0.10645481454279601,0.9999999999999998
2024-11-07,0.03377946016285937,0.9999999999999998
2024-11-08,0.015742249233777535,0.9999999999999998
2024-11-09,0.028858110313599077,0.9999999999999998
2024-11-10,0.03319495726223908,0.9999999999999998
2024-11-11,0.08109053882686576,0.9999999999999998
2024-11-12,-0.02287812084023638,0.9999999999999998
2024-11-13,0.005046765911635052,0.9999999999999998
2024-11-14,-0.03700747510837337,0.9999999999999998
2024-11-15,0.02632226680486793,0.9999999999999998
2024-11-16,0.004497620766986619,0.9999999999999998
2024-11-17,-0.013119776246368117,0.9999999999999998
2024-11-18,0.024810940250509003,0.9999999999999998
2024-11-19,-0.005436090612287168,0.9999999999999998
2024-11-20,0.004671004810878843,0.9999999999999998
2024-11-21,0.06793959171822449,0.9999999999999998
2024-11-22,-0.0012630805964554677,0.9999999999999998
2024-11-23,0.0037697306078143256,0.9999999999999998
2024-11-24,-0.0036520771619662487,0.9999999999999998
2024-11-25,-0.017048938046582078,0.9999999999999998
2024-11-26,-0.018759387637725052,0.9999999999999998
2024-11-27,0.07059940730416923,0.9999999999999998
2024-11-28,-0.011335118409052157,0.9999999999999998
2024-11-29,0.011368521952721531,0.9999999999999998
2024-11-30,0.01010441885367885,0.9999999999999998
2024-12-01,0.004573399180557768,0.9999999999999998
2024-12-02,-0.015572687715498575,0.9999999999999998
2024-12-03,-0.0039214173371977515,0.9999999999999998
2024-12-04,0.045168853709100606,0.9999999999999998
2024-12-05,-0.015177652371386293,0.9999999999999998
2024-12-06,0.04263938437301838,0.9999999999999998
2024-12-07,0.00012559058608019308,0.9999999999999998
2024-12-08,0.0073909882422282785,0.9999999999999998
2024-12-09,-0.05543617336371996,0.9999999999999998
2024-12-10,-0.014795407006843838,0.9999999999999998
2024-12-11,0.051514181583752525,0.9999999999999998
2024-12-12,0.0009543964592012557,0.9999999999999998
2024-12-13,0.01034552952282641,0.9999999999999998
2024-12-14,-0.004692244576075032,0.9999999999999998
2024-12-15,0.026477539718622316,0.9999999999999998
2024-12-16,0.01106140052837434,0.9999999999999998
2024-12-17,-0.011339975038750947,0.9999999999999998
2024-12-18,-0.06212594632114303,0.9999999999999998
2024-12-19,-0.04260502600764503,0.9999999999999998
2024-12-20,0.009838412074932744,0.9999999999999998
2024-12-21,-0.021817245705584628,0.9999999999999998
2024-12-22,-0.014136301341619242,0.7142857142857142
2024-12-23,0.008200751694523547,0.42857142857142855
2024-12-24,0.004021508634415288,0.14285714285714285
2024-12-25,0.0006328918404798608,0.14285714285714285
2024-12-26,-0.005921627304579592,0.14285714285714285
2024-12-27,-0.0011457281402901093,0.14285714285714285
2024-12-28,-0.002521622034859119,0.14285714285714285
2024-12-29,0.002199799019675695,0.14285714285714285
2024-12-30,0.0006491006975142882,0.14285714285714285
2024-12-31,-6.496278758465051e-05,0.14285714285714285
2025-01-01,-0.003906235141636633,0.42857142857142855
2025-01-02,-0.01924825523153586,0.7142857142857142
2025-01-03,-0.02835084824709933,0.9999999999999998
2025-01-04,-0.006615435584267395,0.9999999999999998
2025-01-05,0.0024180297705101404,0.9999999999999998
2025-01-06,-0.026455732054459016,0.9999999999999998
2025-01-07,0.0675233361708433,0.9999999999999998
2025-01-08,0.018136769909170083,0.9999999999999998
2025-01-09,0.02963930841138002,0.9999999999999998
2025-01-10,-0.01899738048119864,0.9999999999999998
2025-01-11,-0.0015627566933712788,0.9999999999999998
2025-01-12,0.002871897096407189,0.9999999999999998
2025-01-13,0.020089540345407025,0.9999999999999998
2025-01-14,-0.02453134116782471,0.9999999999999998
2025-01-15,-0.0552131650502999,0.9999999999999998
2025-01-16,0.02345004610975503,0.9999999999999998
2025-01-17,-0.045162764674577735,0.9999999999999998
2025-01-18,0.02188415013931308,0.9999999999999998
2025-01-19,0.020917637515184953,0.7142857142857142
2025-01-20,-0.010699123274268512,0.7142857142857142
2025-01-21,-0.011152330173552756,0.42857142857142855
2025-01-22,0.0031919435982520517,0.14285714285714285
2025-01-23,0.0019464003304191977,0.14285714285714285
2025-01-24,-0.00012500955909030057,0.42857142857142855
2025-01-25,0.0003079632929023198,0.42857142857142855
2025-01-26,-0.009913533526108282,0.42857142857142855
2025-01-27,-0.00771236372944253,0.7142857142857142
2025-01-28,-0.014366497557806127,0.7142857142857142
2025-01-29,0.007289304420359211,0.42857142857142855
2025-01-30,0.011229981549671078,0.42857142857142855
2025-01-31,-0.001155172843690933,0.42857142857142855
2025-02-01,-0.02640276280455693,0.7142857142857142
2025-02-02,-0.023586493312897958,0.42857142857142855
2025-02-03,0.0026064949173020256,0.14285714285714285
2025-02-04,0.005904176697192271,0.14285714285714285
2025-02-05,-0.0006508762387777837,0.14285714285714285
2025-02-06,0.007670650213238835,0.42857142857142855
2025-02-07,0.008480851727865361,0.7142857142857142
2025-02-08,-0.0018449614754377506,0.9999999999999998
2025-02-09,0.00103780156435116,0.9999999999999998
2025-02-10,-0.011326818473823597,0.9999999999999998
2025-02-11,0.019566637648046455,0.9999999999999998
2025-02-12,-0.03687822972804739,0.9999999999999998
2025-02-13,0.018039859312690597,0.9999999999999998
2025-02-14,-0.013810457596257113,0.9999999999999998
2025-02-15,0.005776292583202711,0.9999999999999998
2025-02-16,0.013429021371487425,0.9999999999999998
2025-02-17,-0.013575549353427457,0.9999999999999998
2025-02-18,0.013872691539094347,0.9999999999999998
2025-02-19,-0.013077953806100141,0.9999999999999998
2025-02-20,-0.01262664592980243,0.9999999999999998
2025-02-21,0.024651320145386835,0.9999999999999998
2025-02-22,-0.02061431863536994,0.9999999999999998
2025-02-23,-0.008636809870743827,0.9999999999999998
2025-02-24,0.07882990032372482,0.9999999999999998
2025-02-25,0.019311394237668717,0.9999999999999998
2025-02-26,0.05702375857278864,0.9999999999999998
2025-02-27,0.0036207884289665548,0.9999999999999998
2025-02-28,0.017461423000300378,0.9999999999999998
2025-03-01,-0.005686395405238388,0.9999999999999998
2025-03-02,-0.11544612057810454,0.9999999999999998
2025-03-03,0.11599632673080774,0.9999999999999998
2025-03-04,-0.011371159174381577,0.9999999999999998
2025-03-05,-0.03508077961236482,0.9999999999999998
2025-03-06,0.012573781229081595,0.9999999999999998
2025-03-07,0.03125122995482595,0.9999999999999998
2025-03-08,-0.011070465181040412,0.9999999999999998
2025-03-09,0.07348301788835075,0.9999999999999998
2025-03-10,0.05174238206692525,0.9999999999999998
2025-03-11,-0.043103224573234726,0.9999999999999998
2025-03-12,-0.0004935106116788234,0.9999999999999998
2025-03-13,0.026837286528833014,0.9999999999999998
2025-03-14,-0.03021253734457938,0.9999999999999998
2025-03-15,-0.00878825464402115,0.9999999999999998
2025-03-16,0.023423030971922828,0.9999999999999998
2025-03-17,-0.018979193271306007,0.9999999999999998
2025-03-18,0.00643383399409942,0.9999999999999998
2025-03-19,-0.05706699728357631,0.9999999999999998
2025-03-20,0.032733505163326335,0.9999999999999998
2025-03-21,0.0054415688321497796,0.9999999999999998
2025-03-22,-0.002289554663811465,0.9999999999999998
2025-03-23,-0.019707785146036574,0.9999999999999998
2025-03-24,-0.02689597301426902,0.9999999999999998
2025-03-25,0.004239062670274239,0.9999999999999998
2025-03-26,0.016461111259046392,0.9999999999999998
2025-03-27,-0.0003018499262195971,0.9999999999999998
2025-03-28,0.0428240523564595,0.9999999999999998
2025-03-29,0.02874478778502883,0.9999999999999998
2025-03-30,0.007162571184313308,0.9999999999999998
2025-03-31,-0.004954845918292413,0.9999999999999998
2025-04-01,-0.03838367407678653,0.9999999999999998
2025-04-02,0.04439788011134419,0.9999999999999998
2025-04-03,-0.010213839944022508,0.9999999999999998
2025-04-04,-0.0038442422897453205,0.9999999999999998
2025-04-05,0.005163973351011826,0.9999999999999998
2025-04-06,0.09297853867189944,0.9999999999999998
2025-04-07,0.004151930157044434,0.9999999999999998
2025-04-08,0.043635528228445374,0.9999999999999998
2025-04-09,-0.10768489884264426,0.9999999999999998
2025-04-10,0.0623594143960652,0.9999999999999998
2025-04-11,-0.03862377862935058,0.9999999999999998
2025-04-12,-0.03565862450105277,0.9999999999999998
2025-04-13,0.023233804781002558,0.9999999999999998
2025-04-14,-0.013000018701952595,0.9999999999999998
2025-04-15,0.016468162446375105,0.9999999999999998
2025-04-16,0.00136429238089673,0.9999999999999998
2025-04-17,-0.007428696595470212,0.9999999999999998
2025-04-18,0.0012754889919028801,0.9999999999999998
2025-04-19,-0.011198658759044968,0.9999999999999998
2025-04-20,0.007447046928480647,0.9999999999999998
2025-04-21,-0.011139389218180666,0.9999999999999998
2025-04-22,-0.08973870822353333,0.9999999999999998
2025-04-23,-0.012217714670218644,0.9999999999999998
2025-04-24,0.005596067683304476,0.9999999999999998
2025-04-25,-0.007672132983913875,0.9999999999999998
2025-04-26,-0.010162740919335448,0.9999999999999998
2025-04-27,0.012727786265387021,0.9999999999999998
2025-04-28,-0.006858981678048847,0.7142857142857142
2025-04-29,0.001660905830084667,0.42857142857142855
2025-04-30,-7.612605779664652e-05,0.14285714285714285
2025-05-01,0.0032294630744945955,0.14285714285714285
2025-05-02,0.0010601503080948874,0.42857142857142855
2025-05-03,-0.005782147403931349,0.7142857142857142
2025-05-04,-0.015260055490715048,0.9999999999999998
2025-05-05,0.005550567707126584,0.9999999999999998
2025-05-06,0.010209215640690215,0.9999999999999998
2025-05-07,-0.0006062840383312393,0.9999999999999998
2025-05-08,0.1415115486796452,0.9999999999999998
2025-05-09,0.029776996145078553,0.9999999999999998
2025-05-10,0.05970630543376397,0.9999999999999998
2025-05-11,-0.016584728506400245,0.9999999999999998
2025-05-12,-0.010168891483501637,0.9999999999999998
2025-05-13,0.043296545735090224,0.9999999999999998
2025-05-14,-0.015915652801088417,0.9999999999999998
2025-05-15,-0.010460480898972278,0.9999999999999998
2025-05-16,-0.0037144611597728075,0.9999999999999998
2025-05-17,-0.013856208822744572,0.9999999999999998
2025-05-18,0.02071732871787024,0.9999999999999998
2025-05-19,0.0019416302625624429,0.9999999999999998
2025-05-20,0.005263242009892975,0.9999999999999998
2025-05-21,0.018384971068791996,0.9999999999999998
2025-05-22,0.031669465374486554,0.9999999999999998
2025-05-23,-0.045554067898757475,0.9999999999999998
2025-05-24,0.0028425289374214282,0.9999999999999998
2025-05-25,0.009876078439755907,0.9999999999999998
2025-05-26,0.004420950145064605,0.9999999999999998
2025-05-27,0.016670446478705688,0.9999999999999998
2025-05-28,-0.001398967752980651,0.9999999999999998
2025-05-29,-0.01953261146106727,0.9999999999999998
2025-05-30,-0.02660572494586371,0.9999999999999998
2025-05-31,0.0022659891987205634,0.9999999999999998
2025-06-01,0.0072278001208752034,0.9999999999999998
2025-06-02,0.014451274887819717,0.9999999999999998
2025-06-03,-0.004970453115290873,0.9999999999999998
2025-06-04,-0.0004638676712332419,0.9999999999999998
2025-06-05,-0.052358342916163245,0.9999999999999998
2025-06-06,0.026550348129355854,0.9999999999999998
2025-06-07,0.015860478022783116,0.9999999999999998
2025-06-08,-0.0020696410712743854,0.9999999999999998
2025-06-09,0.05534147050994208,0.9999999999999998
2025-06-10,0.02547569841084473,0.9999999999999998
2025-06-11,-0.015342462766838424,0.9999999999999998
2025-06-12,-0.036944886670185965,0.9999999999999998
2025-06-13,-0.010140447931420212,0.9999999999999998
2025-06-14,-0.012460020223114262,0.9999999999999998
2025-06-15,0.004179904442939474,0.9999999999999998
2025-06-16,0.005007452313381177,0.9999999999999998
2025-06-17,-0.01722833919367228,0.9999999999999998
2025-06-18,0.002987942195403594,0.7142857142857142
2025-06-19,-0.0010946469422522225,0.42857142857142855
2025-06-20,-0.004476581085965152,0.14285714285714285
2025-06-21,0.003810937791224587,0.14285714285714285
2025-06-22,0.00851885167487677,0.42857142857142855
2025-06-23,-0.04524780622570721,0.7142857142857142
2025-06-24,-0.011451823607207626,0.9999999999999998
2025-06-25,0.00020960435088578533,0.9999999999999998
2025-06-26,0.0024329192282024565,0.9999999999999998
2025-06-27,-0.0019057526089098823,0.9999999999999998
2025-06-28,-0.003620809043098307,0.9999999999999998
2025-06-29,-0.01798609051579085,0.9999999999999998
2025-06-30,0.005840147866826285,0.7142857142857142
2025-07-01,0.009599260852147391,0.42857142857142855
2025-07-02,-0.02111582248488706,0.42857142857142855
2025-07-03,-0.0013349176481911133,0.14285714285714285
2025-07-04,-0.0036372117518045062,0.14285714285714285
2025-07-05,0.000380130081132484,0.14285714285714285
2025-07-06,0.006284250597668364,0.42857142857142855
2025-07-07,-0.0041847854704604726,0.42857142857142855
2025-07-08,0.007455261436000155,0.42857142857142855
2025-07-09,0.028238318006546817,0.7142857142857142
2025-07-10,0.03888182862812664,0.7142857142857142
2025-07-11,0.005509570767705052,0.7142857142857142
2025-07-12,-0.0032798151146004365,0.9999999999999998
2025-07-13,0.011979251217356764,0.9999999999999998
2025-07-14,0.01016316411363882,0.9999999999999998
2025-07-15,0.011930402378147962,0.9999999999999998
2025-07-16,0.040902479396434537,0.9999999999999998
2025-07-17,0.01795698521312061,0.9999999999999998
2025-07-18,0.00481656128654273,0.9999999999999998
2025-07-19,0.005995130993650398,0.9999999999999998
2025-07-20,0.020485230264897455,0.9999999999999998
2025-07-21,0.001240737749841347,0.9999999999999998
2025-07-22,0.008823687499748932,0.9999999999999998
2025-07-23,-0.020733928437413725,0.9999999999999998
2025-07-24,0.009092452760228685,0.9999999999999998
2025-07-25,-0.0006396686160486382,0.9999999999999998
2025-07-26,0.0034659621368241514,0.9999999999999998
2025-07-27,0.023849633557952436,0.9999999999999998
2025-07-28,-0.015106685014582007,0.9999999999999998
2025-07-29,-0.0011582114556811238,0.9999999999999998
2025-07-30,0.0016681397606421729,0.9999999999999998
2025-07-31,-0.02345644738811569,0.9999999999999998
2025-08-01,-0.03906668810490559,0.9999999999999998
2025-08-02,-0.016829447619854995,0.9999999999999998
2025-08-03,0.022531781582571513,0.9999999999999998
2025-08-04,0.03576876492640745,0.9999999999999998
2025-08-05,-0.01866498465185262,0.9999999999999998
2025-08-06,0.013648532578372504,0.9999999999999998
2025-08-07,0.04159556386304352,0.9999999999999998
2025-08-08,0.009292238503150859,0.9999999999999998
2025-08-09,0.030404938871857627,0.9999999999999998
2025-08-10,0.010979129010496299,0.9999999999999998
2025-08-11,-0.005767836186859497,0.9999999999999998
2025-08-12,0.04958628516188456,0.9999999999999998
2025-08-13,0.030498797559039274,0.9999999999999998
2025-08-14,-0.04163644276693173,0.9999999999999998
2025-08-15,-0.015835374896518147,0.9999999999999998
2025-08-16,-0.0018030155583794723,0.9999999999999998
2025-08-17,0.005795716940484196,0.9999999999999998
2025-08-18,-0.022831710117248823,0.9999999999999998
2025-08-19,-0.04195175502776215,0.9999999999999998
2025-08-20,0.03816249985767727,0.9999999999999998
2025-08-21,-0.020533313361930254,0.9999999999999998
2025-08-22,0.0915175577802496,0.9999999999999998
2025-08-23,-0.011958477098319317,0.9999999999999998
2025-08-24,-0.008239019958471315,0.9999999999999998
2025-08-25,-0.057153797868008324,0.9999999999999998
2025-08-26,0.033143716428351115,0.9999999999999998
2025-08-27,-0.012449582769933019,0.9999999999999998
2025-08-28,0.006362187202124113,0.9999999999999998
2025-08-29,-0.035347274018543866,0.9999999999999998
2025-08-30,0.003575401767142549,0.9999999999999998
2025-08-31,-0.0005463384796071669,0.9999999999999998
2025-09-01,-0.0042260026782832685,0.9999999999999998
2025-09-02,0.010555681014758565,0.9999999999999998
2025-09-03,0.01642012280366278,0.9999999999999998
2025-09-04,-0.02154147353396357,0.9999999999999998
2025-09-05,0.0008318062504636401,0.9999999999999998
2025-09-06,-0.006115374452369869,0.9999999999999998
2025-09-07,0.00817395676761534,0.9999999999999998
2025-09-08,0.004194213224760878,0.9999999999999998
2025-09-09,-0.0016450193517996636,0.7142857142857142
2025-09-10,0.006288080377601454,0.42857142857142855
2025-09-11,0.002452707830884358,0.14285714285714285
2025-09-12,-0.004666644922682478,0.14285714285714285
2025-09-13,0.0020518957128152944,0.42857142857142855
2025-09-14,0.00411682842898213,0.42857142857142855
2025-09-15,0.0036917535654737293,0.42857142857142855
2025-09-16,-0.0008186533753050096,0.14285714285714285
2025-09-17,0.0009073217690119803,0.14285714285714285
2025-09-18,0.0007173921895938781,0.42857142857142855
2025-09-19,-0.013965752805087002,0.7142857142857142
2025-09-20,0.0012527771492370722,0.9999999999999998
2025-09-21,-0.005913240984302291,0.9999999999999998
2025-09-22,-0.028056936899940217,0.7142857142857142
2025-09-23,-0.003318537853814102,0.42857142857142855
2025-09-24,0.0003380984432426247,0.14285714285714285
2025-09-25,0.007226204994975257,0.14285714285714285
2025-09-26,-0.0102690956946336,0.42857142857142855
2025-09-27,0.0010833722044544577,0.7142857142857142
2025-09-28,-0.027087573679722633,0.9999999999999998
2025-09-29,-0.018367836531561595,0.9999999999999998
2025-09-30,0.006491436873209544,0.7142857142857142
2025-10-01,-0.03162819145277747,0.7142857142857142
2025-10-02,-0.01045707385767408,0.42857142857142855
2025-10-03,-0.0017316187956781318,0.14285714285714285
2025-10-04,-0.0006143028654772658,0.14285714285714285
2025-10-05,0.0029077665920915746,0.42857142857142855
2025-10-06,0.016527463881390335,0.7142857142857142
2025-10-07,-0.027546394149889707,0.7142857142857142
2025-10-08,0.0166015509374838,0.9999999999999998
2025-10-09,-0.024079628315893546,0.9999999999999998
2025-10-10,-0.09815230938531364,0.9999999999999998
2025-10-11,-0.014778486291398605,0.7142857142857142
2025-10-12,0.031246391824358725,0.42857142857142855
2025-10-13,0.001352335436899894,0.14285714285714285
2025-10-14,0.0029766814613945165,0.14285714285714285
2025-10-15,0.01124333563277169,0.42857142857142855
2025-10-16,0.016133901897491428,0.7142857142857142
2025-10-17,0.01596025061824335,0.9999999999999998
2025-10-18,-0.011070380222399985,0.9999999999999998
2025-10-19,-0.018731581497751334,0.9999999999999998
2025-10-20,-0.008218200205820666,0.9999999999999998
2025-10-21,0.023476668370603318,0.9999999999999998
2025-10-22,0.012164026181860481,0.9999999999999998
2025-10-23,-0.018305572496806352,0.9999999999999998
2025-10-24,-0.01421270236498501,0.9999999999999998
2025-10-25,-0.005219271600903059,0.9999999999999998
2025-10-26,-0.027920920643532212,0.7142857142857142
2025-10-27,0.0026153263619698563,0.42857142857142855
2025-10-28,0.002913134223808164,0.14285714285714285
2025-10-29,0.0031924645070396584,0.14285714285714285
2025-10-30,0.0028967231973767472,0.14285714285714285
2025-10-31,-0.0016366604120842667,0.14285714285714285
2025-11-01,-0.0007596615362245922,0.14285714285714285
2025-11-02,-0.0028553126370968293,0.42857142857142855
2025-11-03,0.04021723073946333,0.7142857142857142
2025-11-04,0.06777122333133402,0.9999999999999998
2025-11-05,-0.0325861843391508,0.9999999999999998
2025-11-06,0.028290267702558804,0.9999999999999998
2025-11-07,-0.027876404328323234,0.9999999999999998
2025-11-08,0.01017552652746195,0.9999999999999998
2025-11-09,-0.03834036003068513,0.9999999999999998
2025-11-10,-0.0038261612525925665,0.9999999999999998
2025-11-11,0.0350332452661786,0.9999999999999998
2025-11-12,0.00727949342349012,0.9999999999999998
2025-11-13,0.03672575388390359,0.9999999999999998
2025-11-14,0.044153015248964485,0.9999999999999998
2025-11-15,-0.014016239402210133,0.9999999999999998
2025-11-16,0.01869990911005631,0.9999999999999998
2025-11-17,0.02143233512280533,0.9999999999999998
2025-11-18,-0.018921126693617046,0.9999999999999998
2025-11-19,0.023427009129869218,0.9999999999999998
2025-11-20,0.058634749758746794,0.9999999999999998
2025-11-21,0.020870636567038553,0.9999999999999998
2025-11-22,0.0017042526810424601,0.9999999999999998
2025-11-23,-0.018134908019721844,0.9999999999999998
2025-11-24,-0.03536678005104622,0.9999999999999998
2025-11-25,0.0042697497168882135,0.9999999999999998
2025-11-26,-0.029101403534427465,0.9999999999999998
2025-11-27,-0.0027771436707924027,0.9999999999999998
2025-11-28,-0.00017056254519126824,0.9999999999999998
2025-11-29,0.007432576009394712,0.9999999999999998
2025-11-30,0.0022789354119716657,0.9999999999999998
2025-12-01,0.054716182303569366,0.9999999999999998
2025-12-02,-0.06399032449373283,0.9999999999999998
2025-12-03,-0.043836725852855946,0.9999999999999998
2025-12-04,0.01610092276720705,0.9999999999999998
2025-12-05,0.03281355395715466,0.9999999999999998
2025-12-06,-0.0020744451784692327,0.9999999999999998
2025-12-07,-0.010030984085194419,0.9999999999999998
2025-12-08,-0.011722558691880866,0.9999999999999998
2025-12-09,-0.04216753630134419,0.9999999999999998
2025-12-10,0.002804316875802524,0.9999999999999998
2025-12-11,0.010427857522670909,0.9999999999999998
2025-12-12,0.03577783530345187,0.9999999999999998
2025-12-13,-0.004506859504077088,0.9999999999999998
2025-12-14,0.019799398651163397,0.9999999999999998
2025-12-15,0.02600506919223948,0.9999999999999998
2025-12-16,-0.007786782435824258,0.9999999999999998
2025-12-17,0.031086259909616495,0.9999999999999998
2025-12-18,0.005214808455181554,0.9999999999999998
2025-12-19,-0.04181910285189615,0.9999999999999998
2025-12-20,-0.0008350729795819276,0.9999999999999998
2025-12-21,-0.004325189010673472,0.7142857142857142
2025-12-22,-0.0007019662775539278,0.42857142857142855
2025-12-23,0.001681397309606687,0.14285714285714285
2025-12-24,-0.0005730145093503317,0.14285714285714285
2025-12-25,-0.0014179949544346046,0.14285714285714285
2025-12-26,0.0007109575934294764,0.14285714285714285
2025-12-27,0.0009283700092482488,0.14285714285714285
2025-12-28,-0.0003814040499485947,0.14285714285714285
2025-12-29,0.002482487949735003,0.42857142857142855
2025-12-30,-0.00963406505270888,0.7142857142857142
2025-12-31,0.004864305331964993,0.9999999999999998
2026-01-01,-0.008920440069064537,0.7142857142857142
2026-01-02,-0.01894729751916609,0.7142857142857142
2026-01-03,-0.0025571110432977577,0.7142857142857142
2026-01-04,-0.005440315538218233,0.7142857142857142
2026-01-05,-0.011184519696635215,0.42857142857142855
2026-01-06,-0.0017894727073436412,0.14285714285714285
2026-01-07,-0.004891885509618111,0.14285714285714285
2026-01-08,-0.001605463013966389,0.14285714285714285
2026-01-09,-0.000779510754276553,0.14285714285714285
2026-01-10,-0.0001464771283976913,0.14285714285714285
2026-01-11,0.0012518698189354835,0.14285714285714285
2026-01-12,-0.0004119430530226596,0.14285714285714285
2026-01-13,0.00853034832818711,0.14285714285714285
2026-01-14,0.0017759798097895915,0.14285714285714285
2026-01-15,-0.0017635199792653423,0.14285714285714285
2026-01-16,-0.0018683834377424043,0.42857142857142855
2026-01-17,-0.00025973874621345894,0.7142857142857142
2026-01-18,-0.012054521567954753,0.9999999999999998
2026-01-19,-0.019947415110223906,0.9999999999999998
2026-01-20,-0.06182876811600495,0.9999999999999998
2026-01-21,0.008998986451453897,0.7142857142857142
2026-01-22,-0.0031233452341616497,0.7142857142857142
2026-01-23,0.0006105652878233121,0.7142857142857142
2026-01-24,-0.0018785684805765793,0.7142857142857142
2026-01-25,-0.026713626280296977,0.7142857142857142
2026-01-26,0.012475867485701982,0.42857142857142855
2026-01-27,0.0027802822500106526,0.14285714285714285
2026-01-28,-0.0013119692332295798,0.42857142857142855
2026-01-29,-0.024551132720086043,0.42857142857142855
2026-01-30,-0.0035448031303090674,0.14285714285714285
2026-01-31,0.011119541344170529,0.14285714285714285
2026-02-01,0.020336419781095395,0.42857142857142855
2026-02-02,-0.01228058161368067,0.42857142857142855
2026-02-03,0.018419591809102274,0.42857142857142855
2026-02-04,0.02564757365892139,0.7142857142857142
2026-02-05,0.1444589260751457,0.9999999999999998
2026-02-06,-0.1258726088952676,0.9999999999999998
2026-02-07,0.0033245921304853503,0.9999999999999998
2026-02-08,-0.008234865212573883,0.9999999999999998
2026-02-09,-0.0023870495872161815,0.9999999999999998
2026-02-10,0.02852780593129854,0.9999999999999998
2026-02-11,0.03272166553317895,0.9999999999999998
2026-02-12,0.004324041416750305,0.9999999999999998
2026-02-13,-0.04539136548714872,0.9999999999999998
2026-02-14,-0.016312824644271993,0.9999999999999998
2026-02-15,0.035851652047972096,0.9999999999999998
2026-02-16,-0.008604366400666471,0.9999999999999998
2026-02-17,0.011846045402870852,0.9999999999999998
2026-02-18,0.016695938972923745,0.9999999999999998
2026-02-19,-0.0024650633585783714,0.9999999999999998
2026-02-20,-0.012711596755371602,0.9999999999999998
2026-02-21,-0.0006889842998570324,0.9999999999999998
2026-02-22,0.006414915857424768,0.9999999999999998
2026-02-23,0.04781695351637759,0.9999999999999998
2026-02-24,0.005792681383342312,0.9999999999999998
2026-02-25,-0.08608912908293397,0.9999999999999998
2026-02-26,0.010961015590796026,0.9999999999999998
2026-02-27,0.03595840098627573,0.9999999999999998
2026-02-28,-0.01746437575133268,0.9999999999999998
2026-03-01,0.015315236488888504,0.9999999999999998
2026-03-02,-0.04588652558894761,0.9999999999999998
2026-03-03,0.014509639041571914,0.9999999999999998
2026-03-04,-0.06808648226836118,0.9999999999999998
2026-03-05,0.025023622839070947,0.9999999999999998
2026-03-06,0.04224674171367533,0.9999999999999998
2026-03-07,0.008500924797770544,0.9999999999999998
2026-03-08,0.012243236514521576,0.7142857142857142
2026-03-09,-0.023621440337648028,0.7142857142857142
2026-03-10,-0.01571098743603769,0.7142857142857142
2026-03-11,-0.0040085960563869295,0.7142857142857142
2026-03-12,-0.0056025444279773585,0.7142857142857142
2026-03-13,-0.0034022106271048977,0.42857142857142855
2026-03-14,-0.0007327407195208221,0.14285714285714285
2026-03-15,-0.004398866359918273,0.14285714285714285
2026-03-16,0.007457963446838592,0.14285714285714285
2026-03-17,-0.00633205546993377,0.42857142857142855
2026-03-18,-0.030734767630203226,0.7142857142857142
2026-03-19,-0.0244186695800849,0.9999999999999998
2026-03-20,0.006114430889675225,0.9999999999999998
2026-03-21,-0.025586024333052897,0.9999999999999998
2026-03-22,-0.015108859827741735,0.9999999999999998
2026-03-23,0.046342979745850096,0.9999999999999998
2026-03-24,-0.0014924962486220215,0.9999999999999998
2026-03-25,0.008494135337457907,0.9999999999999998
2026-03-26,-0.04266830785971103,0.9999999999999998
2026-03-27,-0.03395270943635564,0.9999999999999998
2026-03-28,-0.00010777676426981133,0.7142857142857142
2026-03-29,-0.0025658390062841315,0.42857142857142855
2026-03-30,0.007069435764826342,0.42857142857142855
2026-03-31,0.01311903844045998,0.42857142857142855
2026-04-01,0.003018804379292837,0.42857142857142855
2026-04-02,-0.012139462004422293,0.42857142857142855
2026-04-03,-0.00014940639896618026,0.42857142857142855
2026-04-04,0.002294245098548935,0.42857142857142855
2026-04-05,0.010153560441570928,0.42857142857142855
2026-04-06,-0.0008660061218834304,0.42857142857142855
2026-04-07,0.0230662275861805,0.42857142857142855
2026-04-08,-0.007329307134326343,0.42857142857142855
2026-04-09,0.0021816545756350326,0.42857142857142855
2026-04-10,0.008876970647153362,0.42857142857142855
2026-04-11,0.00644742444806729,0.7142857142857142
2026-04-12,-0.03648395267334312,0.9999999999999998
2026-04-13,0.06655280194496425,0.9999999999999998
2026-04-14,-0.01184669352832862,0.9999999999999998
2026-04-15,0.012649324985941842,0.9999999999999998
2026-04-16,-0.00019472974733425463,0.9999999999999998
2026-04-17,0.027842772326833402,0.9999999999999998
2026-04-18,-0.02314817010305458,0.9999999999999998
2026-04-19,-0.031003258306316277,0.9999999999999998
2026-04-20,0.02498480786723089,0.9999999999999998
2026-04-21,0.006140699607306897,0.9999999999999998
2026-04-22,0.022148731482845567,0.9999999999999998
2026-04-23,-0.00871981336047317,0.9999999999999998
2026-04-24,-0.008522087717516778,0.9999999999999998
2026-04-25,0.00218713906133805,0.9999999999999998
2026-04-26,0.017420494504702285,0.9999999999999998
2026-04-27,-0.022059106830647372,0.9999999999999998
2026-04-28,-0.00973751203583489,0.9999999999999998
2026-04-29,-0.011661694933605134,0.9999999999999998
2026-04-30,0.00476144720588345,0.9999999999999998
2026-05-01,0.020785002651524158,0.9999999999999998
2026-05-02,0.0075605489166812295,0.9999999999999998
2026-05-03,0.0004742789506560485,0.9999999999999998
2026-05-04,0.013503306224376784,0.9999999999999998
2026-05-05,0.00943458740950731,0.9999999999999998
2026-05-06,0.0012453536809331474,0.9999999999999998
2026-05-07,-0.021560908014409068,0.9999999999999998
2026-05-08,0.004663803136338184,0.9999999999999998
2026-05-09,0.007221180092478073,0.9999999999999998
2026-05-10,0.01912731265675149,0.9999999999999998
2026-05-11,-0.009441267729601131,0.9999999999999998
2026-05-12,-0.021462148605016933,0.9999999999999998
2026-05-13,-0.0109808979198408,0.9999999999999998
2026-05-14,0.016644226143086024,0.9999999999999998
2026-05-15,-0.025023644664108606,0.9999999999999998
2026-05-16,-0.011701449531446797,0.7142857142857142
2026-05-17,-0.0070835296527243605,0.42857142857142855
2026-05-18,-0.0007511498210213382,0.14285714285714285
2026-05-19,0.0004888891449271477,0.14285714285714285
2026-05-20,-0.004010275759444349,0.42857142857142855
2026-05-21,-0.0012005444883581471,0.7142857142857142
2026-05-22,0.029042426804526195,0.9999999999999998
2026-05-23,-0.0204360399958452,0.9999999999999998
2026-05-24,0.0023802665123178043,0.9999999999999998
2026-05-25,-0.004613239995590626,0.9999999999999998
2026-05-26,0.018457550293182825,0.9999999999999998
2026-05-27,0.021690347385892778,0.9999999999999998
2026-05-28,0.009533042743593465,0.9999999999999998
2026-05-29,7.643664764363128e-05,0.9999999999999998
2026-05-30,-0.004657306509945977,0.9999999999999998
2026-05-31,0.005336138494966953,0.9999999999999998
2026-06-01,0.01575474843252972,0.9999999999999998
2026-06-02,0.0692948962085758,0.9999999999999998
2026-06-03,0.032395205829135014,0.9999999999999998
2026-06-04,0.013790196156494612,0.9999999999999998
2026-06-05,0.07493910727400699,0.9999999999999998
2026-06-06,0.0057174629232565125,0.9999999999999998
2026-06-07,-0.05868775095394103,0.9999999999999998
2026-06-08,0.0018800952024443812,0.9999999999999998
2026-06-09,0.025812381024449566,0.9999999999999998
2026-06-10,0.007155144028176287,0.9999999999999998
2026-06-11,-0.03318313090392609,0.9999999999999998
2026-06-12,0.0024646238760961526,0.9999999999999998
2026-06-13,-0.011300301534646309,0.9999999999999998
2026-06-14,-0.023291616973318358,0.9999999999999998
2026-06-15,-0.02481385461890506,0.9999999999999998
2026-06-16,0.005803105599464104,0.9999999999999998
2026-06-17,0.02068177076442414,0.9999999999999998
2026-06-18,0.02335645843705316,0.9999999999999998
2026-06-19,-0.004596961469689851,0.9999999999999998
2026-06-20,-0.014545503021682579,0.9999999999999998
2026-06-21,0.01757692955465957,0.9999999999999998
2026-06-22,-0.011770740093336786,0.9999999999999998
2026-06-23,0.027718532775954423,0.9999999999999998
2026-06-24,0.02673559974027016,0.9999999999999998
2026-06-25,0.02722843200270423,0.9999999999999998
2026-06-26,-0.005868836179645764,0.9999999999999998
2026-06-27,0.002090498646773628,0.9999999999999998
2026-06-28,0.004436686859002656,0.9999999999999998
2026-06-29,-0.018649433896974668,0.9999999999999998
2026-06-30,0.026455537431285637,0.9999999999999998
2026-07-01,-0.02375893897594518,0.9999999999999998
2026-07-02,-0.04085335255075655,0.9999999999999998
2026-07-03,-0.025017632673388586,0.9999999999999998
2026-07-04,-0.010694353280838932,0.9999999999999998
2026-07-05,-0.005104641731990671,0.9999999999999998
2026-07-06,-0.005124712069356332,0.7142857142857142
2026-07-07,0.005375371112412611,0.42857142857142855
2026-07-08,0.0020562135128227824,0.14285714285714285
2026-07-09,0.0008442743693804871,0.14285714285714285
2026-07-10,0.009203230889733514,0.42857142857142855
2026-07-11,-0.004014357081055536,0.7142857142857142
2026-07-12,0.004719469629026606,0.9999999999999998
2026-07-13,-0.019658641689008324,0.9999999999999998
2026-07-14,0.054141518015485154,0.9999999999999998
2026-07-15,0.004657208132165245,0.9999999999999998
2026-07-16,-0.02100709355297197,0.9999999999999998
2026-07-17,-0.005310663829192373,0.9999999999999998
2026-07-18,0.01266956189255308,0.9999999999999998
2026-07-19,0.0017239627618623186,0.9999999999999998
2026-07-20,0.012804721302092089,0.9999999999999998
2026-07-21,0.016612220238714667,0.9999999999999998
2026-07-22,-0.002237614701638634,0.9999999999999998
2026-07-23,-0.022124810275752575,0.9999999999999998
2026-07-24,-0.011874757933254262,0.9999999999999998
2026-07-25,0.005442116410514506,0.9999999999999998
2026-07-26,0.02925311549851272,0.9999999999999998
2026-07-27,-0.0284775268532168,0.9999999999999998
2026-07-28,0.009092039329701927,0.9999999999999998
2026-07-29,-0.002449284905413961,0.9999999999999998
2026-07-30,0.008207024233838787,0.9999999999999998
2026-07-31,-0.02912754801686928,0.9999999999999998
2026-08-01,-0.005248671380815916,0.9999999999999998
2026-08-02,0.01689163598548193,0.9999999999999998
2026-08-03,-0.006986251189739166,0.9999999999999998
2026-08-04,0.0071002531880463,0.9999999999999998
2026-08-05,0.014832229460009169,0.9999999999999998
2026-08-06,-0.0039014086426731867,0.9999999999999998
2026-08-07,0.007310276046171403,0.9999999999999998
2026-08-08,0.000972125594649653,0.9999999999999998
2026-08-09,-0.002060813043884224,0.9999999999999998
2026-08-10,-0.01698766314740485,0.9999999999999998
2026-08-11,-0.00037751263302637783,0.9999999999999998
2026-08-12,-0.001681901747481895,0.9999999999999998
2026-08-13,0.0017772868573396878,0.9999999999999998
2026-08-14,-0.0035659329620323452,0.7142857142857142
2026-08-15,-0.00010561865393746679,0.42857142857142855
2026-08-16,-0.0007621546219183029,0.14285714285714285
2026-08-17,0.0032842550654488584,0.14285714285714285
2026-08-18,0.00037298179900786225,0.14285714285714285
2026-08-19,0.017561997871423554,0.14285714285714285
2026-08-20,0.006150649554554577,0.14285714285714285
2026-08-21,0.03273414034675543,0.42857142857142855
2026-08-22,-0.01935879497177996,0.7142857142857142
2026-08-23,0.012400282146677063,0.9999999999999998
2026-08-24,0.011930686351959593,0.9999999999999998
2026-08-25,-0.010859865910622156,0.9999999999999998
2026-08-26,0.01621235021333167,0.9999999999999998
2026-08-27,0.00858589897768802,0.9999999999999998
2026-08-28,-0.028547077796905566,0.9999999999999998
2026-08-29,0.005512880339313296,0.9999999999999998
2026-08-30,-0.011798968580333077,0.9999999999999998
2026-08-31,0.016287371960537308,0.9999999999999998
2026-09-01,-0.01720887709010138,0.9999999999999998
2026-09-02,-0.0061527785285518935,0.9999999999999998
2026-09-03,0.04957231500420255,0.9999999999999998
2026-09-04,-0.0201998567480916,0.9999999999999998
2026-09-05,0.006055137179734048,0.9999999999999998
2026-09-06,0.010078883500301169,0.9999999999999998
2026-09-07,-0.01248972399734782,0.9999999999999998
2026-09-08,-0.005169307543241241,0.9999999999999998
2026-09-09,-0.004358279947613507,0.9999999999999998
2026-09-10,-0.01714662826098212,0.9999999999999998
2026-09-11,0.020319940558060186,0.9999999999999998
2026-09-12,0.0022268928182055388,0.9999999999999998
2026-09-13,-0.012489421456521486,0.9999999999999998
2026-09-14,0.016561379114383042,0.9999999999999998
2026-09-15,-0.0396180409833558,0.9999999999999998
2026-09-16,0.00788126256521948,0.9999999999999998
2026-09-17,0.0073846529880303696,0.9999999999999998
2026-09-18,0.06290909652374764,0.9999999999999998
2026-09-19,0.006198777453067182,0.9999999999999998
2026-09-20,0.0019329339710953404,0.9999999999999998
2026-09-21,0.0582787785066725,0.9999999999999998
2026-09-22,-0.006439879732359542,0.9999999999999998
2026-09-23,-0.023019627988534512,0.9999999999999998
2026-09-24,0.0007006518882420875,0.9999999999999998
2026-09-25,-0.0011755041303133091,0.9999999999999998
2026-09-26,0.0028553777222565238,0.9999999999999998
2026-09-27,-0.0011937981550821373,0.9999999999999998
2026-09-28,-0.005742227040081315,0.9999999999999998
2026-09-29,-0.001015440682015034,0.9999999999999998
2026-09-30,0.0012597936138297734,0.9999999999999998
2026-10-01,0.011313770248250306,0.9999999999999998
2026-10-02,-0.009123474564515786,0.9999999999999998
2026-10-03,0.0048879631587777075,0.9999999999999998
